{"type":"FeatureCollection","features":[{"type":"Feature","properties":{"sigun":"광주 동구"},"geometry":{"type":"Polygon","coordinates":[[[126.9131,35.1571],[126.9125,35.1557],[126.9073,35.1515],[126.9169,35.142],[126.9249,35.1328],[126.9262,35.1301],[126.9276,35.1293],[126.9274,35.1279],[126.9299,35.1262],[126.9243,35.1247],[126.9246,35.1237],[126.9227,35.1225],[126.9229,35.121],[126.9201,35.1194],[126.9189,35.1177],[126.9121,35.1157],[126.9131,35.1148],[126.9123,35.1127],[126.9125,35.1105],[126.9142,35.1087],[126.914,35.1063],[126.9148,35.1048],[126.9175,35.1023],[126.9211,35.0971],[126.9192,35.0915],[126.9209,35.0913],[126.9239,35.0884],[126.9241,35.0861],[126.9276,35.0804],[126.9316,35.0782],[126.9325,35.0763],[126.9324,35.0744],[126.9469,35.0726],[126.9518,35.073],[126.9586,35.0789],[126.9585,35.0827],[126.9632,35.0875],[126.9667,35.0896],[126.9742,35.0918],[126.9802,35.0922],[126.9883,35.095],[126.9888,35.1013],[126.9864,35.1059],[126.9893,35.1107],[126.9979,35.112],[126.9976,35.1146],[126.9937,35.1201],[126.9935,35.1222],[126.9879,35.1287],[126.9849,35.1347],[126.9782,35.1385],[126.9737,35.1378],[126.9704,35.1364],[126.9684,35.1365],[126.9616,35.1406],[126.9552,35.1408],[126.9544,35.1422],[126.9569,35.144],[126.9549,35.1489],[126.9554,35.152],[126.9514,35.1541],[126.9475,35.1545],[126.9447,35.1559],[126.9435,35.1589],[126.9395,35.159],[126.9392,35.1617],[126.9351,35.1617],[126.9307,35.1602],[126.9281,35.1625],[126.9163,35.1655],[126.9131,35.1571]]]}},{"type":"Feature","properties":{"sigun":"광주 서구"},"geometry":{"type":"Polygon","coordinates":[[[126.8965,35.1522],[126.9009,35.1524],[126.9031,35.1496],[126.9055,35.1483],[126.91,35.149],[126.8983,35.1584],[126.8928,35.1607],[126.8883,35.1615],[126.8842,35.1685],[126.8843,35.1697],[126.878,35.171],[126.8756,35.1705],[126.8757,35.1714],[126.86,35.1723],[126.8428,35.1762],[126.8399,35.1786],[126.8387,35.1783],[126.8376,35.1766],[126.8374,35.1707],[126.8312,35.1695],[126.8276,35.1679],[126.8245,35.1647],[126.8244,35.1632],[126.8262,35.1605],[126.8252,35.1579],[126.8252,35.1537],[126.8282,35.1508],[126.829,35.1489],[126.8297,35.1415],[126.8243,35.1353],[126.8216,35.1348],[126.8189,35.1322],[126.8194,35.1293],[126.8221,35.1266],[126.821,35.1243],[126.8169,35.1212],[126.8168,35.1186],[126.8178,35.1178],[126.8167,35.1166],[126.8099,35.1167],[126.8094,35.1123],[126.8029,35.1123],[126.8065,35.1027],[126.8053,35.102],[126.8032,35.1028],[126.8008,35.1008],[126.8004,35.0978],[126.803,35.0925],[126.8059,35.0958],[126.8111,35.0916],[126.812,35.0915],[126.8157,35.0937],[126.8201,35.091],[126.8295,35.0954],[126.8314,35.0981],[126.8367,35.0986],[126.8381,35.1023],[126.8412,35.1008],[126.844,35.104],[126.8559,35.1069],[126.8573,35.1059],[126.8606,35.1064],[126.8613,35.1073],[126.8595,35.1084],[126.8606,35.1093],[126.8655,35.1094],[126.866,35.1106],[126.8706,35.1107],[126.8682,35.113],[126.8708,35.1139],[126.8696,35.1158],[126.8732,35.1183],[126.8738,35.12],[126.8771,35.1175],[126.8827,35.1155],[126.8877,35.117],[126.8884,35.1217],[126.8868,35.1304],[126.8876,35.1321],[126.8857,35.1363],[126.8831,35.1385],[126.8852,35.1398],[126.8856,35.1414],[126.8879,35.142],[126.8883,35.1428],[126.8854,35.1466],[126.8922,35.1494],[126.8965,35.1522]]]}},{"type":"Feature","properties":{"sigun":"광주 남구"},"geometry":{"type":"Polygon","coordinates":[[[126.9175,35.1413],[126.91,35.149],[126.9055,35.1483],[126.9031,35.1496],[126.9009,35.1524],[126.8973,35.1524],[126.8943,35.1513],[126.8922,35.1494],[126.8854,35.1466],[126.8883,35.1428],[126.8879,35.142],[126.8856,35.1414],[126.8852,35.1398],[126.8831,35.1385],[126.8857,35.1363],[126.8876,35.1321],[126.8868,35.1304],[126.8884,35.1217],[126.8877,35.117],[126.8827,35.1155],[126.8771,35.1175],[126.8738,35.12],[126.8732,35.1183],[126.8696,35.1158],[126.8708,35.1139],[126.8682,35.113],[126.8706,35.1107],[126.866,35.1106],[126.8655,35.1094],[126.8606,35.1093],[126.8595,35.1084],[126.8613,35.1073],[126.8606,35.1064],[126.8573,35.1059],[126.8559,35.1069],[126.844,35.104],[126.8412,35.1008],[126.8381,35.1023],[126.8367,35.0986],[126.8314,35.0981],[126.8295,35.0954],[126.8201,35.091],[126.8157,35.0937],[126.812,35.0915],[126.8111,35.0916],[126.8059,35.0958],[126.802,35.0913],[126.7967,35.0886],[126.7865,35.0755],[126.7827,35.0726],[126.773,35.071],[126.7661,35.0677],[126.7615,35.0689],[126.7572,35.0686],[126.7534,35.0663],[126.7528,35.0645],[126.7556,35.0625],[126.757,35.0595],[126.7609,35.063],[126.7663,35.0651],[126.7687,35.0649],[126.769,35.0622],[126.7675,35.0596],[126.7672,35.0568],[126.7701,35.0546],[126.7757,35.0533],[126.78,35.0534],[126.7823,35.0544],[126.7952,35.0612],[126.797,35.0591],[126.7982,35.0593],[126.8011,35.0574],[126.8029,35.0552],[126.8037,35.0524],[126.8142,35.0534],[126.819,35.0525],[126.8222,35.0599],[126.8268,35.0624],[126.8302,35.0621],[126.8363,35.064],[126.8371,35.0658],[126.8429,35.0653],[126.8479,35.0707],[126.848,35.072],[126.8532,35.0737],[126.8557,35.0781],[126.8606,35.0787],[126.8624,35.0768],[126.8654,35.0752],[126.8718,35.0743],[126.8811,35.0788],[126.8851,35.0815],[126.8921,35.0782],[126.8954,35.0808],[126.9014,35.0809],[126.9055,35.0821],[126.9099,35.0865],[126.9108,35.0885],[126.9167,35.0912],[126.9192,35.0915],[126.9211,35.0971],[126.914,35.1063],[126.9142,35.1087],[126.9125,35.1105],[126.9123,35.1127],[126.9131,35.1148],[126.9121,35.1157],[126.9189,35.1177],[126.9201,35.1194],[126.9229,35.121],[126.9227,35.1225],[126.9246,35.1237],[126.9243,35.1247],[126.9299,35.1262],[126.9274,35.1279],[126.9276,35.1293],[126.9262,35.1301],[126.9249,35.1328],[126.9175,35.1413]]]}},{"type":"Feature","properties":{"sigun":"광주 북구"},"geometry":{"type":"Polygon","coordinates":[[[126.913,35.1571],[126.9163,35.1655],[126.9281,35.1625],[126.9307,35.1602],[126.9351,35.1617],[126.9392,35.1617],[126.9395,35.159],[126.9435,35.1589],[126.9447,35.1559],[126.9475,35.1545],[126.9514,35.1541],[126.9554,35.152],[126.9549,35.1489],[126.9569,35.144],[126.9544,35.1422],[126.9552,35.1408],[126.9616,35.1406],[126.9684,35.1365],[126.9704,35.1364],[126.9737,35.1378],[126.9782,35.1385],[126.9849,35.1347],[126.9879,35.1287],[126.9935,35.1222],[126.9937,35.1201],[126.9976,35.1146],[127.0,35.1172],[127.003,35.1188],[127.004,35.1221],[127.0091,35.1244],[127.0111,35.1387],[127.0075,35.1436],[127.008,35.1475],[127.0101,35.1497],[127.008,35.1549],[127.0137,35.1614],[127.0126,35.1629],[127.0135,35.1649],[127.0208,35.1673],[127.0215,35.1735],[127.018,35.175],[127.0166,35.1794],[127.0123,35.1807],[127.0072,35.185],[126.9996,35.1884],[126.9849,35.1884],[126.9837,35.1874],[126.9848,35.1861],[126.9823,35.1839],[126.9749,35.1865],[126.9721,35.1852],[126.9718,35.1797],[126.9687,35.1809],[126.9594,35.1912],[126.9586,35.1932],[126.964,35.1993],[126.9663,35.2006],[126.9659,35.2027],[126.9651,35.2037],[126.9629,35.2034],[126.9564,35.2076],[126.9509,35.2153],[126.9489,35.2188],[126.9495,35.2228],[126.9519,35.225],[126.9479,35.2307],[126.9441,35.2312],[126.9417,35.236],[126.9337,35.24],[126.9326,35.2415],[126.9338,35.2443],[126.9337,35.247],[126.9309,35.2514],[126.926,35.253],[126.9206,35.2536],[126.9166,35.2568],[126.9095,35.2588],[126.9057,35.2589],[126.9014,35.2564],[126.8982,35.2528],[126.8925,35.2506],[126.8897,35.247],[126.8876,35.2463],[126.879,35.2481],[126.8786,35.2496],[126.8796,35.2515],[126.8782,35.2513],[126.8735,35.2494],[126.87,35.2463],[126.8664,35.2463],[126.8624,35.2452],[126.8615,35.2441],[126.8611,35.2416],[126.8588,35.2397],[126.8504,35.2373],[126.8484,35.2357],[126.8466,35.2374],[126.8443,35.2367],[126.8449,35.2347],[126.841,35.2343],[126.8398,35.2328],[126.8403,35.2313],[126.8387,35.2299],[126.8354,35.23],[126.8352,35.2287],[126.8382,35.2238],[126.8447,35.2257],[126.846,35.2219],[126.8529,35.2219],[126.8531,35.218],[126.857,35.2176],[126.8537,35.2145],[126.8527,35.2121],[126.8525,35.2107],[126.8544,35.2085],[126.8552,35.2056],[126.8551,35.2006],[126.8521,35.1983],[126.8522,35.1969],[126.8586,35.1946],[126.8605,35.1857],[126.8579,35.1827],[126.8561,35.182],[126.8526,35.1823],[126.8502,35.1795],[126.8471,35.1795],[126.845,35.1821],[126.8414,35.1818],[126.8387,35.1783],[126.8399,35.1786],[126.8428,35.1762],[126.86,35.1723],[126.8757,35.1714],[126.8756,35.1705],[126.878,35.171],[126.8843,35.1697],[126.8842,35.1685],[126.8883,35.1615],[126.8928,35.1607],[126.8983,35.1584],[126.9073,35.1515],[126.9125,35.1557],[126.913,35.1571]]]}},{"type":"Feature","properties":{"sigun":"광주 광산구"},"geometry":{"type":"Polygon","coordinates":[[[126.8029,35.1123],[126.8094,35.1123],[126.8099,35.1167],[126.8167,35.1166],[126.8178,35.1178],[126.8168,35.1186],[126.8169,35.1212],[126.821,35.1243],[126.8221,35.1266],[126.8194,35.1293],[126.8189,35.1322],[126.8216,35.1348],[126.8243,35.1353],[126.8295,35.1408],[126.829,35.1489],[126.8282,35.1508],[126.8252,35.1537],[126.8252,35.1579],[126.8262,35.1605],[126.8244,35.1632],[126.8252,35.1656],[126.8276,35.1679],[126.8309,35.1694],[126.8374,35.1707],[126.8376,35.1766],[126.8414,35.1818],[126.845,35.1821],[126.8471,35.1795],[126.8502,35.1795],[126.8526,35.1823],[126.8561,35.182],[126.8579,35.1827],[126.8605,35.1857],[126.8586,35.1946],[126.8522,35.1969],[126.8521,35.1983],[126.8551,35.2006],[126.8552,35.2056],[126.8544,35.2085],[126.8525,35.2107],[126.8527,35.2121],[126.8537,35.2145],[126.857,35.2176],[126.8531,35.218],[126.8529,35.2219],[126.846,35.2219],[126.8447,35.2257],[126.8382,35.2238],[126.8352,35.2287],[126.8334,35.2284],[126.83,35.2305],[126.8253,35.2318],[126.8243,35.2307],[126.8251,35.2276],[126.8239,35.2256],[126.8199,35.2262],[126.8178,35.2238],[126.8157,35.2247],[126.8132,35.2227],[126.8118,35.2227],[126.8104,35.2212],[126.806,35.2193],[126.8054,35.2183],[126.8044,35.2214],[126.8021,35.221],[126.8011,35.2197],[126.7953,35.2199],[126.7899,35.2239],[126.7886,35.2242],[126.7877,35.2232],[126.7814,35.2248],[126.777,35.2282],[126.7755,35.2307],[126.7718,35.2309],[126.7704,35.2328],[126.7667,35.2325],[126.7605,35.234],[126.7576,35.2336],[126.7555,35.2344],[126.754,35.2365],[126.7552,35.2412],[126.7548,35.2422],[126.7596,35.2461],[126.761,35.2479],[126.7617,35.2514],[126.7639,35.2543],[126.7633,35.2566],[126.7612,35.2584],[126.7578,35.2584],[126.755,35.2565],[126.7527,35.2569],[126.7493,35.256],[126.7483,35.2532],[126.7416,35.2509],[126.7372,35.2521],[126.7304,35.244],[126.7294,35.2377],[126.7256,35.2348],[126.7224,35.2281],[126.7198,35.2269],[126.7186,35.2219],[126.7209,35.2188],[126.7203,35.216],[126.7188,35.2157],[126.7182,35.2147],[126.7187,35.2132],[126.7178,35.2119],[126.7107,35.2124],[126.7026,35.2078],[126.6952,35.2106],[126.6918,35.2132],[126.6906,35.2153],[126.6873,35.2154],[126.6838,35.21],[126.6806,35.2076],[126.681,35.2062],[126.68,35.204],[126.6785,35.2036],[126.6774,35.2014],[126.6781,35.1985],[126.6765,35.196],[126.6779,35.1937],[126.6775,35.1911],[126.6757,35.1908],[126.6721,35.1942],[126.6697,35.1945],[126.6682,35.1927],[126.6668,35.1933],[126.6636,35.1925],[126.6618,35.1938],[126.6597,35.1926],[126.6584,35.1928],[126.6562,35.1941],[126.6531,35.1924],[126.6582,35.1861],[126.6637,35.1823],[126.6625,35.1805],[126.665,35.1793],[126.6682,35.1751],[126.671,35.175],[126.6719,35.1721],[126.671,35.1694],[126.6643,35.1684],[126.6629,35.1675],[126.6628,35.1664],[126.6573,35.1666],[126.654,35.1646],[126.6537,35.1612],[126.6555,35.1589],[126.6515,35.1547],[126.6536,35.153],[126.6507,35.1501],[126.6508,35.1482],[126.649,35.1471],[126.6447,35.1466],[126.6479,35.1439],[126.6535,35.1437],[126.6528,35.1409],[126.6548,35.1367],[126.6532,35.1271],[126.6517,35.1249],[126.6526,35.1222],[126.6515,35.1205],[126.6518,35.1196],[126.655,35.1179],[126.6552,35.115],[126.6571,35.1134],[126.6634,35.1148],[126.6666,35.1125],[126.6692,35.1121],[126.6689,35.1079],[126.6671,35.1066],[126.6677,35.1051],[126.6695,35.1045],[126.6765,35.1048],[126.68,35.1075],[126.6841,35.1077],[126.6851,35.1083],[126.6834,35.1115],[126.6851,35.1121],[126.6907,35.1109],[126.6924,35.1082],[126.6935,35.109],[126.6958,35.1076],[126.6982,35.1079],[126.7,35.109],[126.7017,35.1124],[126.7055,35.1129],[126.7088,35.1094],[126.7157,35.1107],[126.7193,35.1084],[126.7284,35.1073],[126.7312,35.1081],[126.7306,35.1121],[126.7325,35.1129],[126.7343,35.1113],[126.7355,35.1079],[126.7384,35.1076],[126.743,35.1053],[126.7467,35.1023],[126.7477,35.1026],[126.7488,35.1018],[126.751,35.0969],[126.7539,35.0933],[126.754,35.0919],[126.762,35.091],[126.7617,35.0885],[126.7635,35.0868],[126.7628,35.0863],[126.7634,35.0844],[126.7658,35.0831],[126.7647,35.0786],[126.7686,35.0738],[126.7706,35.0728],[126.7709,35.07],[126.773,35.071],[126.7827,35.0726],[126.7865,35.0755],[126.7967,35.0886],[126.803,35.0925],[126.8004,35.0978],[126.8008,35.1008],[126.8032,35.1028],[126.8053,35.102],[126.8065,35.1027],[126.8029,35.1123]]]}},{"type":"Feature","properties":{"sigun":"목포시"},"geometry":{"type":"MultiPolygon","coordinates":[[[[126.3865,34.8296],[126.3821,34.8281],[126.3756,34.8213],[126.3701,34.8134],[126.3624,34.8067],[126.3645,34.8046],[126.3646,34.8033],[126.3616,34.8002],[126.36,34.7996],[126.3568,34.8022],[126.358,34.8038],[126.3497,34.7965],[126.355,34.7947],[126.3556,34.7954],[126.3662,34.7886],[126.3678,34.7866],[126.3689,34.7808],[126.3735,34.7798],[126.3816,34.7806],[126.3824,34.7794],[126.3845,34.7806],[126.3884,34.7856],[126.3899,34.7853],[126.3875,34.7805],[126.3885,34.7801],[126.3889,34.7813],[126.4004,34.7832],[126.4026,34.7856],[126.4041,34.7843],[126.4144,34.7884],[126.4121,34.791],[126.4135,34.7924],[126.4202,34.7911],[126.4251,34.7922],[126.427,34.7938],[126.4301,34.7941],[126.4415,34.7994],[126.445,34.7932],[126.4447,34.7924],[126.448,34.7945],[126.4588,34.7934],[126.4619,34.8],[126.4586,34.8008],[126.4594,34.8086],[126.4579,34.8081],[126.455,34.8105],[126.4544,34.8176],[126.4519,34.8187],[126.4383,34.8211],[126.4392,34.8339],[126.4383,34.8366],[126.4364,34.8377],[126.4278,34.8379],[126.4251,34.8389],[126.4191,34.8444],[126.4121,34.8439],[126.4124,34.8427],[126.4087,34.8425],[126.401,34.8427],[126.401,34.8443],[126.4001,34.8444],[126.4004,34.8419],[126.3966,34.8382],[126.3881,34.8369],[126.3882,34.8339],[126.3865,34.8296]]],[[[126.3269,34.785],[126.3258,34.7864],[126.3257,34.7883],[126.3239,34.7892],[126.3157,34.7838],[126.3152,34.7813],[126.3144,34.7809],[126.3086,34.7824],[126.3058,34.7763],[126.305,34.772],[126.3051,34.768],[126.3067,34.7642],[126.3106,34.7615],[126.3179,34.7591],[126.3198,34.7592],[126.321,34.7606],[126.3209,34.7647],[126.3219,34.7683],[126.3242,34.7717],[126.3279,34.7748],[126.3315,34.7847],[126.3269,34.785]]],[[[126.3313,34.7949],[126.3346,34.7963],[126.3371,34.799],[126.3331,34.8036],[126.3339,34.8053],[126.3293,34.8152],[126.3275,34.816],[126.3235,34.8156],[126.3175,34.8135],[126.3158,34.8113],[126.3141,34.8051],[126.3145,34.7991],[126.3133,34.7932],[126.3156,34.7923],[126.3181,34.7947],[126.323,34.7953],[126.33,34.7944],[126.3313,34.7949]]],[[[126.3632,34.7757],[126.3569,34.781],[126.3559,34.7852],[126.3551,34.7853],[126.3555,34.7784],[126.3581,34.7754],[126.3598,34.7749],[126.3608,34.7696],[126.3649,34.765],[126.3649,34.7637],[126.3627,34.7598],[126.3488,34.7596],[126.3489,34.7502],[126.3513,34.7483],[126.3532,34.7509],[126.3551,34.7503],[126.3566,34.7476],[126.36,34.7448],[126.3605,34.7474],[126.3587,34.7494],[126.3584,34.7525],[126.362,34.7516],[126.3643,34.7598],[126.3654,34.7599],[126.3687,34.7569],[126.3722,34.7583],[126.3734,34.7619],[126.3728,34.765],[126.3757,34.7705],[126.3713,34.7735],[126.3676,34.7748],[126.3654,34.7744],[126.3632,34.7757]]],[[[126.2964,34.776],[126.3002,34.7768],[126.3016,34.7806],[126.2963,34.7841],[126.2945,34.7834],[126.2939,34.7813],[126.2902,34.7779],[126.2964,34.776]]],[[[126.34,34.7948],[126.3377,34.7937],[126.3333,34.7872],[126.3343,34.787],[126.3341,34.7879],[126.335,34.7881],[126.3373,34.7865],[126.3382,34.7851],[126.3379,34.7826],[126.3388,34.7819],[126.3406,34.7931],[126.3406,34.7948],[126.34,34.7948]]],[[[126.3313,34.7949],[126.3326,34.7898],[126.3333,34.7937],[126.3313,34.7949]]],[[[126.3179,34.7907],[126.3158,34.7896],[126.316,34.7884],[126.3181,34.7896],[126.3185,34.7905],[126.3179,34.7907]]]]}},{"type":"Feature","properties":{"sigun":"여수시"},"geometry":{"type":"MultiPolygon","coordinates":[[[[127.5559,34.8077],[127.5607,34.8025],[127.5581,34.7983],[127.5586,34.7963],[127.5611,34.7933],[127.5652,34.7926],[127.5666,34.7911],[127.5678,34.7883],[127.5677,34.7855],[127.5695,34.7826],[127.5726,34.7839],[127.5728,34.7823],[127.5705,34.7788],[127.5635,34.7806],[127.5593,34.7785],[127.5594,34.7773],[127.5622,34.7766],[127.5645,34.7771],[127.5697,34.7765],[127.5751,34.7699],[127.5737,34.7642],[127.5718,34.7617],[127.572,34.7603],[127.5792,34.7609],[127.5816,34.769],[127.5831,34.7688],[127.5851,34.7673],[127.5902,34.7565],[127.5891,34.7537],[127.5841,34.7503],[127.5866,34.7491],[127.5894,34.751],[127.5922,34.7504],[127.5938,34.7487],[127.6035,34.7446],[127.6039,34.7434],[127.6018,34.744],[127.5936,34.7438],[127.585,34.7464],[127.5826,34.7456],[127.5828,34.7398],[127.5778,34.7389],[127.5775,34.737],[127.5797,34.7357],[127.5786,34.733],[127.5671,34.7281],[127.5657,34.7287],[127.5659,34.7301],[127.5611,34.732],[127.5594,34.728],[127.5604,34.7271],[127.5634,34.7278],[127.564,34.7264],[127.5638,34.7242],[127.5549,34.7187],[127.5525,34.7196],[127.5509,34.7177],[127.5482,34.7128],[127.5484,34.7111],[127.5513,34.7111],[127.5543,34.7132],[127.5557,34.7123],[127.556,34.7085],[127.5551,34.7055],[127.5536,34.704],[127.5531,34.7006],[127.5554,34.7002],[127.5579,34.7018],[127.5595,34.7038],[127.5592,34.7074],[127.5617,34.7081],[127.5624,34.7069],[127.5622,34.7041],[127.5641,34.7013],[127.566,34.7005],[127.568,34.7031],[127.5696,34.7039],[127.5721,34.7037],[127.5771,34.7006],[127.5812,34.6937],[127.5804,34.6936],[127.5737,34.699],[127.5685,34.6998],[127.5633,34.6987],[127.5595,34.7004],[127.5582,34.6996],[127.5562,34.6961],[127.5584,34.6953],[127.5583,34.6938],[127.5527,34.6937],[127.5507,34.6892],[127.551,34.683],[127.5503,34.6818],[127.5555,34.6772],[127.5568,34.6773],[127.5564,34.6788],[127.5578,34.6789],[127.5628,34.6768],[127.5635,34.6752],[127.5603,34.6709],[127.5575,34.6717],[127.5524,34.6693],[127.551,34.6647],[127.5534,34.6585],[127.5552,34.657],[127.5569,34.6578],[127.5601,34.6576],[127.5677,34.6501],[127.5701,34.6436],[127.5743,34.64],[127.5746,34.6356],[127.5802,34.6307],[127.5828,34.6308],[127.5798,34.6364],[127.5763,34.6404],[127.5749,34.6478],[127.5773,34.6501],[127.5817,34.6517],[127.5894,34.6518],[127.6044,34.6453],[127.6099,34.6449],[127.6151,34.6432],[127.6215,34.6365],[127.6252,34.6345],[127.6259,34.6323],[127.6241,34.6309],[127.6248,34.6299],[127.6272,34.6295],[127.6311,34.6327],[127.634,34.6326],[127.6363,34.63],[127.6343,34.6281],[127.6358,34.6261],[127.6444,34.6273],[127.6462,34.6289],[127.6432,34.6338],[127.6382,34.6366],[127.6333,34.6362],[127.635,34.6403],[127.6404,34.6439],[127.6344,34.6459],[127.6364,34.6465],[127.6402,34.6459],[127.6426,34.6504],[127.6407,34.6524],[127.6381,34.651],[127.6374,34.6488],[127.6354,34.649],[127.6343,34.6506],[127.6298,34.6505],[127.632,34.6565],[127.6354,34.6615],[127.6353,34.663],[127.6317,34.6653],[127.6318,34.6664],[127.6334,34.6679],[127.6332,34.6702],[127.631,34.6716],[127.6293,34.6739],[127.6294,34.675],[127.6268,34.677],[127.6237,34.6782],[127.6186,34.6828],[127.6174,34.683],[127.6177,34.6842],[127.6189,34.6845],[127.625,34.6805],[127.6315,34.68],[127.6351,34.6828],[127.6365,34.6829],[127.6374,34.6818],[127.6394,34.6835],[127.6345,34.6857],[127.6317,34.6833],[127.6286,34.6854],[127.6234,34.6873],[127.6224,34.6908],[127.6239,34.6912],[127.6278,34.6951],[127.6279,34.6964],[127.6253,34.7001],[127.6185,34.7015],[127.6138,34.7066],[127.6168,34.7095],[127.6197,34.709],[127.6199,34.708],[127.6222,34.7081],[127.6225,34.7123],[127.621,34.7128],[127.6252,34.7182],[127.6278,34.7181],[127.6285,34.7171],[127.6262,34.7119],[127.6308,34.7101],[127.6333,34.7107],[127.6355,34.7101],[127.6362,34.7084],[127.6387,34.7061],[127.6429,34.7066],[127.6426,34.71],[127.6393,34.7151],[127.6392,34.7186],[127.6413,34.7268],[127.6511,34.7372],[127.6514,34.739],[127.6504,34.7399],[127.6528,34.7445],[127.6553,34.7459],[127.6571,34.7461],[127.6574,34.7453],[127.6585,34.7462],[127.6562,34.751],[127.6573,34.755],[127.6626,34.7567],[127.6637,34.7563],[127.6613,34.7545],[127.662,34.7517],[127.6659,34.7482],[127.6629,34.7439],[127.6631,34.7406],[127.6657,34.7423],[127.666,34.7449],[127.665,34.7457],[127.6664,34.7485],[127.6688,34.7466],[127.6755,34.7438],[127.6778,34.7415],[127.6805,34.7416],[127.6818,34.7406],[127.6818,34.7388],[127.6792,34.7374],[127.6781,34.7357],[127.6825,34.7324],[127.6844,34.734],[127.6958,34.7274],[127.7001,34.7237],[127.7001,34.7227],[127.6983,34.721],[127.7029,34.7204],[127.7045,34.7206],[127.705,34.7215],[127.7095,34.7239],[127.7124,34.7246],[127.7134,34.7234],[127.7248,34.7263],[127.7356,34.7225],[127.7344,34.7243],[127.7368,34.7323],[127.738,34.7338],[127.7431,34.7353],[127.7423,34.737],[127.7456,34.7382],[127.75,34.7359],[127.7548,34.7385],[127.756,34.7411],[127.7626,34.7442],[127.7655,34.7429],[127.7687,34.744],[127.7689,34.7458],[127.7666,34.7467],[127.7639,34.7447],[127.7559,34.7414],[127.7482,34.7472],[127.7519,34.7466],[127.7508,34.7499],[127.7495,34.7506],[127.7528,34.7536],[127.7562,34.7515],[127.757,34.7522],[127.7531,34.7546],[127.7518,34.7547],[127.7544,34.7636],[127.7506,34.7697],[127.7455,34.7753],[127.7452,34.7772],[127.7474,34.7807],[127.7491,34.7806],[127.7514,34.7819],[127.7569,34.7869],[127.7562,34.7919],[127.7583,34.7955],[127.7568,34.797],[127.7593,34.8002],[127.7634,34.8013],[127.7651,34.801],[127.7656,34.7996],[127.7683,34.8002],[127.7696,34.8045],[127.7661,34.8087],[127.7673,34.8115],[127.7684,34.8121],[127.7686,34.8149],[127.7673,34.8182],[127.7691,34.8205],[127.7723,34.8198],[127.7745,34.8213],[127.7737,34.8227],[127.7693,34.8219],[127.7673,34.825],[127.7687,34.8276],[127.7678,34.8313],[127.7749,34.8375],[127.7754,34.8474],[127.7741,34.85],[127.7717,34.8513],[127.7718,34.8521],[127.7763,34.8547],[127.779,34.8539],[127.7799,34.8523],[127.7799,34.8531],[127.7779,34.8568],[127.7761,34.8562],[127.7752,34.8569],[127.7745,34.8586],[127.775,34.8598],[127.7741,34.8608],[127.7705,34.8619],[127.7685,34.8616],[127.7623,34.8637],[127.7624,34.8643],[127.7651,34.8644],[127.762,34.8648],[127.7539,34.8624],[127.7548,34.862],[127.7528,34.861],[127.7486,34.8606],[127.7486,34.8621],[127.7394,34.8621],[127.7394,34.8605],[127.7425,34.8573],[127.744,34.8516],[127.7432,34.8509],[127.7387,34.8529],[127.7365,34.8548],[127.7339,34.8548],[127.7335,34.8577],[127.7287,34.8598],[127.7284,34.8621],[127.729,34.8631],[127.7359,34.8641],[127.7287,34.8634],[127.7204,34.8589],[127.6986,34.8594],[127.6962,34.8623],[127.6966,34.8639],[127.6951,34.8649],[127.6797,34.8446],[127.674,34.8399],[127.676,34.8443],[127.6755,34.8445],[127.6734,34.8404],[127.6738,34.8398],[127.6701,34.837],[127.6664,34.8402],[127.6672,34.8408],[127.6616,34.8445],[127.6429,34.8305],[127.6419,34.8314],[127.6387,34.8311],[127.64,34.8223],[127.6395,34.8198],[127.639,34.8199],[127.6385,34.8221],[127.6319,34.8287],[127.6267,34.8298],[127.6269,34.8405],[127.6297,34.8387],[127.6351,34.8386],[127.6359,34.8398],[127.6353,34.8423],[127.637,34.8445],[127.6364,34.8466],[127.6316,34.8452],[127.6238,34.8442],[127.6204,34.846],[127.6173,34.8504],[127.6142,34.8531],[127.6121,34.8528],[127.6108,34.8495],[127.6076,34.8508],[127.6046,34.8535],[127.6025,34.8579],[127.6027,34.8593],[127.6045,34.8597],[127.6044,34.8608],[127.6003,34.862],[127.5948,34.8677],[127.5897,34.8749],[127.5917,34.8807],[127.5932,34.8811],[127.5946,34.8796],[127.6142,34.8923],[127.6056,34.9034],[127.5899,34.8933],[127.5939,34.889],[127.5897,34.8864],[127.5855,34.8865],[127.583,34.8855],[127.5745,34.8853],[127.5726,34.8846],[127.5678,34.885],[127.5613,34.888],[127.5557,34.8868],[127.5502,34.8895],[127.5478,34.8889],[127.5464,34.8864],[127.541,34.8849],[127.5363,34.8798],[127.5358,34.8781],[127.5406,34.8711],[127.5421,34.8674],[127.5467,34.8661],[127.5505,34.8632],[127.5496,34.8591],[127.5509,34.8557],[127.5479,34.8522],[127.5449,34.8515],[127.5435,34.8503],[127.5422,34.8433],[127.5434,34.8421],[127.5428,34.838],[127.5394,34.8357],[127.5384,34.8318],[127.5274,34.8244],[127.5257,34.8225],[127.5234,34.815],[127.5229,34.8098],[127.5261,34.8092],[127.527,34.811],[127.5291,34.8098],[127.5318,34.8062],[127.5338,34.807],[127.5382,34.8053],[127.5436,34.8059],[127.5444,34.809],[127.5463,34.8102],[127.5535,34.8092],[127.5559,34.8077]]],[[[127.7486,34.7338],[127.7396,34.7337],[127.737,34.7318],[127.7365,34.7302],[127.7416,34.7272],[127.7416,34.722],[127.7445,34.7195],[127.7469,34.7144],[127.752,34.7147],[127.7578,34.7125],[127.7573,34.71],[127.7544,34.7086],[127.7556,34.7069],[127.7546,34.6987],[127.7552,34.6966],[127.7579,34.6929],[127.7561,34.6913],[127.7583,34.6894],[127.7628,34.6876],[127.7613,34.6847],[127.7539,34.682],[127.7521,34.6804],[127.7498,34.6755],[127.747,34.6744],[127.7467,34.6724],[127.7481,34.6701],[127.7477,34.6692],[127.7434,34.6654],[127.7371,34.6605],[127.7311,34.6579],[127.7296,34.6564],[127.7237,34.6559],[127.7221,34.6542],[127.7206,34.6516],[127.7195,34.6466],[127.7181,34.6451],[127.718,34.643],[127.7245,34.6374],[127.7238,34.6335],[127.7197,34.6289],[127.7183,34.6295],[127.7153,34.6279],[127.7129,34.6243],[127.7122,34.6215],[127.7138,34.621],[127.7162,34.6183],[127.7191,34.6135],[127.7276,34.613],[127.7322,34.6109],[127.7347,34.6115],[127.7375,34.6105],[127.7381,34.6079],[127.7375,34.605],[127.7384,34.6031],[127.7392,34.6024],[127.7406,34.6025],[127.7446,34.5994],[127.745,34.5962],[127.7494,34.5927],[127.7564,34.594],[127.7641,34.5933],[127.7655,34.5929],[127.7707,34.5879],[127.7757,34.5871],[127.777,34.5883],[127.7803,34.5883],[127.7848,34.5856],[127.7896,34.5847],[127.7925,34.5848],[127.7934,34.5858],[127.7974,34.5866],[127.8006,34.5864],[127.8039,34.588],[127.8059,34.5902],[127.8079,34.5967],[127.8052,34.5966],[127.8043,34.5957],[127.8023,34.596],[127.8009,34.5976],[127.8011,34.5985],[127.8042,34.5997],[127.8027,34.6015],[127.7959,34.6051],[127.7937,34.6036],[127.7887,34.6056],[127.7881,34.6073],[127.7884,34.6081],[127.791,34.6082],[127.7922,34.6109],[127.7919,34.6223],[127.7936,34.6225],[127.7941,34.6237],[127.7921,34.626],[127.7917,34.6288],[127.7924,34.6302],[127.7941,34.6301],[127.7948,34.6285],[127.7965,34.628],[127.8004,34.6303],[127.7985,34.6328],[127.7984,34.6373],[127.7964,34.6485],[127.7977,34.6499],[127.798,34.6549],[127.8019,34.6568],[127.8065,34.6579],[127.8066,34.6609],[127.8011,34.6615],[127.7977,34.6601],[127.795,34.6607],[127.7939,34.6648],[127.801,34.6662],[127.8008,34.6676],[127.7953,34.6676],[127.7942,34.6696],[127.795,34.6713],[127.7925,34.6725],[127.7894,34.6709],[127.785,34.6701],[127.783,34.672],[127.7834,34.6743],[127.7783,34.6785],[127.7764,34.6814],[127.7775,34.6862],[127.7806,34.6871],[127.7825,34.6894],[127.7794,34.6934],[127.7798,34.6966],[127.7858,34.6992],[127.789,34.6993],[127.7912,34.7017],[127.7905,34.7053],[127.7871,34.7096],[127.7865,34.7123],[127.7874,34.7159],[127.7797,34.7213],[127.7717,34.7252],[127.7679,34.7262],[127.7648,34.7258],[127.7562,34.7315],[127.7507,34.7322],[127.7486,34.7338]]],[[[127.7411,34.5529],[127.7256,34.5483],[127.7251,34.547],[127.7119,34.538],[127.7097,34.5378],[127.7049,34.5396],[127.6969,34.5393],[127.6967,34.5379],[127.7008,34.5323],[127.7035,34.5311],[127.7128,34.5297],[127.7133,34.527],[127.72,34.5231],[127.7235,34.5237],[127.7301,34.5276],[127.7326,34.5273],[127.7332,34.5259],[127.7254,34.516],[127.7266,34.5137],[127.737,34.5125],[127.7406,34.5105],[127.741,34.5087],[127.74,34.5077],[127.7339,34.506],[127.7348,34.503],[127.7406,34.5016],[127.7473,34.5015],[127.7512,34.5049],[127.7543,34.5045],[127.7546,34.5028],[127.7529,34.5015],[127.7538,34.4992],[127.7594,34.4981],[127.7624,34.4991],[127.7675,34.4967],[127.772,34.4985],[127.7727,34.4968],[127.7694,34.4927],[127.7626,34.4912],[127.7638,34.4898],[127.7668,34.489],[127.7695,34.4914],[127.7712,34.4874],[127.7738,34.4881],[127.7902,34.487],[127.7917,34.4903],[127.7967,34.4931],[127.7985,34.4952],[127.7985,34.4965],[127.7954,34.4947],[127.7917,34.4971],[127.7911,34.4991],[127.7929,34.5006],[127.7878,34.5062],[127.781,34.5077],[127.7789,34.5071],[127.7776,34.5054],[127.7723,34.5068],[127.7673,34.5095],[127.7667,34.5108],[127.7675,34.5111],[127.7796,34.5109],[127.7824,34.5118],[127.7801,34.5201],[127.7709,34.5264],[127.7695,34.5286],[127.7624,34.535],[127.764,34.54],[127.7617,34.5451],[127.7591,34.5481],[127.7577,34.5523],[127.7566,34.5525],[127.7523,34.5502],[127.7479,34.5527],[127.7411,34.5529]]],[[[127.725,34.8952],[127.7207,34.8984],[127.7156,34.8994],[127.7073,34.8968],[127.7034,34.8936],[127.6998,34.8933],[127.6982,34.892],[127.6972,34.8894],[127.6916,34.8849],[127.6915,34.8837],[127.6928,34.8808],[127.7004,34.8766],[127.7011,34.8751],[127.6977,34.8737],[127.6975,34.8727],[127.7018,34.8723],[127.7039,34.87],[127.7084,34.8719],[127.7102,34.8717],[127.7153,34.8705],[127.7179,34.8676],[127.7227,34.8677],[127.724,34.8686],[127.7233,34.871],[127.7268,34.8735],[127.7464,34.8727],[127.7512,34.8778],[127.7456,34.8892],[127.7452,34.8914],[127.743,34.8924],[127.736,34.8936],[127.7333,34.8952],[127.7321,34.8927],[127.7297,34.8925],[127.725,34.8952]]],[[[127.6579,34.5855],[127.6568,34.5854],[127.6535,34.5799],[127.6515,34.5799],[127.6501,34.5813],[127.648,34.5815],[127.6381,34.5738],[127.6394,34.5714],[127.6384,34.5675],[127.6369,34.5666],[127.6371,34.5601],[127.6389,34.5559],[127.6405,34.5564],[127.6408,34.5616],[127.6384,34.5659],[127.6395,34.5689],[127.6417,34.5699],[127.6465,34.5684],[127.6477,34.5673],[127.6469,34.5629],[127.6476,34.5587],[127.6495,34.5563],[127.6585,34.5526],[127.6633,34.5547],[127.6645,34.5568],[127.6641,34.5578],[127.6691,34.5609],[127.6699,34.5606],[127.6705,34.5583],[127.67,34.5553],[127.6716,34.5549],[127.6742,34.5556],[127.6745,34.5589],[127.6776,34.5624],[127.6785,34.5669],[127.6827,34.5691],[127.6854,34.5686],[127.6878,34.5712],[127.6905,34.5685],[127.6884,34.5675],[127.6866,34.5642],[127.687,34.5587],[127.6882,34.5588],[127.6888,34.5608],[127.6883,34.5615],[127.6905,34.5648],[127.6972,34.5627],[127.7006,34.5651],[127.7035,34.5635],[127.7049,34.565],[127.7035,34.5683],[127.6975,34.5693],[127.6973,34.5728],[127.6961,34.575],[127.6911,34.5766],[127.6832,34.575],[127.6836,34.5732],[127.6855,34.5732],[127.6854,34.5721],[127.6808,34.5701],[127.6754,34.5746],[127.6707,34.5723],[127.6694,34.5749],[127.67,34.5783],[127.6694,34.5804],[127.6669,34.583],[127.6635,34.5831],[127.6604,34.5855],[127.6579,34.5855]]],[[[127.2604,34.2472],[127.2581,34.2508],[127.256,34.2513],[127.2533,34.2511],[127.2472,34.2466],[127.2437,34.2483],[127.2428,34.2478],[127.2432,34.238],[127.241,34.2362],[127.2379,34.2352],[127.2354,34.2365],[127.2356,34.238],[127.2331,34.2367],[127.2304,34.228],[127.2313,34.2275],[127.2312,34.2263],[127.2282,34.2216],[127.2271,34.2182],[127.2248,34.2163],[127.2257,34.2137],[127.2253,34.2129],[127.2222,34.2115],[127.2214,34.2102],[127.2234,34.2094],[127.2253,34.2103],[127.2276,34.2129],[127.2289,34.2157],[127.2362,34.215],[127.2386,34.2162],[127.2376,34.2182],[127.2412,34.219],[127.2433,34.2178],[127.2447,34.2141],[127.2474,34.2138],[127.2481,34.2149],[127.2566,34.2109],[127.259,34.2115],[127.2599,34.2131],[127.2583,34.2192],[127.2512,34.2207],[127.2499,34.2217],[127.2519,34.2241],[127.257,34.2226],[127.2617,34.2245],[127.2627,34.2268],[127.2622,34.2285],[127.258,34.2295],[127.2587,34.2304],[127.2602,34.2304],[127.258,34.2371],[127.262,34.2383],[127.2593,34.2435],[127.2631,34.2453],[127.2604,34.2472]]],[[[127.2932,34.0635],[127.2911,34.0628],[127.294,34.0599],[127.2951,34.0564],[127.2944,34.0556],[127.2912,34.055],[127.2907,34.0562],[127.2862,34.0589],[127.2847,34.0575],[127.2861,34.0558],[127.2831,34.0547],[127.2814,34.0573],[127.282,34.0597],[127.2802,34.0604],[127.278,34.0582],[127.2789,34.0568],[127.2782,34.0549],[127.2741,34.0522],[127.2798,34.053],[127.2818,34.0513],[127.2792,34.0432],[127.2812,34.0345],[127.2828,34.0341],[127.284,34.0356],[127.2853,34.0358],[127.2884,34.0332],[127.2885,34.0297],[127.2911,34.0227],[127.2946,34.0193],[127.2952,34.0178],[127.2939,34.015],[127.2945,34.0142],[127.3041,34.0117],[127.3116,34.0113],[127.3134,34.0113],[127.3153,34.0131],[127.3164,34.0129],[127.3207,34.008],[127.3208,34.0067],[127.323,34.0049],[127.3246,34.0049],[127.325,34.0057],[127.3234,34.0073],[127.3237,34.0097],[127.3255,34.0125],[127.3246,34.0153],[127.3233,34.0162],[127.3203,34.0163],[127.3158,34.0143],[127.3138,34.0153],[127.3125,34.0175],[127.3109,34.0185],[127.305,34.019],[127.3044,34.0205],[127.3069,34.0212],[127.3087,34.0235],[127.3075,34.026],[127.3056,34.0251],[127.305,34.0283],[127.304,34.0293],[127.2969,34.0322],[127.2965,34.0358],[127.2974,34.0385],[127.2942,34.04],[127.294,34.0421],[127.295,34.0447],[127.2926,34.0472],[127.2924,34.0483],[127.2937,34.0516],[127.2973,34.055],[127.2977,34.0583],[127.2961,34.0622],[127.2932,34.0635]]],[[[127.8052,34.4612],[127.8002,34.4605],[127.795,34.4573],[127.7938,34.4537],[127.7972,34.4523],[127.7981,34.4442],[127.7953,34.4397],[127.7912,34.4356],[127.7862,34.4351],[127.7851,34.4302],[127.7888,34.43],[127.7922,34.4315],[127.7976,34.431],[127.8012,34.4319],[127.8015,34.4291],[127.795,34.429],[127.7933,34.426],[127.7901,34.4266],[127.7886,34.4256],[127.7859,34.4184],[127.7863,34.4146],[127.7888,34.4126],[127.7961,34.4165],[127.7977,34.4144],[127.7988,34.4097],[127.8056,34.4082],[127.8033,34.4143],[127.8043,34.4164],[127.8077,34.4163],[127.8096,34.4248],[127.8051,34.4295],[127.808,34.4313],[127.81,34.4344],[127.8105,34.4405],[127.8096,34.4418],[127.8099,34.4436],[127.8151,34.4508],[127.8169,34.4509],[127.8173,34.4517],[127.8148,34.4533],[127.8094,34.4499],[127.8045,34.4513],[127.8025,34.451],[127.8018,34.4541],[127.8059,34.4565],[127.8076,34.4593],[127.8052,34.4612]]],[[[127.5466,34.6177],[127.5449,34.6192],[127.5417,34.6169],[127.5411,34.6154],[127.5416,34.6145],[127.5444,34.6137],[127.5446,34.6129],[127.5409,34.6118],[127.5381,34.614],[127.5349,34.6132],[127.5341,34.6116],[127.5322,34.6157],[127.5326,34.6164],[127.529,34.6176],[127.5263,34.6174],[127.5225,34.6154],[127.5221,34.6134],[127.5245,34.6089],[127.5253,34.604],[127.5267,34.6036],[127.5276,34.6057],[127.5291,34.6052],[127.5291,34.6038],[127.5302,34.6033],[127.535,34.6047],[127.5361,34.606],[127.535,34.6075],[127.5367,34.6096],[127.5388,34.6094],[127.5406,34.6075],[127.539,34.6062],[127.5406,34.6016],[127.5402,34.5998],[127.5395,34.5987],[127.5366,34.598],[127.5348,34.5979],[127.5339,34.599],[127.5334,34.5987],[127.534,34.5976],[127.5404,34.596],[127.5444,34.5974],[127.5488,34.5957],[127.5508,34.5974],[127.5517,34.5996],[127.5508,34.6013],[127.5514,34.6021],[127.5537,34.603],[127.5617,34.6028],[127.5668,34.6053],[127.5648,34.608],[127.5648,34.6133],[127.5618,34.6156],[127.5576,34.6167],[127.5516,34.615],[127.5505,34.6157],[127.5513,34.6177],[127.5466,34.6177]]],[[[127.6335,34.8488],[127.647,34.8574],[127.6337,34.8709],[127.6139,34.8581],[127.6153,34.8549],[127.6232,34.8476],[127.6251,34.8474],[127.6285,34.8486],[127.6335,34.8473],[127.6343,34.8481],[127.6335,34.8488]]],[[[127.8261,34.4986],[127.8231,34.5],[127.8183,34.4974],[127.8147,34.4982],[127.8115,34.4978],[127.8078,34.4945],[127.807,34.4904],[127.8037,34.4895],[127.7993,34.4908],[127.7974,34.4899],[127.7962,34.4825],[127.7981,34.4801],[127.7979,34.4777],[127.7961,34.4764],[127.7964,34.4739],[127.8018,34.471],[127.804,34.4713],[127.8044,34.472],[127.801,34.4746],[127.801,34.4765],[127.8019,34.4794],[127.8051,34.4829],[127.8083,34.4823],[127.8104,34.4806],[127.8106,34.4781],[127.8089,34.4766],[127.8103,34.4752],[127.8129,34.4753],[127.8132,34.4776],[127.8147,34.479],[127.8165,34.4791],[127.8186,34.478],[127.8195,34.4755],[127.8214,34.476],[127.8228,34.4808],[127.8255,34.485],[127.8187,34.4888],[127.8147,34.489],[127.8133,34.49],[127.813,34.4917],[127.8162,34.4938],[127.8261,34.4951],[127.8267,34.4965],[127.8261,34.4986]]],[[[127.308,34.0608],[127.3075,34.0627],[127.3053,34.0628],[127.303,34.0583],[127.3049,34.0552],[127.3094,34.0529],[127.3134,34.046],[127.314,34.0431],[127.3092,34.0323],[127.3098,34.0321],[127.3134,34.0402],[127.3163,34.04],[127.3192,34.0385],[127.3276,34.0367],[127.3302,34.0353],[127.3312,34.0331],[127.3348,34.0341],[127.3349,34.0379],[127.3327,34.0415],[127.3284,34.0445],[127.3247,34.0455],[127.324,34.0475],[127.3259,34.0483],[127.3269,34.0519],[127.3237,34.0589],[127.3219,34.0596],[127.3178,34.0563],[127.314,34.0589],[127.3088,34.0584],[127.3074,34.0599],[127.308,34.0608]]],[[[127.636,34.6245],[127.6306,34.6241],[127.6273,34.6218],[127.626,34.6196],[127.6252,34.6158],[127.6261,34.6136],[127.6308,34.6089],[127.6335,34.6073],[127.6352,34.6081],[127.6396,34.6075],[127.6405,34.6056],[127.6414,34.6074],[127.6398,34.6093],[127.6419,34.6119],[127.6445,34.6119],[127.647,34.6084],[127.6542,34.6082],[127.6553,34.6088],[127.6504,34.6156],[127.6469,34.619],[127.645,34.6192],[127.6444,34.6183],[127.643,34.6182],[127.6386,34.6238],[127.636,34.6245]]],[[[127.3591,34.2882],[127.3525,34.2902],[127.3535,34.2925],[127.3534,34.2961],[127.3516,34.2962],[127.3506,34.2951],[127.3477,34.2847],[127.3488,34.2827],[127.349,34.2788],[127.3476,34.2747],[127.3518,34.2735],[127.3542,34.2762],[127.3608,34.279],[127.3654,34.283],[127.367,34.2866],[127.3696,34.2871],[127.3702,34.2891],[127.3696,34.2928],[127.3678,34.2948],[127.3643,34.295],[127.3613,34.2927],[127.3616,34.2891],[127.36,34.2879],[127.3591,34.2882]]],[[[127.7235,34.7181],[127.7233,34.7191],[127.7264,34.7199],[127.7262,34.7215],[127.7248,34.7224],[127.7214,34.7219],[127.7187,34.7193],[127.7185,34.7185],[127.7208,34.7176],[127.7213,34.715],[127.7168,34.7132],[127.7207,34.7079],[127.7197,34.7062],[127.7204,34.7048],[127.7348,34.699],[127.7367,34.6992],[127.737,34.7023],[127.738,34.703],[127.7419,34.7026],[127.7426,34.7049],[127.7399,34.7073],[127.7339,34.7072],[127.733,34.7079],[127.7335,34.7087],[127.7258,34.7113],[127.7258,34.7125],[127.7281,34.7157],[127.7291,34.7159],[127.7303,34.7145],[127.7322,34.7151],[127.7316,34.7187],[127.7303,34.7191],[127.7274,34.7177],[127.7235,34.7181]]],[[[127.7326,34.5908],[127.734,34.5935],[127.7318,34.595],[127.7224,34.5893],[127.7204,34.5898],[127.7195,34.5913],[127.7197,34.5927],[127.7179,34.5937],[127.7121,34.5925],[127.7129,34.5912],[127.7167,34.5908],[127.7203,34.5878],[127.7249,34.5858],[127.7301,34.581],[127.7299,34.5786],[127.7328,34.575],[127.7343,34.5746],[127.7365,34.5774],[127.7437,34.5796],[127.7441,34.5824],[127.737,34.5866],[127.7375,34.5882],[127.7326,34.5908]]],[[[127.3985,34.2834],[127.3989,34.2844],[127.4009,34.2852],[127.4017,34.2868],[127.4005,34.2942],[127.3937,34.2965],[127.3908,34.2959],[127.3877,34.2938],[127.3855,34.2892],[127.3881,34.2847],[127.3882,34.2803],[127.3899,34.2793],[127.3916,34.2823],[127.3942,34.2833],[127.3957,34.2821],[127.3958,34.2789],[127.3982,34.2793],[127.3989,34.2799],[127.3985,34.2834]]],[[[127.7238,34.5734],[127.7276,34.577],[127.7272,34.5784],[127.7253,34.5799],[127.7166,34.5791],[127.7096,34.5755],[127.7099,34.5733],[127.7114,34.5732],[127.7124,34.5718],[127.7105,34.5688],[127.7129,34.5651],[127.7157,34.5673],[127.7188,34.5683],[127.7211,34.5677],[127.7231,34.5688],[127.7243,34.5713],[127.7238,34.5734]]],[[[127.5548,34.6391],[127.5514,34.6421],[127.5498,34.6426],[127.5475,34.6411],[127.5471,34.6376],[127.5528,34.6363],[127.5652,34.6279],[127.5677,34.6268],[127.5695,34.6269],[127.5691,34.6319],[127.5681,34.6351],[127.5548,34.6391]]],[[[127.6553,34.6039],[127.6509,34.6045],[127.6495,34.6039],[127.651,34.6001],[127.6508,34.5945],[127.6498,34.5931],[127.6454,34.5911],[127.6518,34.5871],[127.6572,34.5918],[127.658,34.5934],[127.654,34.5966],[127.6542,34.5976],[127.6606,34.6007],[127.6619,34.6026],[127.6606,34.6038],[127.6553,34.6039]]],[[[127.7368,34.5643],[127.7354,34.566],[127.7359,34.5693],[127.7341,34.5708],[127.73,34.5711],[127.7278,34.569],[127.7245,34.5627],[127.7244,34.5607],[127.7313,34.5617],[127.7322,34.5604],[127.7356,34.5592],[127.7369,34.5594],[127.7415,34.5633],[127.7412,34.5639],[127.7368,34.5643]]],[[[127.516,34.6396],[127.5131,34.6386],[127.5094,34.6332],[127.5148,34.6227],[127.518,34.6219],[127.5205,34.6193],[127.5218,34.6194],[127.5246,34.6212],[127.5159,34.6255],[127.5174,34.6374],[127.5171,34.6394],[127.516,34.6396]]],[[[127.5465,34.6297],[127.5454,34.6317],[127.5429,34.6327],[127.5412,34.6322],[127.5406,34.6296],[127.5373,34.6294],[127.5365,34.6301],[127.5372,34.6314],[127.5359,34.6324],[127.533,34.6289],[127.5325,34.6253],[127.5337,34.6243],[127.5376,34.6238],[127.5379,34.6247],[127.5362,34.6252],[127.5355,34.6266],[127.5373,34.6266],[127.5412,34.6247],[127.5405,34.6232],[127.5421,34.6229],[127.5453,34.6243],[127.5476,34.6266],[127.5508,34.6265],[127.552,34.6274],[127.5509,34.6296],[127.5465,34.6297]]],[[[127.7146,34.6114],[127.706,34.6101],[127.7042,34.6074],[127.7043,34.6041],[127.7058,34.6033],[127.7086,34.6035],[127.7107,34.6054],[127.7096,34.6064],[127.7132,34.6073],[127.7187,34.6072],[127.7225,34.6061],[127.7258,34.6083],[127.7203,34.611],[127.7146,34.6114]]],[[[127.5335,34.2678],[127.5298,34.2695],[127.5277,34.2688],[127.527,34.2656],[127.5288,34.2624],[127.5302,34.2609],[127.534,34.2616],[127.5359,34.2606],[127.5366,34.2592],[127.5394,34.2596],[127.5398,34.265],[127.5413,34.2669],[127.5411,34.2676],[127.5394,34.2684],[127.5335,34.2678]]],[[[127.6241,34.8828],[127.6114,34.8822],[127.6112,34.8788],[127.6117,34.8781],[127.6199,34.8783],[127.6234,34.8796],[127.6291,34.874],[127.6321,34.8754],[127.6315,34.8765],[127.6304,34.8759],[127.6294,34.8769],[127.6294,34.8789],[127.6304,34.8793],[127.6307,34.8804],[127.6241,34.8828]]],[[[127.6264,34.5934],[127.6258,34.596],[127.621,34.5968],[127.6175,34.5935],[127.6121,34.5914],[127.6071,34.5906],[127.606,34.5895],[127.6083,34.5883],[127.623,34.5907],[127.6258,34.5886],[127.6264,34.5894],[127.6264,34.5934]]],[[[127.4481,34.2412],[127.4564,34.2429],[127.4548,34.2477],[127.4496,34.2505],[127.4467,34.249],[127.4444,34.2441],[127.4451,34.2418],[127.4481,34.2412]]],[[[127.5653,34.7393],[127.5677,34.7427],[127.5671,34.7438],[127.5621,34.7497],[127.5585,34.7483],[127.5573,34.744],[127.5579,34.7407],[127.5653,34.7393]]],[[[127.6014,34.5948],[127.6034,34.5963],[127.6057,34.6007],[127.6072,34.6019],[127.6069,34.6043],[127.6048,34.6051],[127.6027,34.6043],[127.5969,34.6009],[127.5946,34.5983],[127.598,34.5949],[127.6014,34.5948]]],[[[127.3112,34.0297],[127.3093,34.0287],[127.3074,34.0288],[127.3093,34.0238],[127.3129,34.0253],[127.3177,34.0253],[127.323,34.0241],[127.3249,34.0249],[127.3219,34.028],[127.3112,34.0297]]],[[[127.6897,34.5944],[127.6828,34.5959],[127.6812,34.5956],[127.6803,34.5941],[127.685,34.5884],[127.689,34.5903],[127.6935,34.5893],[127.6981,34.5904],[127.6952,34.5914],[127.6921,34.5914],[127.6897,34.5944]]],[[[127.5594,34.7705],[127.5587,34.7699],[127.5596,34.7632],[127.5635,34.7616],[127.5663,34.7615],[127.57,34.7629],[127.5672,34.7676],[127.5641,34.7667],[127.5619,34.7681],[127.5631,34.7692],[127.5629,34.77],[127.5614,34.7705],[127.5599,34.7696],[127.5594,34.7705]]],[[[127.4923,34.7668],[127.4913,34.7674],[127.4899,34.766],[127.491,34.7638],[127.4972,34.759],[127.4986,34.7539],[127.5003,34.7528],[127.5036,34.7551],[127.5032,34.7578],[127.5006,34.7579],[127.4958,34.7611],[127.4956,34.7654],[127.4923,34.7668]]],[[[127.2007,34.2189],[127.2012,34.2206],[127.2004,34.2224],[127.198,34.2244],[127.1939,34.2215],[127.1924,34.2189],[127.1936,34.2164],[127.1971,34.2155],[127.2007,34.2189]]],[[[127.7036,34.71],[127.7011,34.7115],[127.7,34.7107],[127.701,34.7084],[127.7107,34.7023],[127.712,34.7021],[127.7093,34.7091],[127.7036,34.71]]],[[[127.7619,34.5743],[127.7645,34.5758],[127.7621,34.5795],[127.7625,34.5823],[127.76,34.5818],[127.7576,34.5803],[127.7554,34.5773],[127.7572,34.5758],[127.7619,34.5743]]],[[[127.4644,34.2288],[127.4593,34.233],[127.4573,34.233],[127.4577,34.228],[127.4583,34.2285],[127.461,34.2281],[127.4615,34.2268],[127.4659,34.2276],[127.4644,34.2288]]],[[[127.5116,34.7608],[127.5105,34.7615],[127.5088,34.7586],[127.5162,34.7546],[127.5148,34.7582],[127.5116,34.7608]]],[[[127.7472,34.568],[127.7444,34.5657],[127.7478,34.5635],[127.7509,34.5647],[127.7526,34.567],[127.7507,34.5678],[127.7475,34.5674],[127.7472,34.568]]],[[[127.7912,34.475],[127.7934,34.4773],[127.7936,34.4794],[127.7935,34.4805],[127.7914,34.4815],[127.7899,34.4808],[127.7889,34.4786],[127.7895,34.4767],[127.7912,34.475]]],[[[127.2205,34.2247],[127.2194,34.2247],[127.2175,34.2232],[127.2191,34.2212],[127.2225,34.221],[127.2253,34.2231],[127.2239,34.2244],[127.2205,34.2247]]],[[[127.2701,34.2366],[127.2716,34.238],[127.2674,34.2414],[127.2637,34.2426],[127.2626,34.2421],[127.2627,34.2413],[127.2661,34.2397],[127.2701,34.2366]]],[[[127.3743,34.295],[127.3716,34.2959],[127.371,34.2953],[127.3718,34.2937],[127.3744,34.2929],[127.3785,34.2928],[127.3805,34.2942],[127.3787,34.2955],[127.3743,34.295]]],[[[127.5603,34.5853],[127.5616,34.5869],[127.5609,34.5884],[127.5564,34.5911],[127.5564,34.5925],[127.5578,34.5938],[127.556,34.5939],[127.5536,34.5927],[127.5545,34.5896],[127.5594,34.5884],[127.5599,34.5867],[127.5593,34.5855],[127.5603,34.5853]]],[[[127.7402,34.57],[127.7416,34.5703],[127.7423,34.5719],[127.7403,34.5755],[127.7376,34.572],[127.7402,34.57]]],[[[127.7436,34.6766],[127.744,34.6785],[127.7423,34.6821],[127.7414,34.6825],[127.74,34.6813],[127.7404,34.6794],[127.7427,34.6766],[127.7436,34.6766]]],[[[127.7044,34.6763],[127.7051,34.6768],[127.7028,34.6793],[127.7013,34.6797],[127.6993,34.6791],[127.7006,34.6763],[127.7044,34.6763]]],[[[127.5626,34.7378],[127.5614,34.7354],[127.5647,34.7328],[127.5658,34.7344],[127.5653,34.7362],[127.5626,34.7378]]],[[[127.6195,34.8657],[127.623,34.8673],[127.6226,34.8703],[127.6191,34.868],[127.6187,34.8661],[127.6195,34.8657]]],[[[127.7655,34.5625],[127.7678,34.5638],[127.7703,34.5669],[127.7685,34.5671],[127.765,34.5645],[127.7643,34.5631],[127.7655,34.5625]]],[[[127.64,34.6548],[127.6372,34.6593],[127.6352,34.6594],[127.635,34.6572],[127.64,34.6548]]],[[[127.6476,34.8412],[127.6475,34.843],[127.6457,34.8444],[127.6439,34.8446],[127.6436,34.8434],[127.6447,34.8412],[127.6476,34.8412]]],[[[127.5606,34.788],[127.5643,34.7904],[127.56,34.7918],[127.5591,34.7908],[127.5596,34.7887],[127.5606,34.788]]],[[[127.4503,34.2529],[127.45,34.2541],[127.4515,34.2569],[127.4467,34.256],[127.4492,34.253],[127.4503,34.2529]]],[[[127.6015,34.5906],[127.5994,34.5892],[127.6008,34.5884],[127.6056,34.5888],[127.6053,34.5897],[127.6015,34.5906]]],[[[127.6107,34.8674],[127.6116,34.8717],[127.6096,34.8713],[127.6084,34.8692],[127.6088,34.8677],[127.6107,34.8674]]],[[[127.5863,34.6128],[127.5875,34.6143],[127.5854,34.6154],[127.5836,34.6135],[127.5828,34.611],[127.5863,34.6128]]],[[[127.3743,34.0206],[127.3747,34.0218],[127.3727,34.0236],[127.3712,34.0225],[127.3704,34.0203],[127.3743,34.0206]]],[[[127.374,34.0116],[127.3734,34.0156],[127.371,34.0152],[127.3713,34.013],[127.3729,34.0114],[127.374,34.0116]]],[[[127.5784,34.5961],[127.5802,34.5977],[127.5795,34.5993],[127.5773,34.6001],[127.5768,34.5979],[127.5784,34.5961]]],[[[127.5685,34.5912],[127.5702,34.592],[127.5688,34.5943],[127.5657,34.5929],[127.5657,34.5921],[127.5685,34.5912]]],[[[127.7118,34.712],[127.7124,34.7124],[127.7118,34.7156],[127.71,34.717],[127.7095,34.7145],[127.7118,34.712]]],[[[127.7743,34.5354],[127.774,34.5376],[127.7726,34.5379],[127.7701,34.535],[127.7743,34.5354]]],[[[127.5678,34.5857],[127.5669,34.5869],[127.5623,34.5885],[127.5633,34.5865],[127.5678,34.5857]]],[[[127.712,34.7213],[127.7088,34.7199],[127.7096,34.7193],[127.7147,34.7198],[127.712,34.7213]]],[[[127.7339,34.6613],[127.734,34.6639],[127.7332,34.6649],[127.7314,34.6642],[127.7316,34.6625],[127.7339,34.6613]]],[[[127.6822,34.5774],[127.682,34.5805],[127.6788,34.579],[127.6789,34.5783],[127.6822,34.5774]]],[[[127.2674,34.2308],[127.2656,34.2335],[127.2636,34.2336],[127.2642,34.2317],[127.2674,34.2308]]],[[[127.782,34.4534],[127.7815,34.4527],[127.7834,34.4517],[127.7851,34.4515],[127.7866,34.4525],[127.782,34.4534]]],[[[127.7131,34.6437],[127.7118,34.6425],[127.7135,34.6413],[127.7155,34.643],[127.7131,34.6437]]],[[[127.3747,34.0067],[127.3746,34.0087],[127.3736,34.0098],[127.3726,34.0082],[127.373,34.0063],[127.3747,34.0067]]],[[[127.7271,34.867],[127.7307,34.8676],[127.7314,34.8685],[127.7277,34.8685],[127.7266,34.8673],[127.7271,34.867]]],[[[127.7106,34.6707],[127.7081,34.6712],[127.7104,34.6693],[127.7133,34.6703],[127.7127,34.671],[127.7106,34.6707]]],[[[127.7956,34.6914],[127.7936,34.694],[127.7923,34.6935],[127.793,34.6917],[127.7956,34.6914]]],[[[127.8061,34.5009],[127.8077,34.5021],[127.8073,34.5034],[127.8043,34.5026],[127.8061,34.5009]]],[[[127.5354,34.2532],[127.536,34.2552],[127.534,34.2559],[127.5337,34.2541],[127.5354,34.2532]]],[[[127.3249,34.0229],[127.3233,34.0223],[127.3226,34.0205],[127.3246,34.021],[127.3262,34.0225],[127.3249,34.0229]]],[[[127.7139,34.6363],[127.7142,34.6369],[127.712,34.6375],[127.7099,34.6362],[127.7122,34.6358],[127.7139,34.6363]]],[[[127.6462,34.6321],[127.6475,34.6337],[127.6478,34.636],[127.6468,34.6355],[127.6454,34.6326],[127.6462,34.6321]]],[[[127.7195,34.8635],[127.7203,34.8639],[127.719,34.8651],[127.7166,34.8642],[127.7195,34.8635]]],[[[127.6816,34.6766],[127.6806,34.6756],[127.6844,34.6754],[127.6833,34.6766],[127.6816,34.6766]]],[[[127.5505,34.6575],[127.5515,34.6585],[127.5508,34.6597],[127.5488,34.6577],[127.5505,34.6575]]],[[[127.7039,34.6877],[127.7053,34.6854],[127.7065,34.686],[127.7065,34.687],[127.7039,34.6877]]],[[[127.7979,34.6078],[127.7997,34.6089],[127.797,34.6101],[127.7968,34.6094],[127.7979,34.6078]]],[[[127.5424,34.258],[127.5428,34.2589],[127.5421,34.2598],[127.5405,34.2595],[127.5406,34.2581],[127.5424,34.258]]],[[[127.8007,34.6462],[127.801,34.6481],[127.7999,34.6488],[127.7991,34.6469],[127.8007,34.6462]]],[[[127.5575,34.7805],[127.5583,34.7827],[127.5559,34.7825],[127.5575,34.7805]]],[[[127.2629,34.2114],[127.2637,34.2119],[127.2628,34.213],[127.2606,34.213],[127.2607,34.2123],[127.2629,34.2114]]],[[[127.6463,34.8476],[127.6469,34.8479],[127.6447,34.85],[127.6441,34.8493],[127.6446,34.848],[127.6463,34.8476]]],[[[127.4624,34.2342],[127.4613,34.2353],[127.4604,34.2345],[127.461,34.2339],[127.4624,34.2342]]]]}},{"type":"Feature","properties":{"sigun":"순천시"},"geometry":{"type":"Polygon","coordinates":[[[127.3358,35.0781],[127.3336,35.0768],[127.3293,35.0722],[127.3214,35.0694],[127.3174,35.0734],[127.3129,35.0758],[127.3025,35.0768],[127.2994,35.0784],[127.2979,35.0821],[127.2914,35.0861],[127.2872,35.0847],[127.2822,35.085],[127.2807,35.09],[127.2789,35.0916],[127.2721,35.0863],[127.2616,35.0819],[127.2596,35.0835],[127.2607,35.0886],[127.2624,35.0911],[127.2618,35.0952],[127.2598,35.0984],[127.2499,35.1055],[127.2462,35.11],[127.2454,35.1081],[127.2455,35.1015],[127.2412,35.1018],[127.2399,35.1114],[127.2334,35.1151],[127.2225,35.117],[127.2193,35.1193],[127.2177,35.1238],[127.2187,35.1289],[127.2143,35.1327],[127.2117,35.1329],[127.2059,35.1302],[127.1977,35.1324],[127.1951,35.1304],[127.193,35.1301],[127.1905,35.1257],[127.1877,35.1237],[127.1892,35.119],[127.1873,35.1167],[127.1905,35.1119],[127.1895,35.1091],[127.1881,35.1084],[127.1874,35.107],[127.1868,35.1017],[127.1846,35.0993],[127.1831,35.0988],[127.1822,35.0955],[127.183,35.0929],[127.1852,35.0919],[127.1856,35.0909],[127.1846,35.0844],[127.1853,35.0698],[127.1919,35.065],[127.1884,35.0584],[127.185,35.0561],[127.1851,35.0519],[127.1836,35.0481],[127.1843,35.0414],[127.1835,35.0346],[127.1869,35.0282],[127.1857,35.0202],[127.1877,35.0121],[127.1825,35.0107],[127.178,35.0063],[127.1787,35.0045],[127.178,35.0014],[127.1768,35.0005],[127.1757,34.9973],[127.1776,34.9934],[127.1758,34.9916],[127.1749,34.9883],[127.1791,34.9854],[127.1792,34.9844],[127.1772,34.9801],[127.1749,34.9779],[127.1838,34.9694],[127.1872,34.969],[127.1898,34.9707],[127.1904,34.9729],[127.1899,34.9762],[127.188,34.9788],[127.1884,34.9813],[127.1949,34.9877],[127.1995,34.989],[127.2013,34.9882],[127.2048,34.9765],[127.2065,34.9745],[127.2092,34.9732],[127.2038,34.9668],[127.2071,34.9647],[127.212,34.9582],[127.2188,34.9568],[127.2205,34.9558],[127.2239,34.9474],[127.2239,34.9399],[127.2279,34.9371],[127.2322,34.9363],[127.2368,34.9287],[127.2366,34.9252],[127.2397,34.9215],[127.2376,34.9201],[127.2338,34.9198],[127.2323,34.918],[127.232,34.9148],[127.2287,34.906],[127.2288,34.9021],[127.226,34.8987],[127.2273,34.8957],[127.2361,34.8939],[127.2427,34.8871],[127.2467,34.8855],[127.2486,34.8866],[127.2523,34.8845],[127.2581,34.8862],[127.2593,34.89],[127.2622,34.8923],[127.2645,34.8899],[127.2673,34.8897],[127.2701,34.8908],[127.2735,34.8903],[127.2795,34.8932],[127.2823,34.8973],[127.2912,34.9013],[127.2994,34.9019],[127.3041,34.9008],[127.3141,34.8922],[127.3233,34.8875],[127.325,34.8835],[127.3277,34.8844],[127.3275,34.8855],[127.3307,34.8883],[127.3355,34.8897],[127.3366,34.887],[127.3362,34.8822],[127.3402,34.8777],[127.3388,34.8738],[127.3397,34.8703],[127.3439,34.8674],[127.3569,34.8641],[127.3607,34.8656],[127.3631,34.8683],[127.3663,34.868],[127.3671,34.8625],[127.3722,34.8592],[127.3787,34.8535],[127.3789,34.8523],[127.3772,34.8503],[127.3794,34.8474],[127.3787,34.8453],[127.3801,34.843],[127.3832,34.8416],[127.3866,34.8418],[127.392,34.8401],[127.3974,34.8425],[127.4016,34.843],[127.4055,34.842],[127.4135,34.8369],[127.4163,34.8341],[127.4169,34.8325],[127.4195,34.8321],[127.4197,34.8309],[127.423,34.8319],[127.4261,34.8353],[127.4324,34.8357],[127.4342,34.8398],[127.439,34.8387],[127.4399,34.8364],[127.4472,34.8367],[127.4492,34.8373],[127.4504,34.8395],[127.4519,34.8403],[127.4574,34.841],[127.4609,34.8406],[127.4643,34.8424],[127.4662,34.8446],[127.4725,34.8449],[127.4806,34.8417],[127.4858,34.8417],[127.4895,34.8436],[127.4924,34.8468],[127.4927,34.8519],[127.4903,34.8552],[127.4899,34.8573],[127.494,34.8581],[127.495,34.8609],[127.4944,34.8671],[127.4901,34.8673],[127.4882,34.8695],[127.4905,34.8697],[127.4901,34.8732],[127.4909,34.8767],[127.4958,34.8745],[127.4975,34.8749],[127.4977,34.8766],[127.5008,34.8771],[127.5023,34.8746],[127.5044,34.8744],[127.5144,34.8781],[127.5134,34.8805],[127.5121,34.8812],[127.5181,34.8807],[127.5174,34.8751],[127.5148,34.8697],[127.5157,34.8662],[127.5165,34.864],[127.5188,34.8631],[127.5199,34.859],[127.5206,34.8584],[127.5222,34.8589],[127.5233,34.8553],[127.5227,34.85],[127.5256,34.8453],[127.5325,34.8414],[127.5319,34.8397],[127.5327,34.836],[127.5322,34.8395],[127.5329,34.8413],[127.5387,34.8415],[127.5422,34.8433],[127.5436,34.8505],[127.5479,34.8522],[127.551,34.8563],[127.5496,34.8591],[127.5505,34.8632],[127.5467,34.8661],[127.5423,34.8672],[127.5389,34.874],[127.5358,34.8781],[127.5374,34.8815],[127.541,34.8849],[127.5464,34.8864],[127.5478,34.8889],[127.5502,34.8895],[127.5557,34.8868],[127.5613,34.888],[127.5678,34.885],[127.5726,34.8846],[127.5745,34.8853],[127.583,34.8855],[127.5855,34.8865],[127.5897,34.8864],[127.5939,34.889],[127.5899,34.8933],[127.5929,34.8952],[127.5905,34.9064],[127.5868,34.9149],[127.5898,34.9168],[127.5883,34.9182],[127.5778,34.9181],[127.5773,34.9189],[127.5781,34.941],[127.5748,34.943],[127.5747,34.9411],[127.5728,34.9401],[127.566,34.9409],[127.5665,34.9436],[127.5638,34.9467],[127.5611,34.9458],[127.5568,34.9468],[127.5597,34.9505],[127.5594,34.9515],[127.5479,34.959],[127.5476,34.9617],[127.55,34.9647],[127.546,34.9715],[127.5498,34.9733],[127.5539,34.9737],[127.5575,34.9776],[127.5564,34.9812],[127.5494,34.9868],[127.5536,34.991],[127.554,34.9938],[127.5581,34.9979],[127.5652,35.0012],[127.5676,35.0015],[127.5672,35.0042],[127.5642,35.008],[127.5605,35.01],[127.5581,35.0157],[127.5579,35.0196],[127.5607,35.0249],[127.5568,35.0296],[127.5565,35.0331],[127.5576,35.036],[127.5504,35.0394],[127.5495,35.041],[127.5445,35.0451],[127.539,35.049],[127.5364,35.0497],[127.5355,35.0541],[127.5281,35.0602],[127.5282,35.0639],[127.5261,35.066],[127.5256,35.0729],[127.5272,35.0786],[127.5309,35.0818],[127.5319,35.0837],[127.5299,35.0881],[127.5304,35.0893],[127.529,35.0948],[127.5313,35.0958],[127.5323,35.098],[127.533,35.1005],[127.5326,35.1058],[127.5337,35.1066],[127.5322,35.1077],[127.5316,35.1124],[127.5266,35.1142],[127.5211,35.1206],[127.52,35.1242],[127.5186,35.1256],[127.5167,35.1244],[127.5109,35.1239],[127.5036,35.1242],[127.4968,35.1278],[127.4985,35.1315],[127.4982,35.1334],[127.4941,35.1371],[127.4887,35.1438],[127.487,35.1447],[127.485,35.1485],[127.4818,35.1524],[127.4718,35.1556],[127.4695,35.1589],[127.4662,35.1616],[127.4635,35.1615],[127.4582,35.1631],[127.4469,35.1686],[127.4338,35.1797],[127.4227,35.1861],[127.4144,35.1884],[127.4064,35.1891],[127.4046,35.186],[127.4076,35.1826],[127.4069,35.1754],[127.4112,35.1688],[127.4112,35.1647],[127.41,35.1608],[127.4115,35.1584],[127.4122,35.1494],[127.4114,35.1463],[127.403,35.1416],[127.4002,35.1387],[127.4015,35.1353],[127.3942,35.1276],[127.3861,35.1258],[127.3857,35.1251],[127.3866,35.1237],[127.3867,35.1217],[127.3825,35.1164],[127.3828,35.1127],[127.3757,35.1008],[127.3691,35.0983],[127.3621,35.0982],[127.3594,35.0968],[127.3513,35.0979],[127.3498,35.0988],[127.3447,35.0985],[127.3398,35.0942],[127.3375,35.0934],[127.3353,35.0879],[127.338,35.0812],[127.3358,35.0781]]]}},{"type":"Feature","properties":{"sigun":"나주시"},"geometry":{"type":"Polygon","coordinates":[[[126.8921,35.0782],[126.8851,35.0815],[126.8811,35.0788],[126.8718,35.0743],[126.8654,35.0752],[126.8624,35.0768],[126.8606,35.0787],[126.8557,35.0781],[126.8532,35.0737],[126.848,35.072],[126.8479,35.0707],[126.8429,35.0653],[126.8371,35.0658],[126.8363,35.064],[126.8302,35.0621],[126.8268,35.0624],[126.8222,35.0599],[126.819,35.0525],[126.8142,35.0534],[126.8037,35.0524],[126.8029,35.0552],[126.8011,35.0574],[126.7982,35.0593],[126.797,35.0591],[126.7952,35.0612],[126.7823,35.0544],[126.78,35.0534],[126.7757,35.0533],[126.7701,35.0546],[126.7672,35.0568],[126.7675,35.0596],[126.769,35.0622],[126.7687,35.0649],[126.7663,35.0651],[126.7609,35.063],[126.757,35.0595],[126.7556,35.0625],[126.7528,35.0645],[126.7534,35.0663],[126.7572,35.0686],[126.7615,35.0689],[126.7661,35.0677],[126.7689,35.0687],[126.7709,35.07],[126.7706,35.0728],[126.7686,35.0738],[126.7647,35.0786],[126.7658,35.0831],[126.7634,35.0844],[126.7628,35.0863],[126.7635,35.0868],[126.7617,35.0885],[126.762,35.091],[126.754,35.0919],[126.7539,35.0933],[126.751,35.0969],[126.7488,35.1018],[126.7477,35.1026],[126.7467,35.1023],[126.743,35.1053],[126.7384,35.1076],[126.7355,35.1079],[126.7343,35.1113],[126.7325,35.1129],[126.7306,35.1121],[126.7312,35.1081],[126.7284,35.1073],[126.7193,35.1084],[126.7157,35.1107],[126.7088,35.1094],[126.7055,35.1129],[126.7017,35.1124],[126.7,35.109],[126.6958,35.1076],[126.6935,35.109],[126.6924,35.1082],[126.6907,35.1109],[126.6851,35.1121],[126.6834,35.1115],[126.6851,35.1083],[126.6841,35.1077],[126.68,35.1075],[126.6765,35.1048],[126.6695,35.1045],[126.6677,35.1051],[126.6671,35.1066],[126.6689,35.1079],[126.6692,35.1121],[126.6666,35.1125],[126.6634,35.1148],[126.6571,35.1134],[126.6552,35.115],[126.6557,35.1107],[126.654,35.1075],[126.6482,35.1053],[126.6468,35.1035],[126.6467,35.101],[126.6485,35.099],[126.6472,35.0958],[126.6388,35.0936],[126.6355,35.0945],[126.6292,35.0921],[126.6233,35.0869],[126.6197,35.0882],[126.6176,35.0908],[126.6134,35.0911],[126.6085,35.0929],[126.6053,35.0965],[126.6048,35.0992],[126.5996,35.0998],[126.5938,35.0979],[126.5971,35.0956],[126.5978,35.0932],[126.5954,35.0871],[126.5955,35.0831],[126.5928,35.0794],[126.5911,35.0699],[126.5918,35.0682],[126.5881,35.0584],[126.5885,35.0535],[126.5897,35.05],[126.5891,35.0486],[126.5867,35.0482],[126.5896,35.0417],[126.5905,35.0365],[126.5936,35.0339],[126.593,35.0322],[126.5945,35.0279],[126.5922,35.0226],[126.5899,35.0195],[126.5864,35.0175],[126.5858,35.0148],[126.5871,35.0131],[126.5893,35.0127],[126.5946,35.0135],[126.5987,35.0128],[126.5995,35.0113],[126.599,35.0073],[126.5957,35.0041],[126.5944,35.0046],[126.5945,35.0067],[126.5936,35.0065],[126.5934,35.0049],[126.5945,35.0026],[126.5966,35.0005],[126.5962,34.999],[126.592,34.9962],[126.5947,34.9953],[126.597,34.9959],[126.5983,34.998],[126.5991,34.9969],[126.5976,34.995],[126.5911,34.9925],[126.5913,34.9913],[126.5866,34.9883],[126.5827,34.9819],[126.5808,34.9768],[126.574,34.9728],[126.5708,34.9738],[126.5676,34.984],[126.5629,34.9878],[126.5599,34.9884],[126.5542,34.9877],[126.551,34.9865],[126.546,34.9829],[126.542,34.9783],[126.538,34.9679],[126.5296,34.955],[126.5281,34.9485],[126.5286,34.9451],[126.5335,34.9354],[126.5418,34.9243],[126.5419,34.9199],[126.5389,34.9176],[126.5364,34.9177],[126.5288,34.9265],[126.5238,34.9291],[126.5211,34.9292],[126.5158,34.9262],[126.5141,34.9237],[126.5135,34.9202],[126.5145,34.9161],[126.5173,34.9117],[126.5242,34.9056],[126.5484,34.8799],[126.552,34.8724],[126.5532,34.8632],[126.5632,34.869],[126.5681,34.8729],[126.5707,34.8766],[126.5725,34.8824],[126.5723,34.8923],[126.5741,34.8937],[126.5776,34.8941],[126.5801,34.8954],[126.5796,34.9017],[126.5804,34.9053],[126.5785,34.9066],[126.5746,34.9066],[126.5732,34.9081],[126.5745,34.9153],[126.5758,34.9162],[126.5789,34.9168],[126.5797,34.9197],[126.5827,34.9204],[126.5841,34.9189],[126.5829,34.9168],[126.5848,34.9154],[126.5878,34.9166],[126.588,34.9184],[126.5894,34.9191],[126.5913,34.9183],[126.5912,34.9161],[126.5928,34.915],[126.5967,34.9158],[126.5955,34.9204],[126.5931,34.9218],[126.5927,34.9233],[126.5954,34.9259],[126.5981,34.9235],[126.6021,34.9232],[126.603,34.9239],[126.6021,34.9262],[126.5998,34.9269],[126.5993,34.9279],[126.6007,34.9293],[126.605,34.9302],[126.6058,34.9297],[126.6049,34.9281],[126.6075,34.9259],[126.6117,34.9264],[126.6115,34.9246],[126.61,34.9237],[126.6118,34.9227],[126.6129,34.9225],[126.6146,34.9251],[126.6184,34.926],[126.6262,34.921],[126.6286,34.9208],[126.6281,34.9197],[126.6287,34.9176],[126.6316,34.9145],[126.6324,34.9105],[126.632,34.9091],[126.6348,34.907],[126.6355,34.9009],[126.6346,34.8977],[126.6295,34.8991],[126.6281,34.8988],[126.6278,34.8964],[126.6303,34.8937],[126.631,34.8885],[126.6401,34.8886],[126.6415,34.8904],[126.644,34.8913],[126.65,34.8887],[126.6514,34.8935],[126.6601,34.8928],[126.6613,34.8934],[126.6639,34.8923],[126.6646,34.8901],[126.6641,34.8883],[126.6649,34.8873],[126.6691,34.8867],[126.6706,34.8832],[126.6725,34.8818],[126.6753,34.8819],[126.6766,34.883],[126.6738,34.8876],[126.6749,34.8909],[126.6782,34.8933],[126.6803,34.8923],[126.6821,34.8938],[126.6805,34.8969],[126.6789,34.8974],[126.6766,34.9033],[126.6761,34.9073],[126.6772,34.9093],[126.6758,34.9118],[126.6766,34.914],[126.6762,34.9165],[126.6693,34.9268],[126.6648,34.9276],[126.6642,34.9269],[126.663,34.927],[126.6618,34.9295],[126.6625,34.9351],[126.6682,34.9418],[126.6685,34.9451],[126.6764,34.9463],[126.6776,34.9451],[126.684,34.9448],[126.6885,34.9427],[126.6913,34.9419],[126.6951,34.9423],[126.699,34.9405],[126.7026,34.9348],[126.702,34.9332],[126.703,34.93],[126.7077,34.924],[126.7159,34.9176],[126.7148,34.913],[126.7117,34.9086],[126.7118,34.9067],[126.7133,34.9071],[126.7162,34.9051],[126.7179,34.8988],[126.7194,34.8971],[126.72,34.8932],[126.7263,34.8893],[126.7334,34.8904],[126.7415,34.8948],[126.7448,34.898],[126.7504,34.8963],[126.7528,34.8965],[126.7622,34.8984],[126.7635,34.9001],[126.7659,34.8994],[126.7704,34.8953],[126.7729,34.8941],[126.7768,34.889],[126.7803,34.8881],[126.7842,34.8849],[126.7834,34.8819],[126.7855,34.8793],[126.794,34.8781],[126.8009,34.8733],[126.8012,34.8701],[126.802,34.8692],[126.8054,34.868],[126.8099,34.8693],[126.8106,34.8732],[126.8117,34.8745],[126.8215,34.871],[126.8239,34.8711],[126.8338,34.8776],[126.8352,34.8801],[126.8418,34.8822],[126.8442,34.8845],[126.8502,34.8865],[126.8597,34.8868],[126.8639,34.8895],[126.8702,34.8906],[126.8713,34.8916],[126.8704,34.893],[126.871,34.8947],[126.8747,34.8979],[126.8759,34.9033],[126.872,34.9078],[126.8724,34.9178],[126.8692,34.9187],[126.8682,34.9199],[126.8684,34.9211],[126.8701,34.9222],[126.8729,34.9263],[126.873,34.9276],[126.8685,34.9331],[126.8664,34.9394],[126.872,34.9471],[126.8782,34.9499],[126.8793,34.9555],[126.8815,34.9575],[126.8817,34.9603],[126.8774,34.9635],[126.8764,34.9664],[126.8776,34.9682],[126.8842,34.9731],[126.8846,34.9776],[126.8856,34.9796],[126.8915,34.9824],[126.8947,34.9894],[126.8902,34.9942],[126.8851,35.0017],[126.8788,35.0062],[126.8725,35.0073],[126.8686,35.0099],[126.8742,35.019],[126.8758,35.0201],[126.88,35.0205],[126.8824,35.0216],[126.8824,35.026],[126.8814,35.0297],[126.8871,35.0356],[126.8897,35.0368],[126.8926,35.0417],[126.8923,35.0445],[126.8902,35.0458],[126.8902,35.0473],[126.8927,35.0508],[126.8968,35.052],[126.8998,35.0553],[126.8996,35.0569],[126.8949,35.0613],[126.8945,35.065],[126.8954,35.0669],[126.8957,35.0724],[126.8946,35.0743],[126.8912,35.0759],[126.8921,35.0782]]]}},{"type":"Feature","properties":{"sigun":"광양시"},"geometry":{"type":"MultiPolygon","coordinates":[[[[127.556,34.9756],[127.5535,34.9734],[127.5498,34.9733],[127.546,34.9715],[127.55,34.9647],[127.5476,34.9617],[127.548,34.9588],[127.5547,34.9551],[127.5594,34.9515],[127.5597,34.9505],[127.5568,34.9468],[127.5611,34.9458],[127.5638,34.9467],[127.5665,34.9436],[127.566,34.9409],[127.5728,34.9401],[127.5747,34.9411],[127.5748,34.943],[127.5781,34.941],[127.5773,34.9189],[127.5778,34.9181],[127.5883,34.9182],[127.5898,34.9168],[127.5868,34.9149],[127.5905,34.9064],[127.5929,34.8952],[127.6056,34.9034],[127.5907,34.9191],[127.5788,34.9188],[127.5802,34.9221],[127.5983,34.926],[127.5993,34.9268],[127.6,34.9384],[127.6045,34.9383],[127.6045,34.9281],[127.6076,34.9226],[127.6093,34.9214],[127.613,34.921],[127.6142,34.919],[127.614,34.9166],[127.6154,34.913],[127.6175,34.9161],[127.6226,34.9076],[127.6224,34.9052],[127.6245,34.9019],[127.64,34.8864],[127.6495,34.8921],[127.6507,34.8908],[127.671,34.9031],[127.668,34.9064],[127.6688,34.9084],[127.6732,34.9044],[127.6932,34.917],[127.6878,34.9243],[127.6925,34.9199],[127.6965,34.9182],[127.6987,34.922],[127.6964,34.923],[127.6995,34.9277],[127.7003,34.9311],[127.703,34.9332],[127.71,34.9355],[127.7215,34.9474],[127.7311,34.9548],[127.7309,34.9583],[127.7288,34.9632],[127.73,34.9632],[127.7333,34.9554],[127.7374,34.9552],[127.7457,34.9599],[127.7544,34.9622],[127.7603,34.9665],[127.7646,34.9781],[127.7674,34.9805],[127.773,34.9835],[127.7783,34.9889],[127.7865,35.0088],[127.7872,35.0172],[127.7827,35.0225],[127.7763,35.0261],[127.772,35.0295],[127.769,35.0361],[127.7687,35.0504],[127.7667,35.0545],[127.7647,35.0567],[127.7605,35.058],[127.7541,35.0564],[127.7453,35.0587],[127.7422,35.0603],[127.7403,35.062],[127.7396,35.0638],[127.7375,35.0781],[127.7348,35.0795],[127.7262,35.0796],[127.7182,35.082],[127.7065,35.0952],[127.6946,35.1031],[127.6929,35.1098],[127.693,35.1155],[127.6953,35.126],[127.6951,35.1298],[127.6938,35.132],[127.6848,35.1374],[127.682,35.1399],[127.6792,35.1443],[127.6729,35.1497],[127.6634,35.1548],[127.6597,35.1582],[127.6536,35.1597],[127.6498,35.1589],[127.6453,35.1613],[127.6439,35.1638],[127.6429,35.1679],[127.6406,35.1711],[127.6325,35.1753],[127.6288,35.1812],[127.6252,35.1834],[127.6247,35.1845],[127.617,35.1738],[127.6157,35.1689],[127.6072,35.1599],[127.6062,35.1536],[127.6038,35.1473],[127.6076,35.1436],[127.6042,35.1332],[127.605,35.1296],[127.604,35.1277],[127.6028,35.1181],[127.5947,35.1198],[127.5932,35.1214],[127.5835,35.1186],[127.5802,35.1147],[127.5707,35.1115],[127.5689,35.1095],[127.5638,35.1083],[127.5638,35.1022],[127.5596,35.0955],[127.552,35.0953],[127.5504,35.0967],[127.5376,35.1029],[127.5337,35.1066],[127.5326,35.1058],[127.533,35.1005],[127.5323,35.098],[127.5313,35.0958],[127.529,35.0948],[127.5304,35.0893],[127.5299,35.0881],[127.5319,35.0837],[127.5309,35.0818],[127.5272,35.0786],[127.5256,35.0729],[127.5261,35.066],[127.5282,35.0639],[127.5281,35.0602],[127.5355,35.0541],[127.5364,35.0497],[127.539,35.049],[127.5445,35.0451],[127.5495,35.041],[127.5504,35.0394],[127.5576,35.036],[127.5565,35.0331],[127.5568,35.0296],[127.5607,35.0249],[127.5579,35.0196],[127.5581,35.0157],[127.5605,35.01],[127.5642,35.008],[127.5672,35.0042],[127.5676,35.0015],[127.5652,35.0012],[127.5581,34.9979],[127.554,34.9938],[127.5536,34.991],[127.5494,34.9868],[127.5564,34.9812],[127.5575,34.9776],[127.556,34.9756]]],[[[127.7848,34.9155],[127.7653,34.9319],[127.7378,34.9321],[127.7356,34.9352],[127.738,34.9394],[127.7398,34.9461],[127.7362,34.9472],[127.7329,34.9502],[127.7301,34.9511],[127.7298,34.9501],[127.7244,34.948],[127.7219,34.9438],[127.7148,34.9379],[127.7145,34.9326],[127.7123,34.9314],[127.703,34.9311],[127.7043,34.9126],[127.7086,34.9127],[127.7131,34.9116],[127.715,34.9103],[127.7349,34.907],[127.7592,34.9061],[127.7606,34.8932],[127.762,34.8918],[127.7761,34.8864],[127.7844,34.8864],[127.7848,34.9155]]],[[[127.7688,34.9411],[127.7663,34.9412],[127.7678,34.9447],[127.7679,34.9537],[127.7611,34.9603],[127.759,34.9604],[127.7419,34.9523],[127.7398,34.9491],[127.7414,34.9408],[127.7447,34.9345],[127.7466,34.9332],[127.7471,34.9338],[127.7688,34.9337],[127.7688,34.9411]]]]}},{"type":"Feature","properties":{"sigun":"담양군"},"geometry":{"type":"Polygon","coordinates":[[[126.9095,35.2588],[126.9166,35.2568],[126.9206,35.2536],[126.926,35.253],[126.9309,35.2514],[126.9337,35.247],[126.9338,35.2443],[126.9326,35.2415],[126.9337,35.24],[126.9417,35.236],[126.9441,35.2312],[126.9479,35.2307],[126.952,35.2245],[126.9495,35.2228],[126.9489,35.2188],[126.9509,35.2153],[126.9564,35.2076],[126.9629,35.2034],[126.9651,35.2037],[126.9659,35.2027],[126.9663,35.2006],[126.964,35.1993],[126.9586,35.1932],[126.9594,35.1912],[126.9687,35.1809],[126.9718,35.1797],[126.9721,35.1852],[126.9749,35.1865],[126.9823,35.1839],[126.9848,35.1861],[126.9837,35.1874],[126.9849,35.1884],[126.9996,35.1884],[127.0072,35.185],[127.0123,35.1807],[127.0166,35.1794],[127.018,35.175],[127.0215,35.1735],[127.0208,35.1673],[127.0135,35.1649],[127.0126,35.1629],[127.0137,35.1614],[127.008,35.1549],[127.0101,35.1497],[127.008,35.1475],[127.0075,35.1436],[127.0111,35.1387],[127.0105,35.1338],[127.014,35.1342],[127.0169,35.1372],[127.0204,35.1384],[127.0229,35.1365],[127.0277,35.1352],[127.0349,35.1306],[127.0379,35.1314],[127.0443,35.1287],[127.0463,35.1289],[127.0471,35.1298],[127.05,35.1295],[127.0557,35.1259],[127.0587,35.1215],[127.0648,35.1209],[127.0688,35.1186],[127.0715,35.1158],[127.0737,35.1175],[127.0797,35.1194],[127.0791,35.1229],[127.08,35.1239],[127.0854,35.1264],[127.0893,35.1257],[127.0893,35.1295],[127.0881,35.1297],[127.0881,35.1314],[127.0855,35.1344],[127.0841,35.1387],[127.0841,35.1444],[127.0813,35.1478],[127.0731,35.1535],[127.0725,35.1578],[127.0692,35.1625],[127.0676,35.1749],[127.0637,35.1796],[127.0635,35.1812],[127.0655,35.1844],[127.0691,35.1852],[127.0723,35.1825],[127.081,35.1802],[127.0905,35.1816],[127.093,35.1825],[127.0965,35.1886],[127.0987,35.1882],[127.1063,35.1918],[127.1128,35.1902],[127.1141,35.1884],[127.1156,35.1886],[127.1174,35.1902],[127.1163,35.1922],[127.1162,35.1941],[127.1169,35.1947],[127.1109,35.1979],[127.1086,35.1976],[127.1055,35.1991],[127.1054,35.2019],[127.1063,35.2041],[127.102,35.2063],[127.1017,35.2111],[127.0973,35.2175],[127.0962,35.2216],[127.0937,35.2254],[127.0934,35.2309],[127.0879,35.2374],[127.0874,35.2425],[127.0843,35.2459],[127.0809,35.2481],[127.0898,35.254],[127.0919,35.2578],[127.0974,35.2614],[127.0984,35.2629],[127.0995,35.2692],[127.0947,35.2725],[127.0914,35.2775],[127.092,35.2805],[127.0908,35.2875],[127.0913,35.2891],[127.095,35.2924],[127.0959,35.295],[127.0947,35.2998],[127.0956,35.3014],[127.0967,35.3017],[127.0894,35.3067],[127.0786,35.3109],[127.0721,35.3126],[127.0656,35.3106],[127.066,35.3114],[127.0654,35.3131],[127.0618,35.3171],[127.0534,35.3174],[127.0516,35.3166],[127.0466,35.3183],[127.0433,35.3218],[127.043,35.3235],[127.0493,35.3272],[127.0511,35.3295],[127.0523,35.3402],[127.0543,35.3406],[127.0562,35.3401],[127.0585,35.3373],[127.0625,35.3361],[127.065,35.3365],[127.0703,35.3397],[127.0701,35.3419],[127.0679,35.3437],[127.0673,35.3453],[127.0694,35.348],[127.0697,35.3517],[127.0689,35.3532],[127.0665,35.3545],[127.0653,35.357],[127.0673,35.3591],[127.0703,35.3661],[127.0637,35.3699],[127.0649,35.3756],[127.0622,35.3768],[127.0559,35.3849],[127.0555,35.3833],[127.0516,35.3792],[127.0464,35.3769],[127.0391,35.38],[127.0403,35.3826],[127.0389,35.3846],[127.0353,35.3864],[127.0339,35.3888],[127.0302,35.3905],[127.0273,35.3949],[127.0273,35.3999],[127.032,35.4012],[127.0422,35.3989],[127.0472,35.4028],[127.0479,35.4056],[127.0456,35.4081],[127.0491,35.4219],[127.0523,35.4269],[127.0491,35.4313],[127.044,35.4338],[127.0404,35.4319],[127.037,35.4336],[127.0376,35.436],[127.0371,35.4412],[127.0363,35.4453],[127.0346,35.4475],[127.0359,35.4588],[127.0346,35.4658],[127.0237,35.4635],[127.0196,35.4607],[127.0182,35.4587],[127.0144,35.4575],[127.0122,35.4594],[127.0067,35.4611],[127.003,35.4632],[127.0,35.4616],[126.998,35.4559],[126.9992,35.4534],[126.9979,35.4461],[126.9942,35.4398],[126.9897,35.4392],[126.9852,35.4366],[126.984,35.435],[126.9816,35.4265],[126.9768,35.4281],[126.9729,35.4283],[126.9704,35.4274],[126.9698,35.4245],[126.9705,35.4176],[126.9719,35.4134],[126.9762,35.4075],[126.977,35.4034],[126.9765,35.4001],[126.9743,35.3999],[126.9686,35.3964],[126.9634,35.3948],[126.9548,35.3967],[126.9413,35.3944],[126.9355,35.3944],[126.9328,35.3951],[126.9301,35.4003],[126.9308,35.4014],[126.9322,35.4016],[126.9336,35.4058],[126.9301,35.4059],[126.921,35.403],[126.9196,35.402],[126.9249,35.3992],[126.9257,35.3969],[126.9255,35.3948],[126.9241,35.3926],[126.9253,35.3863],[126.9244,35.3792],[126.9211,35.3813],[126.9196,35.3837],[126.917,35.386],[126.9122,35.3817],[126.9073,35.38],[126.9041,35.3776],[126.9006,35.3728],[126.8979,35.3719],[126.8953,35.3676],[126.8957,35.3661],[126.8915,35.3646],[126.887,35.365],[126.8843,35.3616],[126.8828,35.3529],[126.8766,35.3451],[126.8759,35.3425],[126.8762,35.3415],[126.8792,35.34],[126.8793,35.3384],[126.8841,35.3311],[126.8855,35.3305],[126.8877,35.3259],[126.8801,35.3211],[126.8774,35.3227],[126.871,35.3231],[126.8641,35.3227],[126.8614,35.3212],[126.8624,35.3194],[126.8623,35.3098],[126.8631,35.3077],[126.8632,35.3016],[126.8622,35.2997],[126.8547,35.2942],[126.8599,35.2898],[126.8643,35.28],[126.8638,35.2781],[126.8664,35.2719],[126.8692,35.2707],[126.8779,35.2571],[126.8824,35.2557],[126.8816,35.2531],[126.8796,35.2515],[126.8786,35.2496],[126.879,35.2481],[126.8864,35.2463],[126.8897,35.247],[126.8925,35.2506],[126.8982,35.2528],[126.9014,35.2564],[126.9057,35.2589],[126.9095,35.2588]]]}},{"type":"Feature","properties":{"sigun":"곡성군"},"geometry":{"type":"Polygon","coordinates":[[[127.2512,35.317],[127.2504,35.3186],[127.235,35.3297],[127.234,35.3328],[127.2324,35.3349],[127.2227,35.3367],[127.2196,35.3354],[127.2161,35.3296],[127.2174,35.3208],[127.2173,35.3189],[127.2157,35.3166],[127.2099,35.3154],[127.2009,35.3158],[127.1966,35.3191],[127.1868,35.3226],[127.1842,35.3263],[127.1831,35.3301],[127.1834,35.3324],[127.1861,35.3362],[127.1816,35.338],[127.1803,35.3378],[127.1796,35.3324],[127.1729,35.3303],[127.173,35.3317],[127.1713,35.333],[127.1679,35.3317],[127.1595,35.3266],[127.1514,35.318],[127.1466,35.3154],[127.1467,35.3114],[127.1454,35.3091],[127.1341,35.3085],[127.13,35.3093],[127.1261,35.3035],[127.1157,35.2996],[127.1099,35.2999],[127.1055,35.2992],[127.1033,35.2999],[127.1011,35.3019],[127.0956,35.3014],[127.0947,35.2997],[127.0959,35.295],[127.0949,35.2923],[127.0908,35.2879],[127.092,35.2805],[127.0914,35.2776],[127.0947,35.2725],[127.0995,35.2693],[127.0984,35.2629],[127.0974,35.2614],[127.0919,35.2578],[127.0898,35.254],[127.0809,35.2481],[127.0843,35.2459],[127.0874,35.2425],[127.0879,35.2374],[127.0934,35.2309],[127.0937,35.2254],[127.0962,35.2216],[127.0973,35.2175],[127.1017,35.2111],[127.102,35.2063],[127.1063,35.2041],[127.1054,35.2019],[127.1055,35.1991],[127.1086,35.1976],[127.1109,35.1979],[127.117,35.1946],[127.1181,35.1948],[127.1205,35.1974],[127.1226,35.1976],[127.1255,35.1969],[127.1266,35.1949],[127.1317,35.1939],[127.1401,35.1949],[127.1461,35.1945],[127.1515,35.1959],[127.161,35.2001],[127.1697,35.2054],[127.174,35.2096],[127.1793,35.213],[127.1845,35.2142],[127.1888,35.2115],[127.1917,35.206],[127.1961,35.2045],[127.1973,35.2033],[127.1984,35.1961],[127.1977,35.1941],[127.2017,35.186],[127.1954,35.1798],[127.1936,35.1753],[127.1939,35.1716],[127.1891,35.1645],[127.1927,35.1604],[127.1953,35.1594],[127.1972,35.1567],[127.1969,35.153],[127.1958,35.1505],[127.1977,35.1466],[127.1969,35.1415],[127.1959,35.14],[127.1977,35.1324],[127.2059,35.1302],[127.2124,35.1331],[127.2147,35.1325],[127.2187,35.1289],[127.2177,35.1238],[127.2193,35.1193],[127.2225,35.117],[127.2334,35.1151],[127.2399,35.1114],[127.2412,35.1018],[127.2455,35.1015],[127.2454,35.1081],[127.2462,35.11],[127.2499,35.1055],[127.2598,35.0984],[127.2615,35.0958],[127.2624,35.0909],[127.2607,35.0886],[127.2596,35.0835],[127.2615,35.082],[127.2634,35.0821],[127.2721,35.0863],[127.2789,35.0916],[127.2807,35.09],[127.2822,35.085],[127.2872,35.0847],[127.2914,35.0861],[127.2979,35.0821],[127.2994,35.0784],[127.3025,35.0768],[127.3129,35.0758],[127.3174,35.0734],[127.3205,35.0699],[127.3226,35.0696],[127.3293,35.0722],[127.3336,35.0768],[127.3363,35.0784],[127.338,35.0812],[127.3353,35.0879],[127.337,35.0926],[127.3447,35.0985],[127.3498,35.0988],[127.3513,35.0979],[127.3594,35.0968],[127.3621,35.0982],[127.3691,35.0983],[127.3757,35.1008],[127.3828,35.1127],[127.3825,35.1164],[127.3867,35.1217],[127.3866,35.1237],[127.3857,35.1251],[127.3861,35.1258],[127.3942,35.1276],[127.4015,35.1353],[127.4002,35.1387],[127.403,35.1416],[127.4114,35.1463],[127.4122,35.1494],[127.4115,35.1584],[127.41,35.1608],[127.4112,35.1647],[127.4112,35.1688],[127.4069,35.1754],[127.4076,35.1826],[127.4046,35.186],[127.4064,35.1891],[127.4017,35.1905],[127.3904,35.1886],[127.3867,35.1889],[127.3827,35.1903],[127.3772,35.1936],[127.3762,35.1973],[127.3718,35.2063],[127.372,35.2123],[127.3743,35.2152],[127.3746,35.2171],[127.3735,35.2185],[127.3705,35.2199],[127.3669,35.2242],[127.3668,35.2266],[127.3679,35.2284],[127.3706,35.2259],[127.3776,35.2255],[127.3847,35.2301],[127.3903,35.2372],[127.398,35.237],[127.4029,35.2336],[127.4035,35.2367],[127.4017,35.249],[127.3977,35.2546],[127.3957,35.259],[127.3945,35.2596],[127.3921,35.2698],[127.3893,35.2756],[127.3875,35.2783],[127.3816,35.2801],[127.3801,35.2836],[127.3821,35.2905],[127.3858,35.2967],[127.3866,35.3006],[127.3845,35.3033],[127.3803,35.3045],[127.3772,35.3108],[127.3711,35.3146],[127.3669,35.3146],[127.3623,35.3171],[127.3582,35.321],[127.3509,35.3205],[127.3479,35.3188],[127.331,35.3151],[127.33,35.3136],[127.3304,35.3121],[127.3294,35.311],[127.3236,35.309],[127.3241,35.3065],[127.3085,35.3031],[127.3052,35.3032],[127.3043,35.3056],[127.3017,35.3084],[127.289,35.314],[127.2711,35.313],[127.2652,35.3137],[127.2603,35.3116],[127.2568,35.3126],[127.2527,35.3149],[127.2512,35.317]]]}},{"type":"Feature","properties":{"sigun":"구례군"},"geometry":{"type":"Polygon","coordinates":[[[127.4029,35.2336],[127.398,35.237],[127.3919,35.2375],[127.3895,35.2367],[127.3847,35.2301],[127.3776,35.2255],[127.3706,35.2259],[127.3679,35.2284],[127.3668,35.2266],[127.3669,35.2242],[127.3683,35.2224],[127.3705,35.2199],[127.3745,35.2173],[127.3745,35.2156],[127.372,35.2123],[127.3718,35.2063],[127.3762,35.1973],[127.377,35.1938],[127.381,35.1912],[127.3866,35.1889],[127.3903,35.1886],[127.4017,35.1905],[127.4227,35.1861],[127.4338,35.1797],[127.4469,35.1686],[127.4582,35.1631],[127.4635,35.1615],[127.4662,35.1616],[127.4695,35.1589],[127.4718,35.1556],[127.4818,35.1524],[127.485,35.1485],[127.487,35.1447],[127.4887,35.1438],[127.4941,35.1371],[127.4982,35.1334],[127.4985,35.1315],[127.4968,35.1278],[127.5036,35.1242],[127.5109,35.1239],[127.5167,35.1244],[127.5186,35.1256],[127.52,35.1242],[127.5211,35.1206],[127.5266,35.1142],[127.5316,35.1124],[127.5322,35.1077],[127.5352,35.1048],[127.552,35.0953],[127.5596,35.0955],[127.5638,35.1022],[127.5638,35.1083],[127.5689,35.1095],[127.5707,35.1115],[127.5802,35.1147],[127.5835,35.1186],[127.5932,35.1214],[127.5947,35.1198],[127.6028,35.1181],[127.604,35.1277],[127.605,35.1296],[127.6042,35.1332],[127.6076,35.1436],[127.6038,35.1473],[127.6062,35.1536],[127.6072,35.1599],[127.6157,35.1689],[127.617,35.1738],[127.6247,35.1845],[127.6214,35.1885],[127.6212,35.1925],[127.6174,35.2037],[127.6172,35.2101],[127.6209,35.2135],[127.6209,35.223],[127.6184,35.2312],[127.6187,35.2368],[127.6131,35.2412],[127.6126,35.2474],[127.6149,35.2503],[127.6136,35.2519],[127.6113,35.259],[127.61,35.2619],[127.5989,35.2673],[127.5958,35.2682],[127.595,35.2716],[127.5907,35.2754],[127.5905,35.2793],[127.5877,35.283],[127.5865,35.2864],[127.5825,35.2914],[127.5768,35.2961],[127.5761,35.3064],[127.5774,35.309],[127.5727,35.312],[127.5682,35.3183],[127.5602,35.3213],[127.5554,35.322],[127.5521,35.3251],[127.5438,35.3277],[127.5421,35.3291],[127.5414,35.3337],[127.5407,35.3344],[127.5341,35.3355],[127.5305,35.3373],[127.5247,35.3449],[127.5223,35.3462],[127.5173,35.3471],[127.5142,35.3513],[127.5082,35.3533],[127.5032,35.3578],[127.4956,35.3608],[127.4926,35.3589],[127.4861,35.3584],[127.4816,35.361],[127.4797,35.3636],[127.4776,35.365],[127.4733,35.3661],[127.4644,35.3639],[127.4586,35.3636],[127.4542,35.3607],[127.4502,35.3613],[127.4468,35.3605],[127.4429,35.3613],[127.4413,35.3644],[127.4372,35.3632],[127.4313,35.3595],[127.4241,35.3524],[127.42,35.345],[127.416,35.3409],[127.4155,35.3373],[127.4099,35.3332],[127.4082,35.3313],[127.4085,35.3295],[127.4074,35.3284],[127.4015,35.3251],[127.4001,35.3222],[127.4011,35.3199],[127.3985,35.3117],[127.3964,35.3105],[127.394,35.3105],[127.3872,35.3044],[127.3845,35.3033],[127.3866,35.3006],[127.3864,35.2984],[127.3821,35.2905],[127.3801,35.2837],[127.3816,35.2801],[127.3875,35.2783],[127.3898,35.2734],[127.3912,35.2724],[127.3945,35.2596],[127.3957,35.259],[127.3977,35.2546],[127.4017,35.249],[127.4035,35.2367],[127.4029,35.2336]]]}},{"type":"Feature","properties":{"sigun":"고흥군"},"geometry":{"type":"MultiPolygon","coordinates":[[[[127.2256,34.639],[127.2221,34.6335],[127.2076,34.6287],[127.2018,34.597],[127.2052,34.5942],[127.2132,34.5936],[127.2215,34.5882],[127.2249,34.5868],[127.2261,34.5846],[127.2162,34.5911],[127.2117,34.5927],[127.2041,34.5927],[127.198,34.5967],[127.2018,34.6175],[127.2029,34.6383],[127.1979,34.6478],[127.1977,34.651],[127.1962,34.6517],[127.1957,34.6498],[127.1962,34.6474],[127.1952,34.6452],[127.1939,34.6438],[127.1896,34.6437],[127.1854,34.6395],[127.1824,34.6345],[127.1785,34.6301],[127.1724,34.6271],[127.171,34.6235],[127.1733,34.6219],[127.1734,34.621],[127.1713,34.6177],[127.1709,34.6149],[127.1722,34.6133],[127.1724,34.6111],[127.1712,34.6074],[127.1724,34.6064],[127.1706,34.604],[127.1693,34.6046],[127.1673,34.6025],[127.1675,34.6004],[127.1692,34.5993],[127.1716,34.5956],[127.1708,34.5945],[127.1694,34.5928],[127.1646,34.591],[127.1627,34.5904],[127.1596,34.5912],[127.1503,34.5942],[127.1506,34.5985],[127.1485,34.6007],[127.1447,34.5952],[127.1423,34.5899],[127.1441,34.5867],[127.1451,34.5863],[127.1443,34.584],[127.1423,34.5818],[127.1378,34.5792],[127.1337,34.579],[127.1327,34.5783],[127.1331,34.5759],[127.1358,34.5753],[127.1357,34.5736],[127.1339,34.5727],[127.1284,34.5733],[127.1228,34.5671],[127.1132,34.5593],[127.1148,34.5564],[127.1135,34.5491],[127.1121,34.5462],[127.1213,34.5409],[127.1218,34.5396],[127.1207,34.5346],[127.1211,34.5301],[127.1229,34.5289],[127.1341,34.5266],[127.1368,34.523],[127.1429,34.5233],[127.1458,34.521],[127.1481,34.521],[127.1484,34.5242],[127.1519,34.5261],[127.1534,34.5239],[127.1618,34.5242],[127.1665,34.5259],[127.1678,34.5258],[127.1691,34.5221],[127.1729,34.5202],[127.1762,34.5242],[127.1737,34.5264],[127.1787,34.5309],[127.1944,34.5324],[127.1983,34.5276],[127.2071,34.521],[127.2084,34.519],[127.2081,34.5167],[127.2118,34.5164],[127.2121,34.5181],[127.2111,34.5202],[127.2095,34.5205],[127.2094,34.5267],[127.2098,34.5274],[127.2125,34.527],[127.2131,34.5242],[127.2147,34.5241],[127.2173,34.5288],[127.2159,34.5292],[127.2202,34.534],[127.2257,34.5258],[127.2281,34.5253],[127.229,34.5264],[127.2334,34.5248],[127.2335,34.5234],[127.2322,34.521],[127.2301,34.5193],[127.2304,34.5178],[127.2364,34.517],[127.2392,34.5175],[127.2422,34.5148],[127.2453,34.5145],[127.2444,34.5212],[127.2455,34.5219],[127.2512,34.5217],[127.2554,34.5205],[127.2585,34.5169],[127.2593,34.5132],[127.268,34.511],[127.2761,34.5027],[127.2809,34.502],[127.2829,34.4975],[127.2818,34.496],[127.278,34.4953],[127.2811,34.4934],[127.2827,34.4912],[127.2803,34.4901],[127.2764,34.4927],[127.2736,34.4925],[127.269,34.4881],[127.2671,34.4829],[127.2676,34.4822],[127.2737,34.4789],[127.2767,34.4782],[127.2777,34.4803],[127.2808,34.4805],[127.2802,34.4786],[127.2876,34.4767],[127.2912,34.4742],[127.2914,34.4723],[127.2929,34.4706],[127.297,34.4711],[127.3007,34.4703],[127.3013,34.4675],[127.2992,34.4668],[127.2974,34.4633],[127.2984,34.463],[127.3036,34.4643],[127.3045,34.4624],[127.3017,34.4591],[127.3019,34.4576],[127.3034,34.4572],[127.3059,34.4583],[127.3084,34.4621],[127.31,34.4619],[127.3109,34.4606],[127.3088,34.4594],[127.3088,34.458],[127.3119,34.4583],[127.3159,34.455],[127.3161,34.4539],[127.3148,34.4534],[127.3095,34.4554],[127.3057,34.4545],[127.3042,34.4533],[127.3046,34.4497],[127.3065,34.4483],[127.3093,34.4483],[127.3107,34.4499],[127.314,34.4478],[127.3143,34.4454],[127.3182,34.4449],[127.3192,34.4438],[127.3189,34.4421],[127.3218,34.4414],[127.3276,34.4413],[127.3386,34.4454],[127.3407,34.449],[127.3398,34.4501],[127.3382,34.4504],[127.3381,34.4524],[127.3394,34.4546],[127.3373,34.4573],[127.3335,34.4579],[127.3263,34.4623],[127.3223,34.4632],[127.321,34.4616],[127.3191,34.4616],[127.317,34.4636],[127.3199,34.4631],[127.3208,34.4648],[127.3191,34.4677],[127.3234,34.4702],[127.3309,34.4675],[127.331,34.465],[127.3327,34.4634],[127.3376,34.4678],[127.3361,34.4709],[127.3308,34.4735],[127.3274,34.4736],[127.3261,34.4744],[127.3252,34.4765],[127.3315,34.4757],[127.334,34.479],[127.3413,34.4809],[127.3383,34.4831],[127.3389,34.4842],[127.3405,34.484],[127.3414,34.4848],[127.3406,34.4894],[127.3434,34.4876],[127.3429,34.4865],[127.344,34.4834],[127.3459,34.4821],[127.3512,34.4809],[127.3527,34.4816],[127.354,34.4838],[127.3548,34.4865],[127.354,34.4897],[127.3584,34.4915],[127.3604,34.4915],[127.3662,34.4868],[127.3655,34.4834],[127.3682,34.4809],[127.3708,34.4799],[127.373,34.48],[127.3739,34.4808],[127.3764,34.4858],[127.3781,34.4872],[127.3801,34.4858],[127.3797,34.4831],[127.3806,34.4802],[127.3824,34.4786],[127.3821,34.4813],[127.3811,34.4825],[127.3834,34.4857],[127.3844,34.4861],[127.3868,34.4833],[127.3915,34.4885],[127.3902,34.491],[127.3871,34.4933],[127.385,34.498],[127.3794,34.5023],[127.3801,34.5038],[127.3857,34.505],[127.3879,34.5066],[127.3875,34.5089],[127.3889,34.5097],[127.3926,34.509],[127.3918,34.5063],[127.3936,34.5049],[127.3958,34.5053],[127.4009,34.5043],[127.404,34.505],[127.4053,34.5098],[127.4073,34.5122],[127.4043,34.5138],[127.404,34.5152],[127.4057,34.5181],[127.4082,34.5195],[127.4131,34.5196],[127.4139,34.5205],[127.4134,34.5214],[127.4183,34.5181],[127.4174,34.5165],[127.4179,34.5151],[127.4218,34.5138],[127.4251,34.5139],[127.426,34.5132],[127.4254,34.5114],[127.4293,34.5118],[127.4308,34.5132],[127.4297,34.5153],[127.4253,34.5173],[127.431,34.5186],[127.4313,34.5195],[127.4303,34.5207],[127.4277,34.5202],[127.4265,34.5211],[127.4251,34.5235],[127.4234,34.5293],[127.4245,34.5307],[127.427,34.5309],[127.4285,34.5369],[127.4323,34.5371],[127.4348,34.5348],[127.436,34.5363],[127.4353,34.54],[127.4307,34.5415],[127.4279,34.5401],[127.4266,34.5409],[127.4266,34.5431],[127.4281,34.5442],[127.4327,34.5432],[127.4341,34.5458],[127.4382,34.5487],[127.4374,34.5503],[127.4328,34.5523],[127.4287,34.5497],[127.427,34.5475],[127.426,34.5489],[127.4262,34.551],[127.4296,34.5526],[127.4312,34.5543],[127.4305,34.5552],[127.4272,34.5551],[127.4266,34.5541],[127.427,34.5532],[127.4263,34.5529],[127.4172,34.5522],[127.4164,34.5532],[127.4185,34.5547],[127.4229,34.5557],[127.4234,34.5567],[127.4227,34.5572],[127.4194,34.5566],[127.4179,34.555],[127.4171,34.5551],[127.415,34.5565],[127.4177,34.5585],[127.4138,34.5587],[127.411,34.5574],[127.4126,34.5563],[127.4124,34.5557],[127.4101,34.5555],[127.4053,34.5579],[127.3965,34.5597],[127.3963,34.5638],[127.4041,34.5687],[127.4068,34.5676],[127.4067,34.5663],[127.4026,34.5631],[127.4062,34.5607],[127.4097,34.5613],[127.4106,34.5626],[127.4134,34.5635],[127.421,34.5638],[127.4212,34.5645],[127.4196,34.5654],[127.4206,34.5672],[127.4279,34.5646],[127.4297,34.5657],[127.4266,34.5709],[127.4199,34.5731],[127.4172,34.5718],[127.4164,34.5698],[127.4149,34.5689],[127.4069,34.5679],[127.4043,34.5691],[127.4037,34.5726],[127.4087,34.5783],[127.4087,34.5799],[127.4055,34.5805],[127.4029,34.5778],[127.3991,34.5762],[127.3959,34.5785],[127.3941,34.5813],[127.3955,34.5869],[127.401,34.5896],[127.4108,34.5899],[127.4141,34.5849],[127.4161,34.5831],[127.4188,34.5823],[127.4219,34.5843],[127.426,34.5847],[127.429,34.5877],[127.4334,34.5884],[127.4345,34.5852],[127.433,34.5825],[127.4446,34.5766],[127.4519,34.5805],[127.4528,34.5825],[127.4579,34.5845],[127.4566,34.5874],[127.4564,34.5904],[127.4581,34.5914],[127.4617,34.5908],[127.4593,34.5888],[127.4611,34.5842],[127.4605,34.5811],[127.4649,34.5782],[127.4691,34.5779],[127.4712,34.5767],[127.4736,34.5735],[127.476,34.5734],[127.4769,34.574],[127.4759,34.5781],[127.4809,34.5784],[127.4825,34.5774],[127.4821,34.5757],[127.4877,34.5736],[127.4887,34.5748],[127.4873,34.5756],[127.4867,34.5784],[127.4892,34.5823],[127.4916,34.5823],[127.4966,34.5857],[127.4969,34.5865],[127.4956,34.5875],[127.4971,34.5902],[127.4993,34.5907],[127.5023,34.5933],[127.5066,34.5918],[127.5085,34.5926],[127.5075,34.5949],[127.506,34.5947],[127.5063,34.6037],[127.503,34.6107],[127.4972,34.6155],[127.4988,34.619],[127.4946,34.6266],[127.4968,34.6321],[127.4925,34.6364],[127.4916,34.6357],[127.4916,34.6326],[127.4864,34.6348],[127.4859,34.6363],[127.4838,34.6369],[127.48,34.6353],[127.4746,34.6356],[127.4721,34.6381],[127.4685,34.638],[127.462,34.6407],[127.462,34.6431],[127.4592,34.6458],[127.4587,34.6473],[127.4597,34.6482],[127.4636,34.6492],[127.4675,34.6425],[127.4691,34.6412],[127.4723,34.6409],[127.4752,34.6418],[127.4752,34.6425],[127.4734,34.643],[127.4769,34.6464],[127.4783,34.6465],[127.4875,34.6421],[127.4908,34.6423],[127.4921,34.6434],[127.4904,34.6496],[127.4881,34.6515],[127.4862,34.6523],[127.4813,34.6517],[127.4797,34.653],[127.4794,34.6543],[127.4753,34.6568],[127.4747,34.6594],[127.4756,34.6625],[127.4727,34.6638],[127.4772,34.6662],[127.4784,34.6705],[127.4776,34.6719],[127.4724,34.6737],[127.4672,34.6711],[127.4625,34.6708],[127.4639,34.6663],[127.4649,34.6656],[127.4689,34.6659],[127.4699,34.6667],[127.4716,34.6657],[127.4718,34.6643],[127.4703,34.6652],[127.4669,34.6649],[127.4674,34.6628],[127.4668,34.6622],[127.4573,34.6664],[127.4581,34.6678],[127.4576,34.6692],[127.4532,34.6677],[127.4533,34.6658],[127.4484,34.6622],[127.4456,34.6624],[127.4458,34.6638],[127.4482,34.666],[127.4459,34.6679],[127.4495,34.6715],[127.447,34.6743],[127.443,34.6755],[127.4403,34.6777],[127.4402,34.6797],[127.4381,34.6795],[127.4324,34.6757],[127.4299,34.6751],[127.4289,34.6765],[127.4335,34.6797],[127.4329,34.6807],[127.4288,34.6826],[127.4254,34.6877],[127.4243,34.6914],[127.4138,34.6962],[127.4107,34.6965],[127.4081,34.6988],[127.4041,34.7001],[127.4021,34.7029],[127.4168,34.7009],[127.4202,34.7014],[127.4251,34.698],[127.4302,34.6903],[127.4326,34.6903],[127.4345,34.6893],[127.4436,34.6823],[127.4487,34.6828],[127.4484,34.686],[127.4474,34.6866],[127.4478,34.6876],[127.4501,34.6895],[127.4525,34.6893],[127.4533,34.69],[127.452,34.695],[127.4451,34.6969],[127.4441,34.696],[127.444,34.6947],[127.446,34.6927],[127.4444,34.6907],[127.4434,34.6914],[127.4418,34.696],[127.4353,34.7007],[127.4264,34.7035],[127.4227,34.7014],[127.4192,34.7033],[127.4147,34.707],[127.4066,34.7046],[127.4027,34.7062],[127.4016,34.7085],[127.397,34.7069],[127.3872,34.7153],[127.388,34.7166],[127.3914,34.7174],[127.3927,34.7187],[127.3912,34.7203],[127.3834,34.7226],[127.3832,34.7237],[127.379,34.7274],[127.3804,34.7291],[127.3795,34.734],[127.3777,34.7359],[127.3754,34.7368],[127.3733,34.7415],[127.3806,34.7506],[127.3838,34.7516],[127.3867,34.751],[127.3892,34.7517],[127.3973,34.7568],[127.3998,34.7604],[127.4023,34.7666],[127.4017,34.7687],[127.3954,34.7734],[127.393,34.7767],[127.3904,34.7766],[127.3902,34.7753],[127.3878,34.7748],[127.3741,34.778],[127.3688,34.777],[127.3696,34.7787],[127.3743,34.7798],[127.3867,34.779],[127.3876,34.7813],[127.3864,34.7828],[127.3887,34.7853],[127.3908,34.7852],[127.392,34.7831],[127.3934,34.7835],[127.3923,34.7852],[127.3899,34.7864],[127.3911,34.79],[127.3874,34.79],[127.3866,34.7913],[127.3861,34.7947],[127.3871,34.7969],[127.3837,34.8005],[127.3837,34.8023],[127.378,34.8062],[127.3727,34.8063],[127.3697,34.8108],[127.3643,34.8166],[127.3627,34.8171],[127.3603,34.8159],[127.3573,34.8168],[127.3548,34.8188],[127.3527,34.8253],[127.3472,34.8251],[127.3431,34.8279],[127.3407,34.8278],[127.3373,34.8244],[127.3298,34.8239],[127.3276,34.8224],[127.3193,34.8109],[127.3136,34.8115],[127.3089,34.8103],[127.3071,34.8109],[127.3034,34.8091],[127.3009,34.809],[127.2977,34.8091],[127.291,34.8108],[127.2874,34.8072],[127.2827,34.7988],[127.2764,34.7923],[127.2716,34.7926],[127.2627,34.7875],[127.2543,34.7892],[127.2483,34.7895],[127.2474,34.7797],[127.2461,34.7765],[127.244,34.775],[127.2434,34.7704],[127.2444,34.7694],[127.245,34.7667],[127.2435,34.761],[127.2375,34.7592],[127.2463,34.7608],[127.2454,34.7577],[127.2459,34.7559],[127.252,34.7481],[127.253,34.7442],[127.2524,34.7418],[127.2597,34.733],[127.262,34.7317],[127.2643,34.7319],[127.2658,34.7355],[127.2694,34.7372],[127.2704,34.7382],[127.2706,34.7407],[127.272,34.7416],[127.2761,34.7401],[127.2788,34.738],[127.2778,34.7368],[127.2775,34.734],[127.2858,34.7359],[127.2887,34.7329],[127.2892,34.731],[127.2927,34.7306],[127.2947,34.7326],[127.2957,34.7356],[127.2955,34.7388],[127.2972,34.7424],[127.2986,34.7432],[127.2999,34.7428],[127.3017,34.7442],[127.3036,34.7496],[127.31,34.7522],[127.3153,34.7529],[127.3269,34.7516],[127.3274,34.7506],[127.3262,34.7479],[127.3284,34.7279],[127.3313,34.7206],[127.3326,34.7148],[127.3345,34.7134],[127.3386,34.7132],[127.3405,34.7139],[127.3403,34.7155],[127.3431,34.716],[127.344,34.7145],[127.344,34.7095],[127.3424,34.7088],[127.3346,34.7088],[127.3319,34.7071],[127.3309,34.7044],[127.3308,34.7009],[127.326,34.6925],[127.3275,34.6907],[127.327,34.6895],[127.3216,34.6861],[127.3173,34.6817],[127.3189,34.6808],[127.3202,34.6786],[127.3185,34.6731],[127.3196,34.672],[127.3146,34.6652],[127.311,34.6667],[127.304,34.6671],[127.2974,34.6691],[127.2944,34.6675],[127.2915,34.6681],[127.2866,34.6675],[127.2862,34.6705],[127.2845,34.6717],[127.2795,34.673],[127.2781,34.6778],[127.2812,34.6775],[127.2806,34.6868],[127.2825,34.6892],[127.2864,34.6911],[127.2854,34.6945],[127.287,34.696],[127.2863,34.6983],[127.2852,34.6992],[127.2802,34.6997],[127.2819,34.7008],[127.2821,34.706],[127.2804,34.7108],[127.2772,34.7117],[127.2783,34.7147],[127.2814,34.7179],[127.2809,34.7187],[127.275,34.7197],[127.2741,34.7189],[127.2749,34.7174],[127.2739,34.716],[127.2689,34.7123],[127.2649,34.7137],[127.264,34.7156],[127.2624,34.7159],[127.2586,34.7124],[127.2529,34.7113],[127.2513,34.712],[127.2506,34.7103],[127.2512,34.7086],[127.2539,34.7075],[127.2534,34.7049],[127.2516,34.704],[127.2505,34.706],[127.2487,34.7067],[127.2461,34.7057],[127.2476,34.7022],[127.2439,34.7002],[127.2408,34.7006],[127.2394,34.6981],[127.2395,34.6967],[127.242,34.6945],[127.2415,34.6934],[127.2399,34.6922],[127.2379,34.6936],[127.2365,34.6929],[127.2386,34.6887],[127.2411,34.689],[127.2431,34.687],[127.2437,34.685],[127.2426,34.6826],[127.241,34.6815],[127.2343,34.6806],[127.2326,34.6786],[127.2275,34.6576],[127.2276,34.6435],[127.2256,34.639]]],[[[127.2279,34.4893],[127.2254,34.4898],[127.2213,34.4952],[127.2162,34.4964],[127.2107,34.4947],[127.2036,34.4901],[127.198,34.4882],[127.1959,34.4891],[127.1959,34.4927],[127.1894,34.4936],[127.19,34.4946],[127.1894,34.4951],[127.1823,34.4907],[127.1784,34.492],[127.1765,34.4918],[127.1761,34.4897],[127.1645,34.483],[127.1619,34.4796],[127.1572,34.4788],[127.1482,34.4814],[127.1465,34.4759],[127.144,34.4743],[127.1399,34.4734],[127.1368,34.4735],[127.1361,34.4745],[127.1357,34.4763],[127.1374,34.4786],[127.1365,34.4801],[127.1347,34.48],[127.1326,34.478],[127.1279,34.4795],[127.1238,34.4861],[127.1248,34.4894],[127.1244,34.4906],[127.1206,34.4904],[127.1189,34.4881],[127.1174,34.4876],[127.1165,34.488],[127.116,34.4901],[127.1147,34.4904],[127.1104,34.4854],[127.1123,34.484],[127.1136,34.4844],[127.1166,34.4831],[127.1163,34.4804],[127.1141,34.4775],[127.112,34.476],[127.1082,34.4763],[127.1067,34.4757],[127.1063,34.4743],[127.1073,34.4732],[127.1068,34.4724],[127.1027,34.4698],[127.1005,34.4702],[127.0962,34.4742],[127.0949,34.4739],[127.0928,34.4714],[127.0932,34.4694],[127.0963,34.4687],[127.0982,34.4663],[127.0975,34.4638],[127.0979,34.4624],[127.1002,34.4627],[127.106,34.455],[127.1008,34.4493],[127.099,34.4434],[127.102,34.4415],[127.1075,34.442],[127.1083,34.4426],[127.1082,34.4462],[127.1091,34.4477],[127.1151,34.448],[127.1168,34.4471],[127.1175,34.4455],[127.1153,34.4431],[127.1154,34.4394],[127.1168,34.4384],[127.1205,34.4381],[127.1237,34.4365],[127.1247,34.4356],[127.1242,34.4336],[127.1248,34.4315],[127.1369,34.4285],[127.1395,34.4249],[127.1411,34.4207],[127.1426,34.4208],[127.1441,34.4227],[127.1427,34.4273],[127.1453,34.4292],[127.154,34.4311],[127.1578,34.4283],[127.1626,34.4284],[127.1632,34.4289],[127.1621,34.4327],[127.1639,34.4344],[127.1663,34.4352],[127.1884,34.4305],[127.1962,34.4311],[127.2085,34.4295],[127.2117,34.4311],[127.2185,34.4392],[127.2203,34.443],[127.2201,34.4476],[127.2222,34.455],[127.2276,34.462],[127.2303,34.4635],[127.2293,34.4687],[127.2298,34.4713],[127.2323,34.4736],[127.2359,34.4744],[127.2381,34.4735],[127.2391,34.4743],[127.2389,34.4766],[127.2347,34.478],[127.2313,34.4836],[127.2314,34.4857],[127.2279,34.4893]]],[[[127.4616,34.4738],[127.4571,34.4765],[127.4548,34.476],[127.4535,34.474],[127.452,34.4688],[127.4533,34.4672],[127.4543,34.4559],[127.4581,34.4523],[127.4535,34.4501],[127.4529,34.4505],[127.4533,34.4516],[127.4525,34.452],[127.4495,34.4505],[127.4496,34.4489],[127.4519,34.4463],[127.4558,34.4486],[127.4599,34.4498],[127.4607,34.4513],[127.4646,34.4527],[127.4653,34.4506],[127.4669,34.4503],[127.47,34.4512],[127.4706,34.4525],[127.4726,34.4525],[127.4792,34.4506],[127.4837,34.4472],[127.4846,34.4456],[127.4823,34.4425],[127.4796,34.4421],[127.4778,34.4429],[127.4739,34.4426],[127.4705,34.4454],[127.4648,34.447],[127.4635,34.4469],[127.4612,34.4443],[127.4618,34.4434],[127.4646,34.4434],[127.4663,34.4423],[127.4653,34.4399],[127.4747,34.4328],[127.4793,34.4324],[127.4821,34.437],[127.485,34.4364],[127.4864,34.4329],[127.4912,34.433],[127.493,34.4312],[127.494,34.4293],[127.4942,34.4259],[127.4925,34.4237],[127.4905,34.4238],[127.4889,34.4196],[127.4868,34.418],[127.4858,34.4155],[127.4877,34.4132],[127.4927,34.4118],[127.4976,34.4145],[127.5017,34.4153],[127.5046,34.4182],[127.5158,34.4222],[127.5204,34.4265],[127.5257,34.4245],[127.5271,34.4226],[127.5302,34.4222],[127.5314,34.4229],[127.5316,34.4251],[127.5345,34.4286],[127.5385,34.4311],[127.5383,34.4334],[127.5366,34.4353],[127.5345,34.4439],[127.5349,34.445],[127.5375,34.4458],[127.5379,34.4471],[127.5372,34.4481],[127.5209,34.4536],[127.5203,34.4561],[127.522,34.4577],[127.5145,34.4622],[127.5049,34.4741],[127.5038,34.4737],[127.505,34.4696],[127.5067,34.4681],[127.504,34.4636],[127.5022,34.4621],[127.4998,34.4629],[127.5004,34.4663],[127.4996,34.4674],[127.4979,34.4676],[127.4954,34.4643],[127.4935,34.4589],[127.4925,34.4586],[127.4838,34.4591],[127.4832,34.4601],[127.49,34.4626],[127.491,34.4651],[127.4906,34.4658],[127.485,34.4673],[127.4815,34.4644],[127.4729,34.4647],[127.4698,34.4672],[127.4683,34.47],[127.4698,34.4712],[127.4698,34.4722],[127.4646,34.4726],[127.4634,34.4718],[127.4616,34.4738]]],[[[127.4654,34.5438],[127.4583,34.5457],[127.4536,34.5439],[127.4527,34.5417],[127.4416,34.5303],[127.4412,34.5263],[127.4396,34.524],[127.437,34.5226],[127.4364,34.5232],[127.4341,34.5199],[127.4346,34.5182],[127.4392,34.5161],[127.4416,34.5157],[127.4462,34.5173],[127.4497,34.516],[127.4548,34.5112],[127.4547,34.5102],[127.4521,34.508],[127.4518,34.5065],[127.4542,34.5053],[127.4578,34.5057],[127.4584,34.5044],[127.458,34.5021],[127.4514,34.5006],[127.4442,34.4967],[127.4407,34.4924],[127.442,34.4903],[127.445,34.4877],[127.4476,34.4885],[127.4486,34.4877],[127.4508,34.4839],[127.4507,34.4805],[127.4522,34.4788],[127.4567,34.4808],[127.458,34.4802],[127.4578,34.479],[127.4588,34.4785],[127.4632,34.4799],[127.463,34.4825],[127.4615,34.4829],[127.4612,34.4841],[127.4642,34.4854],[127.4693,34.4864],[127.4758,34.4857],[127.4766,34.4843],[127.482,34.4836],[127.4856,34.4843],[127.4852,34.4858],[127.4888,34.4899],[127.4913,34.4876],[127.4888,34.4868],[127.4891,34.4845],[127.4907,34.4837],[127.4967,34.4848],[127.5003,34.4885],[127.5056,34.4904],[127.5068,34.4921],[127.5025,34.4947],[127.5003,34.4989],[127.5022,34.5048],[127.4992,34.5047],[127.4983,34.503],[127.496,34.5025],[127.4903,34.5087],[127.4863,34.5093],[127.485,34.5071],[127.4857,34.5055],[127.4845,34.5051],[127.4826,34.5059],[127.4821,34.5085],[127.4794,34.5099],[127.4727,34.5091],[127.4672,34.5101],[127.4662,34.5113],[127.467,34.512],[127.4653,34.513],[127.4642,34.5124],[127.4658,34.5094],[127.4649,34.5082],[127.4616,34.5101],[127.4621,34.5128],[127.4579,34.5137],[127.4588,34.5151],[127.4669,34.5176],[127.4689,34.5155],[127.4728,34.5139],[127.4751,34.5138],[127.4757,34.5149],[127.4746,34.5156],[127.474,34.5198],[127.4715,34.5209],[127.4705,34.5234],[127.4639,34.5238],[127.4592,34.5253],[127.4599,34.5291],[127.4655,34.5298],[127.472,34.5291],[127.4741,34.53],[127.4784,34.5353],[127.4787,34.5376],[127.4756,34.5423],[127.4737,34.5437],[127.4708,34.5446],[127.4654,34.5438]]],[[[127.1358,34.5203],[127.1303,34.524],[127.1267,34.5239],[127.1246,34.5224],[127.1229,34.5195],[127.1258,34.5169],[127.1257,34.5162],[127.1222,34.513],[127.1208,34.5127],[127.119,34.514],[127.1181,34.5171],[127.1189,34.5191],[127.1158,34.52],[127.1132,34.5225],[127.1114,34.5224],[127.1073,34.5199],[127.1077,34.5185],[127.1106,34.5189],[127.11,34.5157],[127.1077,34.515],[127.1071,34.5178],[127.1059,34.5182],[127.0997,34.5139],[127.0972,34.5094],[127.1024,34.5084],[127.1096,34.5088],[127.1125,34.5054],[127.1129,34.5036],[127.1123,34.5029],[127.1138,34.5021],[127.1196,34.5039],[127.1205,34.5073],[127.1248,34.5073],[127.1266,34.5055],[127.131,34.5058],[127.1332,34.5098],[127.134,34.5148],[127.1383,34.5173],[127.1367,34.5184],[127.1358,34.5203]]],[[[127.246,34.4141],[127.2412,34.417],[127.2405,34.4152],[127.242,34.4139],[127.2432,34.414],[127.2436,34.4127],[127.2364,34.412],[127.2357,34.4112],[127.238,34.4102],[127.2415,34.4109],[127.2449,34.4105],[127.2455,34.4085],[127.2417,34.4077],[127.2403,34.4065],[127.2445,34.4047],[127.2504,34.4045],[127.2534,34.4031],[127.254,34.3969],[127.2533,34.3953],[127.2523,34.3944],[127.2512,34.3953],[127.2496,34.3952],[127.2463,34.3936],[127.2466,34.3927],[127.2507,34.3911],[127.2513,34.3897],[127.2477,34.3904],[127.2476,34.3875],[127.2501,34.3851],[127.2525,34.3859],[127.2552,34.3846],[127.2551,34.3839],[127.2571,34.3824],[127.2613,34.3813],[127.2724,34.3809],[127.2726,34.3816],[127.2711,34.3818],[127.2701,34.3846],[127.271,34.3854],[127.2748,34.3854],[127.2743,34.3861],[127.2709,34.3865],[127.2697,34.3893],[127.2708,34.3911],[127.2688,34.3922],[127.2677,34.3914],[127.2664,34.3927],[127.2664,34.3956],[127.2639,34.3977],[127.2595,34.3967],[127.2598,34.3962],[127.2639,34.3969],[127.2659,34.3954],[127.2657,34.3941],[127.2626,34.3936],[127.2593,34.3955],[127.2586,34.3978],[127.2593,34.4003],[127.2603,34.4012],[127.2598,34.4037],[127.2571,34.4072],[127.2497,34.4082],[127.2479,34.4098],[127.248,34.4113],[127.2515,34.4129],[127.2512,34.4144],[127.246,34.4141]]],[[[127.1098,34.5985],[127.107,34.6047],[127.097,34.6125],[127.0915,34.6079],[127.0888,34.6045],[127.0887,34.6011],[127.0897,34.5976],[127.091,34.596],[127.0939,34.595],[127.0993,34.5952],[127.099,34.5963],[127.1016,34.5982],[127.1109,34.5959],[127.1098,34.5985]]],[[[127.3029,34.4424],[127.3014,34.4428],[127.2971,34.4371],[127.3038,34.4359],[127.3024,34.4336],[127.3026,34.4326],[127.306,34.4302],[127.3093,34.4306],[127.3125,34.4332],[127.3151,34.4379],[127.3155,34.4413],[127.3129,34.4413],[127.3081,34.4392],[127.3079,34.4403],[127.3098,34.4424],[127.3029,34.4424]]],[[[127.4422,34.469],[127.4465,34.4716],[127.4462,34.4768],[127.4477,34.4788],[127.4465,34.4835],[127.4422,34.4817],[127.44,34.4772],[127.4365,34.4741],[127.4373,34.4719],[127.4409,34.469],[127.4422,34.469]]],[[[127.4461,34.7101],[127.4483,34.7205],[127.4463,34.722],[127.4427,34.7216],[127.4416,34.7208],[127.4419,34.7111],[127.4392,34.71],[127.4377,34.7102],[127.4372,34.7105],[127.4379,34.7117],[127.437,34.7123],[127.4357,34.711],[127.4356,34.7085],[127.438,34.7057],[127.4391,34.7056],[127.4416,34.7081],[127.445,34.7089],[127.4461,34.7101]]],[[[127.3137,34.7272],[127.3105,34.7278],[127.3066,34.7272],[127.3053,34.7233],[127.3059,34.7201],[127.313,34.7187],[127.3152,34.7215],[127.3159,34.7238],[127.3156,34.7255],[127.3137,34.7272]]],[[[127.4512,34.5692],[127.4492,34.5716],[127.4495,34.5748],[127.4457,34.576],[127.4432,34.5722],[127.4438,34.5681],[127.446,34.5664],[127.4468,34.5685],[127.4478,34.5684],[127.4488,34.5628],[127.4532,34.5616],[127.4536,34.5626],[127.4512,34.5692]]],[[[127.0893,34.4638],[127.0845,34.4656],[127.0814,34.4637],[127.0826,34.4611],[127.0835,34.4612],[127.0837,34.4628],[127.0847,34.4631],[127.0892,34.4615],[127.0901,34.4598],[127.0881,34.4566],[127.088,34.4527],[127.0909,34.4516],[127.0921,34.4535],[127.0936,34.4634],[127.0914,34.4644],[127.0893,34.4638]]],[[[127.4455,34.5382],[127.4506,34.5421],[127.4529,34.5465],[127.4522,34.5478],[127.4476,34.5477],[127.4443,34.5433],[127.4414,34.5421],[127.4409,34.5411],[127.4424,34.5386],[127.4455,34.5382]]],[[[127.4052,34.4747],[127.4058,34.4764],[127.4076,34.4779],[127.4049,34.4814],[127.401,34.4819],[127.3971,34.4796],[127.3972,34.4781],[127.3996,34.4758],[127.4026,34.4746],[127.4052,34.4747]]],[[[127.4581,34.6829],[127.4593,34.6842],[127.4591,34.6855],[127.4638,34.6901],[127.462,34.6932],[127.4546,34.6872],[127.4547,34.6851],[127.4581,34.6829]]],[[[127.4172,34.5818],[127.4166,34.5825],[127.415,34.5809],[127.4145,34.5784],[127.4167,34.5791],[127.4204,34.5774],[127.4224,34.5751],[127.4236,34.5752],[127.4251,34.581],[127.4172,34.5818]]],[[[127.2931,34.4491],[127.2902,34.4478],[127.2886,34.4426],[127.289,34.4407],[127.2908,34.4411],[127.2958,34.4467],[127.2951,34.4489],[127.2931,34.4491]]],[[[127.4485,34.4655],[127.4437,34.4669],[127.4424,34.4659],[127.4491,34.4616],[127.4489,34.4575],[127.4521,34.4561],[127.4508,34.4628],[127.4485,34.4655]]],[[[127.3212,34.4369],[127.3196,34.4363],[127.3196,34.4322],[127.3205,34.4311],[127.3219,34.4312],[127.3219,34.4332],[127.3296,34.4316],[127.3294,34.4334],[127.3277,34.4346],[127.3225,34.4357],[127.3212,34.4369]]],[[[127.4548,34.5709],[127.4534,34.5712],[127.4532,34.5706],[127.4548,34.5654],[127.457,34.5632],[127.4589,34.5632],[127.4602,34.5646],[127.4594,34.5647],[127.4576,34.5698],[127.4569,34.5706],[127.4556,34.5702],[127.4548,34.5709]]],[[[127.4205,34.7113],[127.4219,34.7123],[127.4214,34.7129],[127.419,34.7142],[127.4163,34.7143],[127.4131,34.7123],[127.4122,34.7094],[127.4146,34.7091],[127.4158,34.711],[127.4205,34.7113]]],[[[127.4218,34.7076],[127.4208,34.7071],[127.4214,34.7033],[127.4244,34.7029],[127.4278,34.7052],[127.426,34.7076],[127.4218,34.7076]]],[[[127.4672,34.5632],[127.4713,34.5647],[127.4695,34.5677],[127.4703,34.5698],[127.4696,34.5702],[127.467,34.5696],[127.4662,34.5684],[127.4659,34.5637],[127.4672,34.5632]]],[[[127.3968,34.7242],[127.3958,34.7249],[127.3946,34.7239],[127.3946,34.7213],[127.3954,34.7206],[127.3989,34.7207],[127.3999,34.7227],[127.3987,34.7239],[127.3969,34.7236],[127.3968,34.7242]]],[[[127.5443,34.4438],[127.5418,34.4442],[127.5395,34.4414],[127.5404,34.4409],[127.5468,34.4425],[127.5443,34.4438]]],[[[127.2939,34.4361],[127.2963,34.4371],[127.296,34.4396],[127.2944,34.4397],[127.2918,34.4382],[127.2916,34.4362],[127.2939,34.4361]]],[[[127.3979,34.4895],[127.3997,34.4905],[127.3977,34.493],[127.3968,34.4936],[127.3936,34.4934],[127.3979,34.4895]]],[[[127.1471,34.498],[127.1456,34.4985],[127.1458,34.4946],[127.1484,34.4946],[127.1496,34.4964],[127.1471,34.498]]],[[[127.2274,34.4395],[127.2277,34.4406],[127.2265,34.4422],[127.2285,34.4433],[127.2238,34.4419],[127.224,34.44],[127.2274,34.4395]]],[[[127.2364,34.4943],[127.234,34.4963],[127.2315,34.4946],[127.235,34.4921],[127.2364,34.4943]]],[[[127.1647,34.5197],[127.165,34.5214],[127.164,34.5219],[127.1617,34.5195],[127.1589,34.5203],[127.1605,34.5179],[127.1623,34.518],[127.1647,34.5197]]],[[[127.3498,34.4777],[127.3505,34.4789],[127.3495,34.4807],[127.3469,34.4803],[127.3469,34.4779],[127.3498,34.4777]]],[[[127.2144,34.4173],[127.2155,34.4187],[127.2151,34.42],[127.2128,34.4207],[127.2117,34.4181],[127.2144,34.4173]]],[[[127.1484,34.5008],[127.1502,34.503],[127.1477,34.5052],[127.147,34.5032],[127.1484,34.5008]]],[[[127.4587,34.554],[127.4619,34.5561],[127.4616,34.5567],[127.4577,34.5566],[127.4573,34.5557],[127.4587,34.554]]],[[[127.4537,34.6831],[127.4548,34.6842],[127.4532,34.6863],[127.4503,34.686],[127.4537,34.6831]]],[[[127.4512,34.678],[127.4507,34.6806],[127.4475,34.681],[127.4484,34.6789],[127.4512,34.678]]],[[[127.1241,34.4208],[127.1241,34.4245],[127.1233,34.4252],[127.1223,34.4245],[127.1219,34.4221],[127.1224,34.421],[127.1241,34.4208]]],[[[127.3009,34.7257],[127.3035,34.7262],[127.3041,34.7271],[127.3031,34.7282],[127.3015,34.7283],[127.3001,34.7268],[127.3001,34.7257],[127.3009,34.7257]]],[[[127.3061,34.443],[127.3072,34.4436],[127.3061,34.4453],[127.3042,34.4456],[127.3031,34.4448],[127.3044,34.4432],[127.3061,34.443]]],[[[127.2717,34.4966],[127.2711,34.4992],[127.2681,34.4987],[127.2692,34.4969],[127.2717,34.4966]]],[[[127.4332,34.7035],[127.4333,34.7042],[127.4317,34.7052],[127.4295,34.706],[127.4281,34.7055],[127.4289,34.7044],[127.4332,34.7035]]],[[[127.476,34.5714],[127.4761,34.5723],[127.4737,34.5732],[127.4721,34.572],[127.4731,34.571],[127.476,34.5714]]],[[[127.2277,34.4291],[127.229,34.4302],[127.2293,34.432],[127.2262,34.4302],[127.2267,34.429],[127.2277,34.4291]]],[[[127.4531,34.5722],[127.4546,34.5732],[127.454,34.5743],[127.4516,34.5744],[127.4517,34.5729],[127.4531,34.5722]]],[[[127.0939,34.4412],[127.0948,34.4422],[127.0944,34.4437],[127.0923,34.4431],[127.092,34.4422],[127.0924,34.4411],[127.0939,34.4412]]],[[[127.3317,34.4344],[127.3309,34.4366],[127.3291,34.4362],[127.3284,34.4353],[127.3317,34.4344]]],[[[127.3222,34.6887],[127.3223,34.6901],[127.3209,34.6909],[127.3192,34.6893],[127.3222,34.6887]]],[[[127.4507,34.7046],[127.4515,34.7057],[127.4508,34.7068],[127.4482,34.706],[127.4507,34.7046]]],[[[127.3131,34.7367],[127.3143,34.7376],[127.3127,34.7392],[127.3117,34.737],[127.3131,34.7367]]],[[[127.4943,34.4],[127.4924,34.3995],[127.4962,34.3979],[127.4971,34.3983],[127.4943,34.4]]],[[[127.4698,34.6735],[127.4718,34.6751],[127.4704,34.6759],[127.4691,34.6755],[127.469,34.6735],[127.4698,34.6735]]],[[[127.3084,34.7321],[127.3095,34.7332],[127.3078,34.7346],[127.3067,34.7329],[127.3084,34.7321]]],[[[127.4451,34.5528],[127.4457,34.5534],[127.4451,34.5542],[127.4423,34.5543],[127.443,34.5531],[127.4451,34.5528]]],[[[127.284,34.4535],[127.2846,34.4547],[127.2841,34.4557],[127.2828,34.456],[127.2822,34.4543],[127.284,34.4535]]],[[[127.2771,34.3789],[127.279,34.3811],[127.2783,34.3819],[127.276,34.3808],[127.2764,34.3792],[127.2771,34.3789]]],[[[127.3097,34.7352],[127.3103,34.7367],[127.3097,34.7374],[127.3075,34.7371],[127.3097,34.7352]]],[[[127.4377,34.5509],[127.4384,34.5534],[127.4375,34.5542],[127.4366,34.5529],[127.4377,34.5509]]],[[[127.128,34.583],[127.1287,34.5836],[127.127,34.5849],[127.126,34.5831],[127.128,34.583]]]]}},{"type":"Feature","properties":{"sigun":"보성군"},"geometry":{"type":"MultiPolygon","coordinates":[[[[127.0239,34.7732],[127.0212,34.7722],[127.0134,34.7715],[127.0116,34.77],[127.0145,34.765],[127.014,34.7628],[127.0164,34.7586],[127.0175,34.7532],[127.0199,34.7503],[127.0204,34.7484],[127.0175,34.7457],[127.0166,34.7438],[127.0162,34.7413],[127.0175,34.7406],[127.0146,34.7399],[127.0154,34.7363],[127.0134,34.7345],[127.0091,34.7353],[127.0014,34.7277],[126.9976,34.7253],[126.9889,34.7219],[126.9882,34.719],[126.9842,34.7115],[126.9805,34.7094],[126.9758,34.71],[126.9732,34.7086],[126.9721,34.7061],[126.9748,34.7027],[126.9757,34.6997],[126.975,34.6966],[126.9778,34.6952],[126.9801,34.6915],[126.9816,34.6907],[126.9819,34.6881],[126.9796,34.6846],[126.9803,34.683],[126.9909,34.6832],[127.0046,34.6805],[127.0177,34.6825],[127.0196,34.6814],[127.0268,34.6718],[127.03,34.6625],[127.0368,34.659],[127.042,34.6544],[127.0464,34.6442],[127.0449,34.6434],[127.0447,34.6417],[127.0466,34.6347],[127.0538,34.642],[127.0574,34.648],[127.0603,34.6502],[127.0629,34.6511],[127.0618,34.655],[127.0646,34.6605],[127.0674,34.6627],[127.0723,34.6611],[127.0735,34.6632],[127.083,34.666],[127.0848,34.6679],[127.0876,34.6692],[127.0956,34.6696],[127.0987,34.6721],[127.0985,34.6734],[127.0996,34.6749],[127.1072,34.6768],[127.1113,34.6808],[127.1106,34.6845],[127.1147,34.6934],[127.1244,34.7012],[127.128,34.7024],[127.1327,34.7015],[127.1357,34.7001],[127.1408,34.694],[127.1439,34.6926],[127.1513,34.6936],[127.1529,34.6925],[127.1579,34.6915],[127.1637,34.6913],[127.1713,34.6925],[127.178,34.6913],[127.1851,34.6955],[127.1874,34.6961],[127.1897,34.6993],[127.1908,34.7032],[127.1935,34.7051],[127.1972,34.706],[127.1996,34.7125],[127.2063,34.7189],[127.2062,34.7219],[127.2116,34.7309],[127.2112,34.7342],[127.2094,34.7376],[127.2296,34.7577],[127.2354,34.7586],[127.2344,34.7596],[127.2299,34.7584],[127.2288,34.7635],[127.2311,34.7625],[127.2339,34.7627],[127.2384,34.7675],[127.2392,34.7739],[127.2404,34.7751],[127.244,34.775],[127.2461,34.7765],[127.2474,34.7797],[127.2483,34.7895],[127.2543,34.7892],[127.2627,34.7875],[127.2716,34.7926],[127.2764,34.7923],[127.2827,34.7988],[127.2874,34.8072],[127.291,34.8108],[127.2977,34.8091],[127.3009,34.809],[127.3034,34.8091],[127.3071,34.8109],[127.3089,34.8103],[127.3136,34.8115],[127.3193,34.8109],[127.3276,34.8224],[127.3298,34.8239],[127.3373,34.8244],[127.3407,34.8278],[127.3431,34.8279],[127.3472,34.8251],[127.3527,34.8253],[127.3548,34.8188],[127.3573,34.8168],[127.3603,34.8159],[127.3627,34.8171],[127.3643,34.8166],[127.3697,34.8108],[127.3727,34.8063],[127.378,34.8062],[127.3837,34.8023],[127.3837,34.8005],[127.3871,34.7969],[127.3861,34.7947],[127.3866,34.7913],[127.3874,34.79],[127.3911,34.79],[127.391,34.7911],[127.3926,34.7916],[127.395,34.7963],[127.4025,34.7994],[127.4067,34.8023],[127.4079,34.8016],[127.4127,34.8025],[127.418,34.8094],[127.4223,34.8097],[127.4257,34.8113],[127.4277,34.8133],[127.4262,34.8149],[127.4244,34.8152],[127.4226,34.8129],[127.4187,34.8114],[127.4111,34.8139],[127.4104,34.8156],[127.4062,34.8148],[127.3984,34.8168],[127.3956,34.814],[127.392,34.8145],[127.3906,34.8179],[127.383,34.8267],[127.3667,34.8311],[127.3596,34.8352],[127.3542,34.8368],[127.3535,34.8391],[127.3556,34.84],[127.3583,34.8379],[127.3677,34.8351],[127.3794,34.8368],[127.3824,34.8361],[127.385,34.8348],[127.3893,34.8288],[127.3961,34.8253],[127.4009,34.8251],[127.4105,34.8277],[127.4108,34.829],[127.4172,34.8304],[127.4163,34.8341],[127.4135,34.8369],[127.4055,34.842],[127.4016,34.843],[127.3974,34.8425],[127.392,34.8401],[127.3866,34.8418],[127.3832,34.8416],[127.3801,34.843],[127.3787,34.8453],[127.3794,34.8474],[127.3772,34.8503],[127.3789,34.8523],[127.3787,34.8535],[127.3722,34.8592],[127.3671,34.8625],[127.3661,34.8681],[127.3631,34.8683],[127.3601,34.8653],[127.3568,34.8641],[127.3452,34.8668],[127.3403,34.8698],[127.3388,34.8736],[127.3402,34.8777],[127.3362,34.8822],[127.3366,34.887],[127.3355,34.8897],[127.3307,34.8883],[127.3275,34.8855],[127.3277,34.8844],[127.325,34.8835],[127.3224,34.8881],[127.3141,34.8922],[127.3043,34.9008],[127.2994,34.9019],[127.2912,34.9013],[127.2836,34.898],[127.282,34.897],[127.2795,34.8932],[127.2735,34.8903],[127.2701,34.8908],[127.2673,34.8897],[127.2645,34.8899],[127.2622,34.8923],[127.2593,34.89],[127.2581,34.8862],[127.2523,34.8845],[127.2486,34.8866],[127.2467,34.8855],[127.2427,34.8871],[127.2361,34.8939],[127.2273,34.8957],[127.226,34.8987],[127.2288,34.9021],[127.2287,34.906],[127.232,34.9148],[127.2323,34.918],[127.2338,34.9198],[127.2376,34.9201],[127.2397,34.9215],[127.2366,34.9252],[127.2368,34.9287],[127.2322,34.9363],[127.2279,34.9371],[127.2239,34.9399],[127.2239,34.9474],[127.2205,34.9558],[127.2188,34.9568],[127.212,34.9582],[127.2071,34.9647],[127.2038,34.9668],[127.2092,34.9732],[127.2065,34.9745],[127.2048,34.9765],[127.2015,34.9878],[127.1995,34.989],[127.1947,34.9876],[127.1884,34.9813],[127.188,34.9788],[127.1901,34.9755],[127.1904,34.9723],[127.1895,34.9703],[127.1866,34.9688],[127.1833,34.9698],[127.1749,34.9779],[127.1732,34.9759],[127.1732,34.9738],[127.1726,34.9734],[127.1634,34.9694],[127.16,34.9693],[127.156,34.968],[127.1516,34.9651],[127.1436,34.9641],[127.1403,34.9646],[127.1388,34.9657],[127.1342,34.9657],[127.1309,34.9678],[127.1275,34.9686],[127.126,34.9676],[127.1221,34.9607],[127.1148,34.9573],[127.1148,34.9549],[127.1159,34.9528],[127.1085,34.9453],[127.1062,34.9454],[127.1002,34.9384],[127.0965,34.9371],[127.0916,34.9376],[127.089,34.936],[127.0864,34.9287],[127.083,34.9265],[127.0812,34.9267],[127.0792,34.9151],[127.081,34.9106],[127.0801,34.9049],[127.085,34.8974],[127.0855,34.8954],[127.082,34.8918],[127.0823,34.8899],[127.0884,34.8853],[127.0858,34.8829],[127.0891,34.8741],[127.0849,34.8707],[127.0845,34.8693],[127.0806,34.8693],[127.0754,34.8668],[127.0718,34.8671],[127.0636,34.8615],[127.0622,34.8575],[127.0628,34.8541],[127.0623,34.85],[127.061,34.8472],[127.0549,34.8465],[127.0542,34.8437],[127.0516,34.8418],[127.0436,34.8384],[127.0374,34.838],[127.0333,34.8365],[127.031,34.8341],[127.0305,34.8311],[127.0315,34.8258],[127.0311,34.8238],[127.0284,34.8204],[127.026,34.8193],[127.0227,34.8203],[127.0217,34.8195],[127.0227,34.8109],[127.0206,34.8056],[127.0189,34.8047],[127.0183,34.7961],[127.0171,34.7911],[127.0152,34.7902],[127.0154,34.7887],[127.0181,34.784],[127.0179,34.7822],[127.024,34.7788],[127.0247,34.7761],[127.0239,34.7732]]],[[[127.4658,34.8015],[127.4652,34.8032],[127.4612,34.8032],[127.4604,34.8025],[127.4597,34.7989],[127.4613,34.7968],[127.4615,34.7947],[127.4601,34.7928],[127.4535,34.792],[127.4511,34.7953],[127.4464,34.7946],[127.4475,34.7921],[127.4494,34.7906],[127.449,34.7875],[127.4464,34.7852],[127.445,34.7858],[127.4424,34.7811],[127.439,34.7804],[127.4398,34.779],[127.4473,34.7807],[127.4529,34.7789],[127.4541,34.78],[127.4549,34.7851],[127.4525,34.7887],[127.4548,34.7903],[127.4584,34.7901],[127.4593,34.7887],[127.4588,34.7866],[127.4609,34.7837],[127.4613,34.7861],[127.4586,34.7902],[127.4597,34.7914],[127.4622,34.7911],[127.4626,34.7886],[127.4659,34.7858],[127.47,34.7869],[127.4689,34.7897],[127.4663,34.789],[127.4648,34.7915],[127.4646,34.7933],[127.4694,34.7934],[127.4699,34.7953],[127.4658,34.8015]]],[[[127.4184,34.7851],[127.4152,34.7866],[127.4175,34.782],[127.4187,34.7811],[127.4242,34.7792],[127.4308,34.7795],[127.4296,34.7839],[127.4269,34.7856],[127.4233,34.7845],[127.4184,34.7851]]],[[[127.4442,34.8073],[127.4448,34.8082],[127.4437,34.8107],[127.4392,34.8112],[127.4365,34.8096],[127.4411,34.8074],[127.4442,34.8073]]],[[[127.4746,34.7919],[127.4744,34.7931],[127.4716,34.7936],[127.4729,34.792],[127.4746,34.7919]]]]}},{"type":"Feature","properties":{"sigun":"화순군"},"geometry":{"type":"Polygon","coordinates":[[[126.9979,35.112],[126.9893,35.1107],[126.9864,35.1059],[126.9888,35.1013],[126.9884,35.0953],[126.9877,35.0944],[126.9802,35.0922],[126.9742,35.0918],[126.9667,35.0896],[126.9608,35.0853],[126.9585,35.0827],[126.9586,35.0789],[126.9518,35.073],[126.9469,35.0726],[126.9324,35.0744],[126.9325,35.0763],[126.9316,35.0782],[126.9276,35.0804],[126.9241,35.0861],[126.9239,35.0884],[126.9199,35.0915],[126.9167,35.0912],[126.9108,35.0885],[126.9099,35.0865],[126.9058,35.0822],[126.9014,35.0809],[126.8954,35.0808],[126.8921,35.0782],[126.8912,35.0759],[126.8946,35.0743],[126.8957,35.0724],[126.8954,35.0669],[126.8945,35.065],[126.8949,35.0613],[126.8996,35.0569],[126.8998,35.0553],[126.8968,35.052],[126.8927,35.0508],[126.8902,35.0473],[126.8902,35.0458],[126.8923,35.0445],[126.8926,35.0417],[126.8897,35.0368],[126.8871,35.0356],[126.8814,35.0297],[126.8824,35.026],[126.8824,35.0216],[126.88,35.0205],[126.8758,35.0201],[126.8742,35.019],[126.8686,35.0099],[126.8725,35.0073],[126.8788,35.0062],[126.8851,35.0017],[126.8902,34.9942],[126.8947,34.9894],[126.8915,34.9824],[126.8856,34.9796],[126.8846,34.9776],[126.8842,34.9731],[126.8776,34.9682],[126.8764,34.9664],[126.8774,34.9635],[126.8817,34.9603],[126.8815,34.9575],[126.8793,34.9555],[126.8782,34.9499],[126.872,34.9471],[126.8664,34.9394],[126.8685,34.9333],[126.8731,34.9269],[126.8682,34.9199],[126.8692,34.9187],[126.8724,34.9178],[126.872,34.9078],[126.8759,34.9033],[126.8747,34.8979],[126.871,34.8947],[126.8704,34.893],[126.8713,34.8916],[126.8702,34.8906],[126.8639,34.8895],[126.8597,34.8868],[126.8502,34.8865],[126.8442,34.8845],[126.8418,34.8822],[126.8352,34.8801],[126.8338,34.8776],[126.8239,34.8711],[126.8308,34.8681],[126.8352,34.8673],[126.8411,34.8682],[126.8434,34.8699],[126.8499,34.8679],[126.8523,34.8682],[126.854,34.8698],[126.8587,34.8692],[126.8612,34.8722],[126.8627,34.8728],[126.8668,34.8723],[126.8683,34.874],[126.8704,34.8744],[126.8768,34.8727],[126.8784,34.8764],[126.8816,34.876],[126.8844,34.8772],[126.8862,34.8765],[126.8871,34.8743],[126.893,34.8745],[126.8984,34.8732],[126.9041,34.8669],[126.9075,34.8588],[126.9058,34.856],[126.9059,34.8466],[126.9185,34.8451],[126.9212,34.8454],[126.9233,34.8426],[126.9236,34.8409],[126.9235,34.839],[126.9211,34.837],[126.9215,34.8357],[126.9229,34.8367],[126.9264,34.8321],[126.9307,34.8295],[126.9326,34.8312],[126.9373,34.8288],[126.9386,34.8291],[126.9398,34.8273],[126.9398,34.8256],[126.9411,34.8243],[126.9437,34.8246],[126.9497,34.8288],[126.9471,34.834],[126.949,34.8396],[126.9579,34.8417],[126.9643,34.8408],[126.9684,34.8467],[126.9686,34.8492],[126.9696,34.8503],[126.976,34.8497],[126.9787,34.8508],[126.9797,34.8504],[126.9792,34.8494],[126.9811,34.844],[126.986,34.8427],[126.9923,34.8356],[126.9969,34.836],[126.9977,34.838],[127.0005,34.8398],[127.0027,34.8389],[127.0067,34.8401],[127.0079,34.8412],[127.0281,34.8389],[127.0333,34.8398],[127.0365,34.8392],[127.0382,34.8377],[127.0436,34.8384],[127.0516,34.8418],[127.0542,34.8437],[127.0549,34.8465],[127.061,34.8472],[127.0626,34.8524],[127.0622,34.8575],[127.0639,34.8618],[127.0718,34.8671],[127.0754,34.8668],[127.0806,34.8693],[127.0845,34.8693],[127.0849,34.8707],[127.0891,34.8741],[127.0858,34.8829],[127.0884,34.8853],[127.0823,34.8899],[127.0819,34.8923],[127.0846,34.8938],[127.0855,34.8958],[127.0802,34.9041],[127.081,34.9106],[127.0792,34.9148],[127.0812,34.9267],[127.083,34.9265],[127.0864,34.9287],[127.089,34.936],[127.0916,34.9376],[127.0965,34.9371],[127.1002,34.9384],[127.1062,34.9454],[127.1085,34.9453],[127.1159,34.9528],[127.1148,34.9549],[127.1148,34.9573],[127.1221,34.9607],[127.126,34.9676],[127.1275,34.9686],[127.1309,34.9678],[127.1342,34.9657],[127.1388,34.9657],[127.1403,34.9646],[127.1446,34.964],[127.1525,34.9654],[127.156,34.968],[127.16,34.9693],[127.1634,34.9694],[127.1732,34.9738],[127.1732,34.9759],[127.1772,34.9801],[127.1792,34.9844],[127.1791,34.9854],[127.1749,34.9883],[127.1758,34.9916],[127.1776,34.9934],[127.1757,34.9973],[127.1768,35.0005],[127.178,35.0014],[127.1787,35.0045],[127.178,35.0063],[127.1825,35.0107],[127.1877,35.0121],[127.1857,35.0202],[127.1869,35.0282],[127.1835,35.0346],[127.1843,35.0414],[127.1836,35.0481],[127.1851,35.0519],[127.185,35.0561],[127.1884,35.0584],[127.1919,35.065],[127.1853,35.0698],[127.1846,35.0844],[127.1856,35.0909],[127.1852,35.0919],[127.183,35.0929],[127.1822,35.0955],[127.1831,35.0988],[127.1846,35.0993],[127.1868,35.1017],[127.1874,35.107],[127.1881,35.1084],[127.1895,35.1091],[127.1905,35.1119],[127.1873,35.1167],[127.1892,35.119],[127.1875,35.1234],[127.1905,35.1257],[127.193,35.1301],[127.1951,35.1304],[127.1978,35.1326],[127.1959,35.14],[127.1969,35.1415],[127.1977,35.1466],[127.1958,35.1505],[127.1969,35.153],[127.1972,35.1567],[127.1953,35.1594],[127.1927,35.1604],[127.1891,35.1645],[127.1939,35.1716],[127.1936,35.1753],[127.1954,35.1798],[127.2017,35.186],[127.1977,35.1941],[127.1984,35.1961],[127.1973,35.2033],[127.1961,35.2045],[127.1917,35.206],[127.1888,35.2115],[127.1845,35.2142],[127.1793,35.213],[127.174,35.2096],[127.1697,35.2054],[127.161,35.2001],[127.1515,35.1959],[127.1453,35.1943],[127.1401,35.1949],[127.1317,35.1939],[127.1266,35.1949],[127.1255,35.1969],[127.1207,35.1974],[127.1181,35.1948],[127.1162,35.1941],[127.1164,35.1913],[127.1174,35.1902],[127.1156,35.1886],[127.1141,35.1884],[127.1128,35.1902],[127.1063,35.1918],[127.0987,35.1882],[127.0965,35.1886],[127.093,35.1825],[127.0905,35.1816],[127.081,35.1802],[127.0723,35.1825],[127.0696,35.1851],[127.0658,35.1846],[127.0635,35.1803],[127.0676,35.1748],[127.0692,35.1625],[127.0725,35.1578],[127.0731,35.1535],[127.0813,35.1478],[127.084,35.1445],[127.0841,35.1387],[127.0855,35.1344],[127.0881,35.1314],[127.0881,35.1297],[127.0893,35.1295],[127.0893,35.1257],[127.0854,35.1264],[127.08,35.1239],[127.0791,35.1229],[127.0797,35.1194],[127.0737,35.1175],[127.0715,35.1158],[127.0688,35.1186],[127.0648,35.1209],[127.0587,35.1215],[127.0557,35.1259],[127.05,35.1295],[127.0471,35.1298],[127.0463,35.1289],[127.0443,35.1287],[127.0379,35.1314],[127.0349,35.1306],[127.0277,35.1352],[127.0229,35.1365],[127.0204,35.1384],[127.0169,35.1372],[127.014,35.1342],[127.0105,35.1338],[127.0091,35.1244],[127.004,35.1221],[127.003,35.1188],[127.0,35.1172],[126.9976,35.1146],[126.9979,35.112]]]}},{"type":"Feature","properties":{"sigun":"장흥군"},"geometry":{"type":"MultiPolygon","coordinates":[[[[126.8477,34.7162],[126.8487,34.7139],[126.8483,34.7077],[126.8547,34.6998],[126.8535,34.6968],[126.8535,34.6917],[126.8541,34.6875],[126.8561,34.6858],[126.8569,34.684],[126.8568,34.6824],[126.8557,34.6816],[126.8559,34.6788],[126.8606,34.6779],[126.8637,34.6721],[126.8675,34.6704],[126.8684,34.6683],[126.8677,34.6646],[126.8656,34.6604],[126.8672,34.6577],[126.8697,34.6568],[126.874,34.6528],[126.872,34.6509],[126.8704,34.6467],[126.873,34.6479],[126.8739,34.6472],[126.8714,34.6437],[126.8706,34.6401],[126.8714,34.6337],[126.874,34.63],[126.8791,34.6263],[126.8763,34.6236],[126.8746,34.62],[126.8692,34.6199],[126.8647,34.6216],[126.8637,34.6227],[126.8583,34.624],[126.8522,34.6209],[126.8498,34.6181],[126.8538,34.6155],[126.8535,34.6048],[126.8561,34.5999],[126.8571,34.5987],[126.8636,34.5972],[126.8682,34.5945],[126.8659,34.591],[126.8697,34.583],[126.8765,34.578],[126.8781,34.5758],[126.876,34.5734],[126.8767,34.5699],[126.879,34.5654],[126.8766,34.5607],[126.8762,34.552],[126.8777,34.55],[126.8846,34.5473],[126.8858,34.5444],[126.8819,34.5403],[126.8771,34.5398],[126.8735,34.5363],[126.8664,34.5325],[126.8646,34.529],[126.8585,34.5279],[126.8568,34.5255],[126.8568,34.5228],[126.8552,34.5188],[126.8518,34.5168],[126.8493,34.5119],[126.8456,34.5085],[126.844,34.506],[126.8503,34.4953],[126.851,34.4917],[126.8503,34.4869],[126.8515,34.4848],[126.8519,34.4815],[126.8507,34.4806],[126.8502,34.4784],[126.8543,34.4742],[126.8543,34.4689],[126.8524,34.4672],[126.8514,34.4646],[126.8515,34.4591],[126.8503,34.4569],[126.8455,34.4534],[126.8451,34.4513],[126.8468,34.4503],[126.8469,34.4477],[126.8501,34.4469],[126.8558,34.4424],[126.861,34.4412],[126.8652,34.4339],[126.8668,34.4358],[126.8664,34.4389],[126.8679,34.4392],[126.8749,34.4356],[126.88,34.43],[126.8821,34.4231],[126.8847,34.4218],[126.8856,34.4227],[126.8849,34.4281],[126.8871,34.4286],[126.887,34.4336],[126.8826,34.4391],[126.8818,34.4433],[126.8795,34.448],[126.8757,34.4514],[126.873,34.4526],[126.8731,34.4561],[126.8767,34.4567],[126.8939,34.4559],[126.9256,34.4527],[126.9273,34.4481],[126.93,34.4467],[126.9329,34.4468],[126.9379,34.4477],[126.9394,34.4502],[126.943,34.4538],[126.9473,34.4567],[126.9466,34.4591],[126.9447,34.4611],[126.9415,34.4624],[126.9409,34.47],[126.9378,34.4759],[126.9394,34.4805],[126.9413,34.4824],[126.945,34.4832],[126.9486,34.4791],[126.9488,34.4771],[126.9542,34.4721],[126.9542,34.4703],[126.9569,34.4685],[126.9621,34.4693],[126.9619,34.4711],[126.9681,34.4783],[126.9708,34.4758],[126.9752,34.4747],[126.9753,34.4714],[126.9761,34.4701],[126.9772,34.4698],[126.9785,34.4708],[126.9762,34.4751],[126.9763,34.4762],[126.9786,34.4788],[126.9788,34.4807],[126.9766,34.4873],[126.9725,34.4886],[126.9668,34.4918],[126.9635,34.496],[126.9645,34.4984],[126.9623,34.4996],[126.9622,34.5014],[126.9651,34.5045],[126.9689,34.5048],[126.969,34.5062],[126.9678,34.5074],[126.968,34.5097],[126.9741,34.5102],[126.9767,34.5094],[126.9783,34.5114],[126.9749,34.5138],[126.973,34.5171],[126.9721,34.5212],[126.9738,34.5238],[126.9716,34.5257],[126.9687,34.5235],[126.965,34.5231],[126.9636,34.5262],[126.9643,34.5269],[126.9637,34.528],[126.9598,34.5309],[126.9658,34.5381],[126.9722,34.543],[126.9774,34.5434],[126.9819,34.5396],[126.989,34.5403],[126.9884,34.5437],[126.9866,34.545],[126.9862,34.5463],[126.9867,34.5489],[126.9901,34.5529],[126.9866,34.5558],[126.989,34.5618],[126.9977,34.5623],[127.0019,34.5574],[127.0029,34.5547],[127.0044,34.5558],[127.0054,34.5581],[127.0035,34.5613],[127.0054,34.5643],[127.0055,34.5682],[127.0047,34.5699],[127.0025,34.5696],[126.9971,34.5665],[126.9855,34.5689],[126.9826,34.5702],[126.9793,34.574],[126.9802,34.5751],[126.9842,34.5758],[126.9926,34.5823],[126.9943,34.5865],[126.9933,34.594],[126.997,34.5967],[126.9999,34.5977],[127.0004,34.6007],[126.9992,34.6032],[126.9999,34.6042],[127.0036,34.6036],[127.0083,34.6049],[127.0091,34.6053],[127.0093,34.6077],[127.0085,34.6096],[127.0048,34.611],[127.0021,34.6107],[126.9945,34.6146],[126.9944,34.6161],[126.9958,34.6182],[126.995,34.6228],[126.9937,34.6238],[126.9921,34.6227],[126.99,34.6227],[126.9787,34.6249],[126.9667,34.6234],[126.9638,34.6261],[126.9674,34.6252],[126.9706,34.6265],[126.9846,34.6279],[126.9909,34.6264],[126.9938,34.6272],[127.012,34.6246],[127.0197,34.6263],[127.0242,34.6282],[127.0284,34.6279],[127.0321,34.6302],[127.0324,34.6327],[127.0397,34.6362],[127.0433,34.6365],[127.0437,34.6356],[127.0466,34.6347],[127.0447,34.6417],[127.0449,34.6434],[127.0464,34.6442],[127.042,34.6544],[127.0368,34.659],[127.03,34.6625],[127.0268,34.6718],[127.0196,34.6814],[127.0177,34.6825],[127.0046,34.6805],[126.9909,34.6832],[126.9803,34.683],[126.9796,34.6846],[126.9819,34.6881],[126.9816,34.6907],[126.9801,34.6915],[126.9778,34.6952],[126.975,34.6966],[126.9757,34.6997],[126.9748,34.7027],[126.9721,34.7061],[126.9732,34.7086],[126.9758,34.71],[126.9805,34.7094],[126.9842,34.7115],[126.9882,34.719],[126.9889,34.7219],[126.9976,34.7253],[127.0014,34.7277],[127.0091,34.7353],[127.0134,34.7345],[127.0154,34.7363],[127.0146,34.7399],[127.0175,34.7406],[127.0162,34.7413],[127.0166,34.7438],[127.0175,34.7457],[127.0204,34.7484],[127.0199,34.7503],[127.0175,34.7532],[127.0164,34.7586],[127.014,34.7628],[127.0145,34.765],[127.0116,34.77],[127.0134,34.7715],[127.0232,34.7727],[127.0247,34.7761],[127.024,34.7788],[127.0179,34.7822],[127.0181,34.784],[127.0154,34.7887],[127.0152,34.7902],[127.0171,34.7911],[127.0183,34.7961],[127.0189,34.8047],[127.0206,34.8056],[127.0227,34.8109],[127.0217,34.8195],[127.0227,34.8203],[127.026,34.8193],[127.0284,34.8204],[127.0314,34.8252],[127.0305,34.8311],[127.031,34.8341],[127.0333,34.8365],[127.0374,34.8385],[127.0333,34.8398],[127.0281,34.8389],[127.0079,34.8412],[127.0067,34.8401],[127.0027,34.8389],[127.0005,34.8398],[126.9977,34.838],[126.9969,34.836],[126.9923,34.8356],[126.986,34.8427],[126.9811,34.844],[126.9792,34.8494],[126.9797,34.8504],[126.9787,34.8508],[126.976,34.8497],[126.9696,34.8503],[126.9686,34.8492],[126.9684,34.8467],[126.9643,34.8408],[126.9579,34.8417],[126.949,34.8396],[126.9471,34.834],[126.9497,34.8288],[126.9437,34.8246],[126.9409,34.8243],[126.9386,34.8291],[126.9373,34.8288],[126.9326,34.8312],[126.9307,34.8295],[126.9264,34.8321],[126.9229,34.8367],[126.9215,34.8357],[126.9211,34.837],[126.9235,34.839],[126.9236,34.8409],[126.9233,34.8426],[126.9212,34.8454],[126.9185,34.8451],[126.9059,34.8466],[126.9058,34.856],[126.9075,34.8588],[126.9041,34.8669],[126.8986,34.8731],[126.893,34.8745],[126.8871,34.8743],[126.8862,34.8765],[126.8844,34.8772],[126.8816,34.876],[126.8784,34.8764],[126.8766,34.8726],[126.8708,34.8744],[126.8683,34.874],[126.8668,34.8723],[126.8627,34.8728],[126.8606,34.8719],[126.8587,34.8692],[126.859,34.8627],[126.8566,34.8609],[126.8577,34.8571],[126.857,34.8535],[126.8545,34.8531],[126.8543,34.8504],[126.8492,34.8442],[126.8472,34.8434],[126.8431,34.8396],[126.8406,34.8399],[126.8301,34.8362],[126.8229,34.8363],[126.8188,34.8312],[126.8072,34.8287],[126.8052,34.8186],[126.8011,34.8138],[126.7998,34.8083],[126.8007,34.803],[126.7974,34.8],[126.7932,34.7942],[126.7956,34.7876],[126.7958,34.7807],[126.8,34.7772],[126.8024,34.7771],[126.8075,34.7786],[126.8101,34.7783],[126.813,34.7804],[126.817,34.7767],[126.8176,34.7751],[126.8172,34.7721],[126.8142,34.7675],[126.818,34.7649],[126.8191,34.7631],[126.82,34.7596],[126.8188,34.7589],[126.8185,34.7575],[126.8222,34.7532],[126.8254,34.7439],[126.8315,34.7372],[126.8354,34.7364],[126.8402,34.7337],[126.8407,34.7273],[126.8419,34.7258],[126.8523,34.7226],[126.8525,34.7209],[126.8519,34.7203],[126.8491,34.7205],[126.8482,34.7198],[126.8468,34.7169],[126.8477,34.7162]]],[[[126.9637,34.4655],[126.9621,34.4654],[126.9603,34.4636],[126.9585,34.46],[126.9616,34.4551],[126.9645,34.4524],[126.9624,34.4481],[126.963,34.4469],[126.9659,34.4452],[126.9672,34.4462],[126.9659,34.4496],[126.9679,34.4557],[126.9674,34.46],[126.9695,34.4626],[126.9681,34.4639],[126.9637,34.4655]]],[[[127.0132,34.6207],[127.0109,34.6208],[127.0088,34.6173],[127.0113,34.6135],[127.012,34.6105],[127.0152,34.6113],[127.0158,34.6171],[127.0173,34.6189],[127.0153,34.6191],[127.0132,34.6207]]],[[[126.9315,34.4291],[126.932,34.4311],[126.9288,34.4317],[126.9295,34.4296],[126.9315,34.4291]]],[[[126.941,34.4371],[126.9415,34.4375],[126.9391,34.4382],[126.941,34.4371]]]]}},{"type":"Feature","properties":{"sigun":"강진군"},"geometry":{"type":"MultiPolygon","coordinates":[[[[126.7017,34.6621],[126.6983,34.661],[126.6954,34.6614],[126.6921,34.658],[126.6963,34.654],[126.6972,34.65],[126.6931,34.6478],[126.6902,34.645],[126.6883,34.6389],[126.6844,34.6369],[126.6823,34.6327],[126.6881,34.6316],[126.6933,34.6285],[126.6981,34.6301],[126.6988,34.6279],[126.6959,34.6245],[126.6925,34.6227],[126.6899,34.617],[126.69,34.6143],[126.6884,34.6071],[126.6815,34.6014],[126.6757,34.5985],[126.6718,34.5923],[126.6757,34.5878],[126.6799,34.5862],[126.6808,34.5839],[126.68,34.5818],[126.683,34.576],[126.6873,34.5728],[126.692,34.5664],[126.6951,34.5639],[126.6931,34.5596],[126.6927,34.5563],[126.6826,34.5444],[126.6743,34.5398],[126.6676,34.5386],[126.6674,34.537],[126.6685,34.535],[126.6713,34.534],[126.6744,34.5313],[126.6799,34.5297],[126.6832,34.5301],[126.6849,34.528],[126.6863,34.5243],[126.6853,34.5215],[126.6803,34.5159],[126.6814,34.5111],[126.6852,34.5103],[126.6864,34.5092],[126.6853,34.5025],[126.6864,34.5],[126.6858,34.493],[126.6828,34.49],[126.6839,34.4826],[126.6824,34.4738],[126.6841,34.4696],[126.69,34.4681],[126.6916,34.4687],[126.6918,34.4703],[126.6979,34.4711],[126.7169,34.4705],[126.721,34.4639],[126.7236,34.4615],[126.7285,34.4579],[126.7349,34.4546],[126.7482,34.4719],[126.7502,34.472],[126.7511,34.4708],[126.7525,34.4705],[126.7536,34.4716],[126.754,34.4751],[126.7519,34.4742],[126.7514,34.4732],[126.7494,34.473],[126.7472,34.4781],[126.7412,34.4804],[126.7385,34.486],[126.7407,34.4881],[126.7515,34.4918],[126.7548,34.4921],[126.7573,34.4906],[126.7607,34.4912],[126.7607,34.4926],[126.7581,34.4938],[126.7586,34.4955],[126.7607,34.4973],[126.7661,34.4984],[126.7661,34.5009],[126.7617,34.5029],[126.7591,34.526],[126.7617,34.5268],[126.7684,34.5263],[126.7719,34.525],[126.7733,34.5254],[126.773,34.5288],[126.7716,34.5295],[126.7713,34.5282],[126.7698,34.5285],[126.7655,34.5305],[126.7641,34.5338],[126.7657,34.5372],[126.7643,34.5403],[126.767,34.5405],[126.7684,34.5417],[126.7656,34.5435],[126.7646,34.5456],[126.7685,34.5549],[126.7658,34.563],[126.7701,34.5889],[126.7694,34.5925],[126.7716,34.5967],[126.7717,34.603],[126.77,34.616],[126.779,34.6237],[126.7801,34.6262],[126.7805,34.6306],[126.7825,34.6331],[126.7806,34.6217],[126.7783,34.6176],[126.7791,34.6039],[126.7818,34.5979],[126.7786,34.5968],[126.7776,34.595],[126.7804,34.5902],[126.7854,34.5889],[126.7885,34.5864],[126.7898,34.5816],[126.7885,34.5791],[126.7861,34.5787],[126.7857,34.5771],[126.7886,34.572],[126.7904,34.5704],[126.7928,34.5699],[126.7939,34.5676],[126.7937,34.5649],[126.7914,34.5619],[126.7895,34.5608],[126.7887,34.5584],[126.7913,34.5576],[126.7909,34.5558],[126.7888,34.5537],[126.79,34.5522],[126.7913,34.5475],[126.7952,34.5471],[126.7903,34.5408],[126.7896,34.5352],[126.7914,34.532],[126.7913,34.5286],[126.7893,34.5248],[126.7898,34.5216],[126.7891,34.5179],[126.7866,34.5125],[126.7915,34.51],[126.7904,34.5079],[126.7907,34.5026],[126.7927,34.5004],[126.7908,34.4975],[126.7918,34.4889],[126.795,34.4884],[126.7969,34.4804],[126.7949,34.4792],[126.7924,34.4799],[126.7873,34.4774],[126.7857,34.4741],[126.785,34.4692],[126.7913,34.4664],[126.8012,34.4688],[126.8087,34.4681],[126.8071,34.4657],[126.8065,34.4608],[126.8043,34.4588],[126.8048,34.456],[126.8069,34.4551],[126.8073,34.4541],[126.8059,34.4521],[126.8067,34.4504],[126.8083,34.4514],[126.8082,34.4536],[126.8109,34.4548],[126.8156,34.4522],[126.8157,34.45],[126.8195,34.4487],[126.8241,34.4488],[126.8299,34.4476],[126.8391,34.4531],[126.8388,34.4499],[126.8396,34.449],[126.8435,34.4482],[126.8455,34.4534],[126.8503,34.4569],[126.8515,34.4591],[126.8515,34.465],[126.8544,34.4693],[126.8542,34.4747],[126.8502,34.4784],[126.8507,34.4806],[126.8519,34.4815],[126.8515,34.4848],[126.8503,34.4869],[126.851,34.4917],[126.8506,34.4942],[126.844,34.506],[126.8456,34.5085],[126.8493,34.5119],[126.8518,34.5168],[126.8552,34.5188],[126.8568,34.5228],[126.8568,34.5255],[126.8585,34.5279],[126.8646,34.529],[126.8664,34.5325],[126.8735,34.5363],[126.8771,34.5398],[126.8819,34.5403],[126.8858,34.5444],[126.8846,34.5473],[126.8777,34.55],[126.8762,34.552],[126.8766,34.5607],[126.879,34.5654],[126.8767,34.5699],[126.876,34.5734],[126.8781,34.5758],[126.8765,34.578],[126.8697,34.583],[126.8659,34.591],[126.8682,34.5945],[126.8636,34.5972],[126.8571,34.5987],[126.8561,34.5999],[126.8535,34.6048],[126.8538,34.6155],[126.8497,34.6187],[126.8522,34.6209],[126.8583,34.624],[126.8637,34.6227],[126.8647,34.6216],[126.8692,34.6199],[126.8746,34.62],[126.8763,34.6236],[126.8791,34.6263],[126.874,34.63],[126.8714,34.6337],[126.8706,34.6401],[126.8714,34.6437],[126.8739,34.6472],[126.873,34.6479],[126.8704,34.6467],[126.872,34.6509],[126.874,34.6528],[126.8697,34.6568],[126.8672,34.6577],[126.8656,34.6604],[126.8676,34.6641],[126.8682,34.6691],[126.8661,34.6713],[126.8637,34.6721],[126.8606,34.6779],[126.8559,34.6788],[126.8557,34.6816],[126.8568,34.6824],[126.8569,34.684],[126.8561,34.6858],[126.8541,34.6875],[126.8535,34.6917],[126.8535,34.6968],[126.8547,34.6999],[126.8483,34.7077],[126.8487,34.714],[126.8468,34.7169],[126.8486,34.7202],[126.8525,34.7208],[126.8523,34.7226],[126.8419,34.7258],[126.8407,34.7273],[126.8402,34.7337],[126.8354,34.7364],[126.8315,34.7372],[126.8254,34.7439],[126.8222,34.7532],[126.8185,34.7575],[126.8188,34.7589],[126.82,34.7596],[126.8191,34.7631],[126.818,34.7649],[126.8142,34.7675],[126.817,34.7716],[126.8176,34.7751],[126.817,34.7767],[126.814,34.7798],[126.8124,34.7804],[126.8101,34.7783],[126.8075,34.7786],[126.8006,34.7771],[126.7965,34.7805],[126.7842,34.7807],[126.7828,34.7839],[126.7827,34.7865],[126.7809,34.7876],[126.7755,34.7854],[126.7701,34.7858],[126.77,34.784],[126.7649,34.7817],[126.7625,34.7767],[126.7634,34.7741],[126.7621,34.7706],[126.7588,34.7703],[126.7558,34.7687],[126.7539,34.7656],[126.7502,34.7647],[126.7488,34.7632],[126.748,34.7595],[126.7465,34.7574],[126.7433,34.7567],[126.7379,34.7562],[126.7347,34.757],[126.7324,34.7603],[126.7291,34.7611],[126.7267,34.7595],[126.7241,34.7591],[126.7217,34.759],[126.718,34.7611],[126.7152,34.7601],[126.7103,34.7635],[126.7098,34.7657],[126.7049,34.7669],[126.7024,34.7656],[126.6995,34.762],[126.6961,34.7604],[126.6922,34.7553],[126.6869,34.7539],[126.6845,34.7524],[126.6805,34.7534],[126.6763,34.7475],[126.6703,34.741],[126.6671,34.7397],[126.6593,34.7341],[126.6578,34.7341],[126.656,34.7315],[126.6564,34.7306],[126.6626,34.7278],[126.6631,34.7251],[126.665,34.7224],[126.6742,34.7231],[126.678,34.7223],[126.6794,34.7207],[126.6806,34.7168],[126.6814,34.713],[126.6784,34.7105],[126.6744,34.7095],[126.6725,34.7073],[126.6724,34.7054],[126.6745,34.7045],[126.6753,34.7016],[126.675,34.7005],[126.6734,34.6997],[126.6719,34.6964],[126.6719,34.6939],[126.6701,34.691],[126.6731,34.6889],[126.6743,34.6864],[126.6778,34.6854],[126.6815,34.687],[126.6872,34.6857],[126.6921,34.6859],[126.6961,34.6832],[126.7014,34.6841],[126.7057,34.6817],[126.7024,34.6748],[126.6985,34.6725],[126.6999,34.6681],[126.7019,34.6652],[126.7017,34.6621]]],[[[126.7824,34.5305],[126.7851,34.533],[126.7849,34.535],[126.7809,34.5363],[126.7793,34.5383],[126.7769,34.5381],[126.7764,34.5368],[126.7782,34.5325],[126.7824,34.5305]]],[[[126.7895,34.4607],[126.7929,34.4639],[126.7907,34.4638],[126.7885,34.4612],[126.7895,34.4607]]],[[[126.7505,34.4495],[126.7532,34.4502],[126.7531,34.451],[126.7508,34.4514],[126.7499,34.4504],[126.7505,34.4495]]]]}},{"type":"Feature","properties":{"sigun":"해남군"},"geometry":{"type":"MultiPolygon","coordinates":[[[[126.4636,34.5182],[126.4714,34.507],[126.466,34.5045],[126.4608,34.5043],[126.4567,34.5024],[126.4558,34.5013],[126.4586,34.4967],[126.4622,34.4959],[126.4615,34.4923],[126.4564,34.4905],[126.4559,34.4889],[126.457,34.4884],[126.4608,34.4893],[126.465,34.4851],[126.465,34.4843],[126.4638,34.482],[126.4556,34.4821],[126.4551,34.4775],[126.4582,34.4738],[126.4586,34.4717],[126.4625,34.4678],[126.4653,34.4688],[126.4678,34.4708],[126.471,34.4693],[126.4717,34.4683],[126.469,34.4628],[126.4674,34.4621],[126.4674,34.4567],[126.4753,34.4522],[126.4768,34.4502],[126.4738,34.448],[126.4707,34.448],[126.4684,34.4493],[126.4654,34.4542],[126.4645,34.4544],[126.4625,34.452],[126.459,34.4498],[126.4541,34.4503],[126.4542,34.4487],[126.4626,34.4443],[126.4663,34.441],[126.4765,34.4266],[126.4824,34.4254],[126.4835,34.4267],[126.4817,34.4304],[126.4844,34.4337],[126.487,34.4345],[126.4908,34.4344],[126.4933,34.4322],[126.4972,34.4312],[126.4982,34.4317],[126.4988,34.4353],[126.5001,34.4364],[126.5064,34.4402],[126.5084,34.4395],[126.5107,34.4379],[126.5138,34.4335],[126.5126,34.4322],[126.5103,34.4315],[126.5081,34.4285],[126.508,34.4267],[126.5095,34.4246],[126.5105,34.4248],[126.5167,34.4144],[126.511,34.4107],[126.5051,34.4054],[126.498,34.4054],[126.4949,34.4066],[126.4941,34.408],[126.4925,34.4087],[126.4884,34.4091],[126.4869,34.4084],[126.4893,34.4047],[126.488,34.4025],[126.4881,34.4004],[126.4902,34.3988],[126.4886,34.3968],[126.4889,34.396],[126.4942,34.39],[126.497,34.389],[126.4968,34.3859],[126.4955,34.3848],[126.4885,34.3864],[126.4834,34.3895],[126.4827,34.3891],[126.4839,34.3865],[126.4818,34.3853],[126.4772,34.3861],[126.4735,34.3833],[126.4723,34.3844],[126.471,34.3844],[126.471,34.3829],[126.4747,34.3818],[126.4771,34.3832],[126.481,34.3828],[126.4807,34.3813],[126.4774,34.3809],[126.4744,34.3795],[126.4734,34.3782],[126.4759,34.3768],[126.4808,34.3765],[126.481,34.3738],[126.4793,34.3741],[126.4754,34.3728],[126.4803,34.3682],[126.4868,34.3646],[126.4859,34.3637],[126.4839,34.3645],[126.4818,34.362],[126.4776,34.3648],[126.476,34.3649],[126.4811,34.3586],[126.4762,34.3556],[126.4687,34.3634],[126.4648,34.3624],[126.4657,34.3576],[126.4702,34.3546],[126.4711,34.3489],[126.4725,34.3486],[126.4731,34.3498],[126.4747,34.3506],[126.4772,34.3501],[126.4763,34.3484],[126.4752,34.3482],[126.4765,34.3481],[126.4784,34.3493],[126.4794,34.3521],[126.4819,34.3541],[126.4844,34.3542],[126.4887,34.3565],[126.4909,34.3594],[126.494,34.3594],[126.4989,34.3577],[126.5012,34.3592],[126.5013,34.364],[126.5028,34.3649],[126.5064,34.3656],[126.5106,34.365],[126.5161,34.363],[126.5199,34.3608],[126.5215,34.3562],[126.5212,34.3527],[126.5197,34.3514],[126.5221,34.3478],[126.5218,34.346],[126.5202,34.3448],[126.5251,34.3388],[126.5269,34.3341],[126.525,34.3295],[126.5209,34.3242],[126.5158,34.3213],[126.5132,34.3206],[126.5121,34.3191],[126.5154,34.3157],[126.5169,34.3164],[126.5191,34.3136],[126.5196,34.3104],[126.516,34.309],[126.515,34.3065],[126.5166,34.3039],[126.5175,34.2988],[126.5188,34.2958],[126.5217,34.2954],[126.5218,34.2927],[126.525,34.2921],[126.5284,34.2935],[126.5297,34.2985],[126.5292,34.3006],[126.5313,34.3017],[126.5373,34.3036],[126.5413,34.3028],[126.5447,34.303],[126.5467,34.3067],[126.5497,34.3091],[126.5523,34.3164],[126.5576,34.3213],[126.5591,34.3218],[126.5642,34.3219],[126.5664,34.3205],[126.5774,34.3207],[126.5862,34.3197],[126.5882,34.319],[126.5915,34.3153],[126.5968,34.3124],[126.5991,34.3122],[126.6028,34.3151],[126.6049,34.3143],[126.606,34.3147],[126.6065,34.3164],[126.6049,34.318],[126.6017,34.319],[126.6016,34.3199],[126.6056,34.3361],[126.6056,34.3372],[126.6042,34.3383],[126.6065,34.3403],[126.6111,34.3419],[126.6096,34.3453],[126.6034,34.3467],[126.6026,34.3487],[126.6043,34.3498],[126.608,34.3502],[126.6119,34.3534],[126.6134,34.353],[126.6152,34.3538],[126.6158,34.3561],[126.6208,34.3582],[126.6214,34.3593],[126.6198,34.3649],[126.6188,34.3652],[126.6209,34.37],[126.6194,34.3737],[126.6211,34.3771],[126.6226,34.3768],[126.6231,34.3777],[126.621,34.3794],[126.6146,34.38],[126.6127,34.3863],[126.6215,34.3932],[126.6222,34.3973],[126.6214,34.3994],[126.6179,34.402],[126.6191,34.4035],[126.6243,34.4077],[126.6262,34.4024],[126.6284,34.4018],[126.6318,34.4066],[126.6344,34.406],[126.6349,34.4067],[126.6347,34.4081],[126.633,34.4091],[126.6349,34.4115],[126.6386,34.4111],[126.6408,34.4093],[126.6461,34.4083],[126.6468,34.4101],[126.6449,34.4121],[126.6485,34.412],[126.6471,34.4176],[126.6517,34.4175],[126.6521,34.4215],[126.6576,34.4205],[126.6634,34.4209],[126.6633,34.4215],[126.66,34.4221],[126.6609,34.4255],[126.6631,34.426],[126.6656,34.4261],[126.6668,34.4233],[126.6707,34.4212],[126.6734,34.4186],[126.6731,34.4163],[126.6737,34.4156],[126.6776,34.4161],[126.6787,34.4201],[126.6784,34.4222],[126.6758,34.4242],[126.6746,34.4275],[126.6787,34.426],[126.6812,34.4262],[126.684,34.4295],[126.6872,34.4301],[126.6905,34.4321],[126.689,34.4341],[126.6978,34.4399],[126.7043,34.4396],[126.7069,34.4388],[126.7138,34.4391],[126.714,34.4397],[126.7125,34.4406],[126.7136,34.443],[126.7189,34.4448],[126.7251,34.4422],[126.7349,34.4546],[126.7285,34.4579],[126.7236,34.4615],[126.721,34.4639],[126.7169,34.4705],[126.6979,34.4711],[126.6918,34.4703],[126.6916,34.4687],[126.69,34.4681],[126.6841,34.4696],[126.6824,34.4738],[126.6839,34.4826],[126.6828,34.49],[126.6858,34.493],[126.6864,34.5],[126.6853,34.5025],[126.6864,34.5092],[126.6852,34.5103],[126.6814,34.5111],[126.6803,34.5159],[126.6853,34.5215],[126.6863,34.5243],[126.6849,34.528],[126.6828,34.5304],[126.6802,34.5297],[126.6747,34.5312],[126.6713,34.534],[126.6685,34.535],[126.6674,34.537],[126.6677,34.5389],[126.6743,34.5398],[126.6796,34.5422],[126.6843,34.5459],[126.6927,34.5563],[126.6932,34.5597],[126.6951,34.5638],[126.692,34.5664],[126.6873,34.5728],[126.683,34.576],[126.68,34.5818],[126.6808,34.5839],[126.6799,34.5862],[126.6757,34.5878],[126.6718,34.5923],[126.6757,34.5985],[126.6815,34.6014],[126.6884,34.6071],[126.69,34.6143],[126.6899,34.617],[126.6925,34.6227],[126.6959,34.6245],[126.6988,34.6279],[126.6981,34.6301],[126.6933,34.6285],[126.6881,34.6316],[126.6823,34.6327],[126.6844,34.6369],[126.6883,34.6389],[126.6902,34.645],[126.6931,34.6478],[126.6972,34.65],[126.6963,34.654],[126.6921,34.658],[126.6954,34.6614],[126.6983,34.661],[126.7019,34.6624],[126.7019,34.6652],[126.6999,34.6681],[126.6985,34.6725],[126.7024,34.6748],[126.7057,34.6817],[126.7014,34.6841],[126.6961,34.6832],[126.6921,34.6859],[126.6872,34.6857],[126.6815,34.687],[126.6778,34.6854],[126.6743,34.6864],[126.6724,34.6896],[126.6681,34.6921],[126.6657,34.692],[126.6598,34.6909],[126.6577,34.6895],[126.6512,34.69],[126.6482,34.689],[126.6476,34.6852],[126.6431,34.6827],[126.6411,34.6804],[126.6385,34.6741],[126.6351,34.6741],[126.6309,34.6778],[126.6246,34.6808],[126.6229,34.6798],[126.6169,34.682],[126.6141,34.6818],[126.6091,34.6797],[126.6036,34.6825],[126.5971,34.6827],[126.5951,34.6804],[126.5934,34.6797],[126.5909,34.6801],[126.5868,34.6789],[126.5786,34.6804],[126.5711,34.6781],[126.5643,34.6723],[126.5632,34.6703],[126.5627,34.667],[126.5578,34.665],[126.5574,34.6683],[126.5581,34.6713],[126.5596,34.6745],[126.5651,34.6808],[126.5628,34.6833],[126.5616,34.6834],[126.5594,34.6785],[126.5532,34.6723],[126.5431,34.6711],[126.5381,34.6657],[126.5465,34.6603],[126.5618,34.6483],[126.5687,34.6474],[126.5719,34.646],[126.5764,34.6426],[126.5783,34.6397],[126.5806,34.6385],[126.6226,34.6325],[126.6208,34.6294],[126.6197,34.6292],[126.6139,34.631],[126.5876,34.6353],[126.5788,34.6356],[126.5754,34.6373],[126.5736,34.641],[126.5695,34.6439],[126.562,34.6451],[126.5427,34.6549],[126.5294,34.6579],[126.5173,34.6581],[126.5061,34.66],[126.4942,34.6656],[126.4877,34.671],[126.4807,34.6793],[126.4792,34.6798],[126.4762,34.6681],[126.4795,34.6613],[126.483,34.658],[126.4886,34.6561],[126.4975,34.6578],[126.5039,34.6568],[126.5102,34.6522],[126.5202,34.6407],[126.5253,34.6371],[126.5256,34.6345],[126.5244,34.637],[126.5187,34.6395],[126.5151,34.6428],[126.5107,34.6485],[126.5023,34.6535],[126.4981,34.6544],[126.4939,34.6531],[126.4917,34.6511],[126.4809,34.6545],[126.4714,34.6591],[126.4698,34.6632],[126.4613,34.6711],[126.4589,34.6753],[126.456,34.6782],[126.4536,34.6848],[126.4512,34.6864],[126.4512,34.6874],[126.4574,34.6953],[126.4576,34.6973],[126.4571,34.7016],[126.4527,34.7063],[126.4398,34.7101],[126.4256,34.7027],[126.4192,34.7049],[126.421,34.708],[126.4188,34.7093],[126.4219,34.7134],[126.3883,34.7199],[126.3908,34.7302],[126.3885,34.731],[126.3844,34.7201],[126.3786,34.7154],[126.3755,34.7146],[126.3697,34.7063],[126.3706,34.7043],[126.3682,34.6989],[126.3633,34.6976],[126.3622,34.6964],[126.3634,34.6954],[126.3608,34.6945],[126.355,34.694],[126.3522,34.6968],[126.3473,34.6947],[126.345,34.6916],[126.3446,34.6857],[126.3493,34.6794],[126.355,34.6768],[126.3586,34.6766],[126.3635,34.6792],[126.3704,34.6855],[126.376,34.6886],[126.3743,34.6901],[126.3752,34.6941],[126.3783,34.6943],[126.3792,34.6951],[126.3774,34.6997],[126.3734,34.7062],[126.3748,34.7086],[126.3782,34.7089],[126.3882,34.6927],[126.3827,34.6896],[126.3739,34.6828],[126.3731,34.6811],[126.3629,34.6736],[126.3611,34.6682],[126.3625,34.6638],[126.3665,34.6566],[126.3679,34.6566],[126.369,34.6517],[126.3739,34.6437],[126.3888,34.634],[126.3911,34.6283],[126.3938,34.6265],[126.401,34.6276],[126.4035,34.63],[126.4013,34.6371],[126.4018,34.6454],[126.4042,34.6483],[126.4193,34.656],[126.419,34.6551],[126.4079,34.6493],[126.405,34.6466],[126.4043,34.6364],[126.4056,34.6334],[126.4088,34.6361],[126.4148,34.638],[126.417,34.6378],[126.4175,34.6364],[126.4087,34.6309],[126.406,34.6279],[126.4053,34.6255],[126.4092,34.6244],[126.4285,34.6137],[126.4267,34.604],[126.4361,34.5981],[126.4464,34.5963],[126.4594,34.5977],[126.4651,34.5946],[126.4617,34.5939],[126.4565,34.5902],[126.4537,34.5907],[126.4501,34.5896],[126.4492,34.5882],[126.4524,34.5827],[126.4518,34.5821],[126.4425,34.5895],[126.4372,34.5907],[126.4349,34.5897],[126.4322,34.5929],[126.4246,34.5943],[126.41,34.6009],[126.4091,34.6021],[126.4107,34.6036],[126.4111,34.606],[126.4093,34.6074],[126.4075,34.6076],[126.4032,34.6056],[126.3935,34.6097],[126.3914,34.6099],[126.3889,34.6085],[126.3879,34.6125],[126.3805,34.6177],[126.3766,34.6182],[126.3737,34.6154],[126.3735,34.6098],[126.3723,34.6056],[126.3701,34.6047],[126.3726,34.6138],[126.3735,34.6258],[126.3705,34.637],[126.3686,34.64],[126.3607,34.6385],[126.361,34.6414],[126.3601,34.6446],[126.3605,34.6496],[126.3531,34.6628],[126.3417,34.6751],[126.3392,34.6799],[126.3377,34.6848],[126.3389,34.6932],[126.3414,34.696],[126.348,34.6996],[126.3507,34.7033],[126.3497,34.709],[126.3482,34.7112],[126.345,34.7131],[126.3398,34.719],[126.3341,34.7194],[126.3312,34.7212],[126.3322,34.7237],[126.3321,34.7253],[126.3311,34.7263],[126.3315,34.7276],[126.3354,34.7308],[126.3347,34.7353],[126.3352,34.7383],[126.3332,34.7408],[126.3252,34.7432],[126.3179,34.7514],[126.3166,34.7515],[126.3158,34.7487],[126.3083,34.756],[126.3,34.7622],[126.2962,34.7625],[126.2861,34.7586],[126.2852,34.757],[126.2839,34.7481],[126.2803,34.742],[126.2776,34.7332],[126.2743,34.7287],[126.275,34.7222],[126.279,34.7213],[126.2802,34.7179],[126.2782,34.7199],[126.2744,34.7181],[126.274,34.7162],[126.2748,34.714],[126.2741,34.712],[126.2667,34.704],[126.2646,34.7046],[126.2622,34.708],[126.2612,34.7079],[126.2601,34.7048],[126.2587,34.6995],[126.2596,34.6966],[126.2579,34.6934],[126.2603,34.6918],[126.2601,34.6903],[126.2589,34.6895],[126.2622,34.6866],[126.2625,34.6852],[126.2609,34.6831],[126.2577,34.6836],[126.2549,34.6797],[126.256,34.677],[126.2584,34.6772],[126.26,34.676],[126.2596,34.6698],[126.258,34.6681],[126.2556,34.668],[126.255,34.6641],[126.2573,34.6611],[126.2579,34.6628],[126.2588,34.6629],[126.2626,34.6597],[126.2623,34.6559],[126.2603,34.6555],[126.2592,34.6544],[126.2593,34.6534],[126.263,34.6516],[126.2682,34.6474],[126.2671,34.6434],[126.2624,34.6453],[126.2597,34.6454],[126.2596,34.6412],[126.262,34.6387],[126.2661,34.6373],[126.2712,34.633],[126.2798,34.6298],[126.2861,34.6303],[126.2876,34.6326],[126.2865,34.6341],[126.2888,34.6356],[126.2917,34.6328],[126.2933,34.6295],[126.2899,34.6284],[126.2872,34.6238],[126.2804,34.6221],[126.2804,34.6213],[126.2826,34.6194],[126.2832,34.6171],[126.2812,34.6136],[126.2795,34.6123],[126.2739,34.6131],[126.2712,34.6151],[126.2695,34.6153],[126.2672,34.6142],[126.2665,34.6126],[126.2647,34.6114],[126.2599,34.6125],[126.2589,34.6121],[126.2626,34.6088],[126.2732,34.6107],[126.2805,34.6109],[126.2876,34.6052],[126.2873,34.6046],[126.2826,34.6041],[126.2823,34.6032],[126.2834,34.6025],[126.2832,34.6007],[126.2819,34.5994],[126.2802,34.5996],[126.279,34.5964],[126.28,34.5954],[126.2836,34.5949],[126.2921,34.5918],[126.2949,34.5965],[126.2951,34.5985],[126.294,34.5996],[126.2954,34.6006],[126.2988,34.5984],[126.297,34.5927],[126.2992,34.5901],[126.3068,34.5897],[126.3126,34.5877],[126.3132,34.5859],[126.3121,34.5843],[126.3094,34.5813],[126.3045,34.5794],[126.3036,34.5775],[126.3048,34.5751],[126.3064,34.5757],[126.3067,34.577],[126.3091,34.5765],[126.3088,34.5738],[126.3073,34.5723],[126.3109,34.5707],[126.3138,34.5666],[126.3159,34.5668],[126.3215,34.5697],[126.3223,34.569],[126.3278,34.569],[126.3341,34.5731],[126.3454,34.5692],[126.346,34.5682],[126.3549,34.567],[126.3603,34.5639],[126.3625,34.5608],[126.3721,34.5608],[126.3731,34.5593],[126.3751,34.5585],[126.3758,34.5592],[126.3755,34.561],[126.377,34.562],[126.3798,34.5627],[126.3833,34.5617],[126.3854,34.5591],[126.3855,34.5565],[126.3841,34.5547],[126.3843,34.5531],[126.3888,34.5523],[126.3892,34.551],[126.3876,34.5472],[126.3851,34.5444],[126.3812,34.5428],[126.3782,34.539],[126.3864,34.5322],[126.3902,34.5323],[126.4025,34.5378],[126.4042,34.5402],[126.4016,34.5441],[126.4049,34.5468],[126.4096,34.5481],[126.4135,34.5476],[126.4134,34.5468],[126.4141,34.5465],[126.4169,34.5468],[126.4185,34.5491],[126.4181,34.5524],[126.4199,34.5542],[126.4302,34.5553],[126.4306,34.5535],[126.4324,34.5517],[126.436,34.5499],[126.4341,34.5464],[126.4335,34.5439],[126.4352,34.5406],[126.4337,34.5393],[126.4357,34.539],[126.4367,34.5393],[126.4372,34.5406],[126.4381,34.5401],[126.4379,34.5379],[126.4345,34.5368],[126.4335,34.5346],[126.4342,34.5342],[126.443,34.5391],[126.447,34.537],[126.4569,34.5347],[126.4601,34.5321],[126.4578,34.53],[126.4554,34.5301],[126.4511,34.5279],[126.4479,34.5287],[126.444,34.5283],[126.4399,34.5254],[126.4399,34.5239],[126.4416,34.5217],[126.4455,34.5213],[126.4535,34.5221],[126.4562,34.5236],[126.4579,34.5222],[126.4558,34.5195],[126.4623,34.5199],[126.4636,34.5182]]],[[[126.5253,34.6615],[126.5244,34.6629],[126.5176,34.6655],[126.5093,34.6722],[126.5029,34.6758],[126.4979,34.6764],[126.4949,34.6748],[126.4963,34.6706],[126.5014,34.6661],[126.5038,34.665],[126.5135,34.6621],[126.5253,34.6615]]],[[[126.474,34.3427],[126.4676,34.344],[126.4649,34.3457],[126.4637,34.3454],[126.4661,34.34],[126.4684,34.3384],[126.4723,34.3319],[126.4739,34.3311],[126.4756,34.3329],[126.4743,34.3357],[126.4735,34.3361],[126.4734,34.3374],[126.4761,34.3416],[126.478,34.3423],[126.4781,34.3433],[126.4767,34.3452],[126.474,34.3427]]],[[[126.3315,34.5637],[126.331,34.5684],[126.3233,34.567],[126.3203,34.5644],[126.3197,34.5596],[126.3208,34.5589],[126.3286,34.5635],[126.3315,34.5637]]],[[[126.3038,34.5888],[126.3011,34.5885],[126.2994,34.5872],[126.2971,34.5818],[126.2993,34.581],[126.3015,34.5829],[126.3067,34.5853],[126.3069,34.5872],[126.3038,34.5888]]],[[[126.4185,34.452],[126.4203,34.4545],[126.419,34.4573],[126.4181,34.4577],[126.4136,34.4558],[126.4185,34.452]]],[[[126.4169,34.4597],[126.4169,34.4615],[126.4159,34.462],[126.4136,34.4662],[126.4123,34.4669],[126.4143,34.4635],[126.4117,34.461],[126.4133,34.4594],[126.4169,34.4597]]],[[[126.4412,34.4325],[126.4409,34.4339],[126.4377,34.4345],[126.4331,34.432],[126.4349,34.4299],[126.4359,34.4316],[126.4412,34.4325]]],[[[126.7146,34.4348],[126.7137,34.4354],[126.7083,34.4344],[126.7025,34.4351],[126.7027,34.4341],[126.7075,34.433],[126.7146,34.4348]]],[[[126.4614,34.4257],[126.4653,34.4277],[126.4635,34.43],[126.4601,34.4268],[126.4614,34.4257]]],[[[126.5033,34.3149],[126.5043,34.3192],[126.5008,34.317],[126.5017,34.3148],[126.5033,34.3149]]],[[[126.4331,34.4363],[126.435,34.4376],[126.4341,34.4387],[126.4301,34.4397],[126.4317,34.4368],[126.4331,34.4363]]],[[[126.241,34.7006],[126.2411,34.6976],[126.2442,34.6981],[126.244,34.7003],[126.241,34.7006]]],[[[126.6168,34.3406],[126.616,34.3404],[126.6164,34.3377],[126.619,34.3371],[126.6193,34.3388],[126.6168,34.3406]]],[[[126.4283,34.4433],[126.4289,34.4436],[126.4284,34.4445],[126.4248,34.447],[126.4233,34.4469],[126.4239,34.4452],[126.4283,34.4433]]],[[[126.5088,34.2981],[126.5105,34.3027],[126.5118,34.3039],[126.5104,34.3032],[126.5077,34.3002],[126.5078,34.298],[126.5088,34.2981]]],[[[126.4747,34.3706],[126.4751,34.3714],[126.4737,34.3727],[126.4716,34.372],[126.4719,34.371],[126.4747,34.3706]]],[[[126.4236,34.5352],[126.4253,34.5366],[126.4252,34.5382],[126.4228,34.5367],[126.4236,34.5352]]],[[[126.4693,34.3802],[126.4708,34.3808],[126.4711,34.3825],[126.47,34.3827],[126.4685,34.3814],[126.4684,34.3806],[126.4693,34.3802]]],[[[126.4297,34.4338],[126.4319,34.4343],[126.4328,34.435],[126.4325,34.4358],[126.4281,34.4341],[126.4297,34.4338]]],[[[126.6478,34.4034],[126.6465,34.4051],[126.6447,34.4046],[126.645,34.4038],[126.6478,34.4034]]],[[[126.3184,34.5619],[126.3196,34.5626],[126.3189,34.5635],[126.3172,34.5628],[126.3184,34.5619]]]]}},{"type":"Feature","properties":{"sigun":"영암군"},"geometry":{"type":"Polygon","coordinates":[[[126.6869,34.7539],[126.6923,34.7554],[126.6961,34.7604],[126.6995,34.762],[126.7024,34.7656],[126.7049,34.7669],[126.7098,34.7657],[126.7103,34.7635],[126.7152,34.7601],[126.718,34.7611],[126.7217,34.759],[126.7241,34.7591],[126.7267,34.7595],[126.7291,34.7611],[126.7324,34.7603],[126.7345,34.7571],[126.7379,34.7562],[126.7465,34.7574],[126.748,34.7595],[126.7488,34.7632],[126.7498,34.7643],[126.7539,34.7656],[126.7558,34.7687],[126.7588,34.7703],[126.7621,34.7706],[126.7634,34.7741],[126.7625,34.7767],[126.7649,34.7817],[126.77,34.784],[126.7701,34.7858],[126.7755,34.7854],[126.7805,34.7877],[126.7827,34.7865],[126.7828,34.7839],[126.7842,34.7807],[126.7959,34.7805],[126.7956,34.7876],[126.7932,34.7942],[126.7974,34.8],[126.8007,34.803],[126.7998,34.8083],[126.8011,34.8138],[126.8052,34.8186],[126.8072,34.8287],[126.8188,34.8312],[126.8229,34.8363],[126.8301,34.8362],[126.8406,34.8399],[126.8431,34.8396],[126.8472,34.8434],[126.8492,34.8442],[126.8543,34.8504],[126.8545,34.8531],[126.857,34.8535],[126.8577,34.8571],[126.8566,34.8609],[126.859,34.8627],[126.8587,34.8692],[126.854,34.8698],[126.8523,34.8682],[126.8499,34.8679],[126.8434,34.8699],[126.8411,34.8682],[126.8352,34.8673],[126.8308,34.8681],[126.8239,34.8711],[126.8215,34.871],[126.8117,34.8745],[126.8106,34.8732],[126.8099,34.8693],[126.8071,34.8682],[126.8037,34.8682],[126.8012,34.8701],[126.8009,34.8733],[126.7941,34.8781],[126.7855,34.8793],[126.7834,34.8819],[126.7842,34.8849],[126.7803,34.8881],[126.7768,34.889],[126.7729,34.8941],[126.7704,34.8953],[126.7659,34.8994],[126.7635,34.9001],[126.7622,34.8984],[126.7528,34.8965],[126.7504,34.8963],[126.7448,34.898],[126.7415,34.8948],[126.7334,34.8904],[126.7267,34.8892],[126.7251,34.8896],[126.72,34.8932],[126.7194,34.8971],[126.7179,34.8988],[126.7162,34.9051],[126.7133,34.9071],[126.7117,34.9067],[126.7117,34.9086],[126.7148,34.913],[126.7159,34.9176],[126.7077,34.924],[126.703,34.93],[126.702,34.9332],[126.7026,34.9348],[126.699,34.9405],[126.6951,34.9423],[126.6912,34.942],[126.684,34.9448],[126.6776,34.9451],[126.6764,34.9463],[126.6685,34.9451],[126.6682,34.9418],[126.6621,34.9341],[126.6618,34.9293],[126.663,34.927],[126.6642,34.9269],[126.6648,34.9276],[126.6693,34.9268],[126.6725,34.9211],[126.676,34.917],[126.6766,34.914],[126.6758,34.9118],[126.6772,34.9093],[126.6761,34.9073],[126.6766,34.9033],[126.6789,34.8974],[126.6804,34.897],[126.6821,34.8945],[126.6814,34.8927],[126.6798,34.8924],[126.6782,34.8933],[126.6749,34.8909],[126.6738,34.8876],[126.6766,34.883],[126.6753,34.8819],[126.6725,34.8818],[126.6706,34.8832],[126.6691,34.8867],[126.6649,34.8873],[126.6641,34.8883],[126.6646,34.8901],[126.6639,34.8923],[126.6613,34.8934],[126.6601,34.8928],[126.6514,34.8935],[126.65,34.8887],[126.644,34.8913],[126.6415,34.8904],[126.6401,34.8886],[126.631,34.8885],[126.6303,34.8937],[126.6278,34.8964],[126.6281,34.8988],[126.6295,34.8991],[126.6346,34.8977],[126.6355,34.9009],[126.6348,34.907],[126.632,34.9091],[126.6324,34.9105],[126.6316,34.9145],[126.6287,34.9176],[126.6281,34.9197],[126.6286,34.9208],[126.6262,34.921],[126.6184,34.926],[126.6146,34.9251],[126.6129,34.9225],[126.6118,34.9227],[126.61,34.9237],[126.6115,34.9246],[126.6117,34.9264],[126.6075,34.9259],[126.6049,34.9281],[126.6058,34.9297],[126.605,34.9302],[126.6007,34.9293],[126.5993,34.9275],[126.6021,34.9262],[126.603,34.9239],[126.6021,34.9232],[126.5981,34.9235],[126.5954,34.9259],[126.5927,34.9233],[126.5931,34.9218],[126.5955,34.9204],[126.5967,34.9158],[126.5928,34.915],[126.5912,34.9161],[126.5913,34.9183],[126.5894,34.9191],[126.588,34.9184],[126.5878,34.9166],[126.5848,34.9154],[126.5829,34.9168],[126.5841,34.9189],[126.5827,34.9204],[126.5797,34.9197],[126.5789,34.9168],[126.5755,34.9161],[126.5744,34.9151],[126.5732,34.9081],[126.5746,34.9066],[126.5785,34.9066],[126.5804,34.9053],[126.5796,34.9017],[126.5801,34.8954],[126.5776,34.8941],[126.5741,34.8937],[126.5723,34.8923],[126.5725,34.8824],[126.5707,34.8766],[126.5681,34.8729],[126.5632,34.869],[126.5532,34.8632],[126.5527,34.8544],[126.5481,34.8281],[126.5437,34.8141],[126.5346,34.8031],[126.5271,34.8013],[126.5227,34.7988],[126.5194,34.796],[126.5188,34.7943],[126.5205,34.7891],[126.52,34.7859],[126.5179,34.7809],[126.5135,34.7761],[126.5057,34.7714],[126.4994,34.7696],[126.4946,34.7694],[126.4914,34.7709],[126.4743,34.7878],[126.4633,34.7923],[126.4564,34.7938],[126.448,34.7945],[126.4447,34.7924],[126.4492,34.7832],[126.4466,34.7823],[126.4436,34.7828],[126.4419,34.7799],[126.4335,34.7776],[126.4256,34.779],[126.4224,34.7782],[126.4217,34.7769],[126.4076,34.7732],[126.402,34.7742],[126.3819,34.7692],[126.3792,34.767],[126.3789,34.7657],[126.3794,34.7639],[126.3818,34.7637],[126.3802,34.7602],[126.3747,34.756],[126.3761,34.7546],[126.3795,34.7568],[126.3803,34.7561],[126.3804,34.7528],[126.3745,34.7495],[126.3715,34.7492],[126.3691,34.7478],[126.3653,34.7491],[126.3625,34.7449],[126.3636,34.741],[126.3666,34.7381],[126.3699,34.7368],[126.3715,34.7374],[126.3754,34.7362],[126.3838,34.7318],[126.3908,34.7302],[126.3977,34.7337],[126.3987,34.7355],[126.3986,34.7375],[126.4012,34.7388],[126.4122,34.7373],[126.4189,34.7376],[126.4233,34.7398],[126.424,34.7422],[126.4255,34.7436],[126.4279,34.744],[126.4301,34.7427],[126.4294,34.7391],[126.4317,34.7382],[126.4394,34.7373],[126.4465,34.7414],[126.4476,34.7433],[126.4497,34.7432],[126.45,34.7418],[126.4455,34.7386],[126.4413,34.7373],[126.4402,34.7333],[126.4365,34.733],[126.4362,34.7308],[126.4312,34.7339],[126.4272,34.7336],[126.4234,34.7282],[126.4236,34.7265],[126.4264,34.7253],[126.4318,34.726],[126.4359,34.7277],[126.4406,34.728],[126.4432,34.7305],[126.442,34.7323],[126.4496,34.7371],[126.4528,34.7364],[126.4515,34.7349],[126.4485,34.7342],[126.4504,34.7309],[126.4573,34.7279],[126.4593,34.7292],[126.4639,34.736],[126.4718,34.7377],[126.4758,34.7347],[126.4754,34.7323],[126.4769,34.7272],[126.4745,34.7227],[126.4703,34.7195],[126.4703,34.7188],[126.4734,34.7185],[126.4771,34.72],[126.49,34.715],[126.4933,34.7113],[126.5014,34.7114],[126.5068,34.7135],[126.5078,34.712],[126.4953,34.7087],[126.5101,34.6928],[126.5151,34.6916],[126.525,34.691],[126.5273,34.6887],[126.5255,34.6879],[126.5135,34.689],[126.5099,34.6881],[126.5129,34.6829],[126.5243,34.6723],[126.5315,34.6686],[126.536,34.6677],[126.5417,34.6717],[126.5459,34.6732],[126.5519,34.6736],[126.5529,34.6744],[126.5538,34.6755],[126.5514,34.6789],[126.5559,34.6841],[126.5568,34.6828],[126.56,34.682],[126.5616,34.6834],[126.5628,34.6833],[126.5651,34.6808],[126.5596,34.6745],[126.5581,34.6713],[126.5574,34.6683],[126.5578,34.665],[126.5627,34.667],[126.5632,34.6703],[126.5643,34.6723],[126.5711,34.6781],[126.5786,34.6804],[126.5868,34.6789],[126.5909,34.6801],[126.5934,34.6797],[126.5951,34.6804],[126.597,34.6827],[126.6014,34.683],[126.6052,34.682],[126.6091,34.6797],[126.6133,34.6817],[126.6169,34.682],[126.6229,34.6798],[126.6246,34.6808],[126.6266,34.6802],[126.6309,34.6778],[126.6351,34.6741],[126.6372,34.6739],[126.639,34.6743],[126.6401,34.6783],[126.6431,34.6827],[126.6476,34.6852],[126.6482,34.689],[126.6512,34.69],[126.6577,34.6895],[126.6598,34.6909],[126.6657,34.692],[126.6681,34.6921],[126.6701,34.691],[126.6719,34.6939],[126.6719,34.6964],[126.6734,34.6997],[126.675,34.7005],[126.6753,34.7016],[126.6745,34.7045],[126.6724,34.7054],[126.6725,34.7073],[126.6744,34.7095],[126.6784,34.7105],[126.6814,34.713],[126.6794,34.7207],[126.678,34.7223],[126.6742,34.7231],[126.665,34.7224],[126.6631,34.7251],[126.6626,34.7278],[126.6564,34.7306],[126.656,34.7315],[126.6578,34.7341],[126.6593,34.7341],[126.6671,34.7397],[126.6703,34.741],[126.6763,34.7475],[126.6805,34.7534],[126.6845,34.7524],[126.6869,34.7539]]]}},{"type":"Feature","properties":{"sigun":"무안군"},"geometry":{"type":"MultiPolygon","coordinates":[[[[126.5169,34.9843],[126.5122,34.9901],[126.511,34.9903],[126.5082,34.9891],[126.5076,34.9869],[126.5062,34.986],[126.4998,34.9861],[126.4983,34.9916],[126.4945,34.9945],[126.4903,35.0008],[126.5001,35.0041],[126.5006,35.0058],[126.4998,35.011],[126.4985,35.0162],[126.4973,35.0177],[126.4939,35.0177],[126.4919,35.0161],[126.486,35.0187],[126.4844,35.018],[126.4822,35.0194],[126.4805,35.0267],[126.478,35.026],[126.4713,35.0213],[126.4697,35.0209],[126.4665,35.0247],[126.4665,35.0275],[126.464,35.0313],[126.4649,35.0378],[126.4632,35.0419],[126.4702,35.0518],[126.4732,35.0539],[126.4754,35.0576],[126.4774,35.0649],[126.474,35.0666],[126.4704,35.0666],[126.4668,35.0699],[126.4587,35.0738],[126.453,35.0738],[126.452,35.0732],[126.4452,35.0608],[126.4456,35.0598],[126.4451,35.059],[126.4413,35.0558],[126.4318,35.052],[126.431,35.0528],[126.423,35.0482],[126.4179,35.0419],[126.4178,35.0397],[126.4224,35.0358],[126.4263,35.0281],[126.4168,35.027],[126.4113,35.0299],[126.4024,35.0273],[126.4011,35.0309],[126.3989,35.0335],[126.4011,35.0355],[126.4015,35.037],[126.4016,35.0433],[126.3983,35.0438],[126.395,35.0416],[126.3932,35.0417],[126.3909,35.0432],[126.3941,35.048],[126.3973,35.0481],[126.4034,35.0506],[126.3992,35.0528],[126.4007,35.0551],[126.4063,35.0572],[126.4076,35.06],[126.407,35.0637],[126.4041,35.0657],[126.4043,35.0707],[126.4006,35.0725],[126.3985,35.0751],[126.3984,35.0766],[126.3966,35.0767],[126.3921,35.0718],[126.3923,35.0688],[126.3908,35.0652],[126.386,35.066],[126.3845,35.0667],[126.3842,35.0678],[126.3841,35.0701],[126.3871,35.0723],[126.3868,35.0751],[126.3898,35.0818],[126.3966,35.0822],[126.3977,35.0816],[126.3981,35.0833],[126.3922,35.0837],[126.3918,35.0864],[126.3888,35.0867],[126.3863,35.0849],[126.3804,35.0823],[126.3799,35.0816],[126.3815,35.0791],[126.3816,35.0767],[126.3746,35.0694],[126.3738,35.0643],[126.3704,35.062],[126.368,35.0625],[126.3657,35.0652],[126.3669,35.0674],[126.3677,35.0674],[126.368,35.0713],[126.3643,35.0747],[126.3681,35.0764],[126.3683,35.0774],[126.3647,35.0798],[126.3631,35.0797],[126.3618,35.0787],[126.3611,35.0777],[126.362,35.0758],[126.3607,35.0753],[126.3585,35.0753],[126.3534,35.0791],[126.3509,35.08],[126.3501,35.0799],[126.3492,35.0763],[126.3462,35.0758],[126.3452,35.0765],[126.3461,35.083],[126.3434,35.0843],[126.3429,35.0861],[126.3488,35.0879],[126.3499,35.0865],[126.3493,35.0851],[126.3498,35.0846],[126.3528,35.0876],[126.3531,35.089],[126.3513,35.0923],[126.351,35.0951],[126.3539,35.0981],[126.3532,35.0996],[126.3515,35.1003],[126.3499,35.0998],[126.3488,35.0944],[126.3455,35.094],[126.3436,35.092],[126.3351,35.0917],[126.3336,35.0931],[126.3323,35.0933],[126.3316,35.0947],[126.3338,35.0962],[126.3357,35.0989],[126.3354,35.1027],[126.3376,35.1055],[126.3395,35.1055],[126.3404,35.1069],[126.34,35.1097],[126.3406,35.1116],[126.3444,35.1154],[126.3447,35.1182],[126.3421,35.1214],[126.3427,35.1312],[126.3448,35.133],[126.3469,35.1371],[126.3469,35.1388],[126.3452,35.1416],[126.346,35.1476],[126.3449,35.1511],[126.3458,35.1556],[126.3475,35.1574],[126.347,35.1592],[126.3458,35.1598],[126.3444,35.1591],[126.3399,35.1539],[126.3342,35.1493],[126.3307,35.1488],[126.33,35.1514],[126.3263,35.1502],[126.3251,35.1469],[126.3272,35.145],[126.3293,35.1452],[126.3302,35.1444],[126.3303,35.1411],[126.3278,35.1367],[126.3248,35.1341],[126.3188,35.1315],[126.3113,35.1323],[126.3103,35.1327],[126.3103,35.1359],[126.3083,35.1373],[126.3013,35.1391],[126.297,35.138],[126.2918,35.1416],[126.2901,35.1408],[126.29,35.1395],[126.2916,35.1387],[126.2903,35.137],[126.2865,35.1349],[126.2818,35.135],[126.2784,35.1367],[126.2786,35.142],[126.2745,35.1452],[126.2745,35.1506],[126.2734,35.151],[126.2703,35.1499],[126.272,35.1461],[126.2714,35.1456],[126.268,35.1452],[126.2635,35.146],[126.2574,35.1421],[126.2563,35.1382],[126.259,35.1353],[126.256,35.1341],[126.2543,35.1349],[126.2519,35.1337],[126.2517,35.1329],[126.2532,35.1316],[126.2529,35.1304],[126.2508,35.1291],[126.2477,35.1239],[126.2445,35.1172],[126.2452,35.1156],[126.2396,35.1076],[126.2425,35.1112],[126.2477,35.1107],[126.2477,35.1085],[126.2454,35.1099],[126.2418,35.1061],[126.2502,35.097],[126.2477,35.0971],[126.2488,35.0957],[126.249,35.092],[126.2479,35.0888],[126.245,35.0849],[126.2442,35.0782],[126.2461,35.0755],[126.253,35.0721],[126.26,35.0664],[126.2622,35.0601],[126.2621,35.0537],[126.2637,35.0527],[126.2672,35.0526],[126.2703,35.0545],[126.2733,35.0533],[126.277,35.054],[126.2816,35.0573],[126.2821,35.0586],[126.2812,35.0603],[126.282,35.0616],[126.2849,35.0616],[126.2912,35.0595],[126.2914,35.0581],[126.2954,35.0547],[126.2954,35.0532],[126.2908,35.0501],[126.2908,35.0491],[126.2964,35.0496],[126.3009,35.0477],[126.3016,35.0466],[126.2994,35.044],[126.2953,35.042],[126.2948,35.041],[126.2997,35.0424],[126.3042,35.0449],[126.3149,35.0538],[126.3144,35.0577],[126.313,35.059],[126.3083,35.0602],[126.3015,35.0601],[126.3007,35.0611],[126.3051,35.0657],[126.3117,35.0668],[126.3181,35.0703],[126.3167,35.0718],[126.3122,35.0738],[126.3118,35.0749],[126.3118,35.0756],[126.3184,35.0782],[126.3171,35.0797],[126.3161,35.0834],[126.3167,35.0867],[126.3221,35.0888],[126.3293,35.0883],[126.3325,35.0875],[126.3359,35.0835],[126.3373,35.0815],[126.339,35.0763],[126.3434,35.0724],[126.344,35.0705],[126.3432,35.0679],[126.338,35.0632],[126.3357,35.0623],[126.3336,35.0636],[126.3311,35.0614],[126.3329,35.0588],[126.3351,35.0583],[126.3354,35.0602],[126.3374,35.0605],[126.3459,35.0584],[126.3491,35.0562],[126.3521,35.0525],[126.3474,35.0518],[126.3469,35.0486],[126.3474,35.0451],[126.3516,35.0388],[126.3565,35.0378],[126.3585,35.0386],[126.3588,35.041],[126.3581,35.0417],[126.364,35.0433],[126.371,35.047],[126.3722,35.0467],[126.3733,35.0442],[126.3757,35.044],[126.3773,35.0474],[126.3803,35.0484],[126.3881,35.0364],[126.3898,35.0308],[126.3893,35.0251],[126.3836,35.0234],[126.381,35.0206],[126.3755,35.0186],[126.3621,35.0095],[126.3464,35.003],[126.3331,34.9943],[126.3331,34.992],[126.3337,34.9912],[126.3348,34.9915],[126.3352,34.9941],[126.3404,34.9972],[126.345,34.9952],[126.3495,34.9949],[126.3547,34.9924],[126.3572,34.9932],[126.3586,34.9927],[126.3579,34.9884],[126.3589,34.9867],[126.3578,34.9841],[126.3524,34.9837],[126.3505,34.9822],[126.3485,34.9763],[126.3432,34.9731],[126.3351,34.9717],[126.3318,34.9698],[126.3299,34.9671],[126.328,34.967],[126.3269,34.9684],[126.3278,34.9702],[126.3272,34.9718],[126.3254,34.9732],[126.3225,34.9723],[126.3218,34.9732],[126.3214,34.9769],[126.3195,34.9813],[126.3175,34.9813],[126.3178,34.9793],[126.3157,34.9751],[126.31,34.9759],[126.3122,34.9832],[126.3153,34.9858],[126.3151,34.9884],[126.3076,34.9863],[126.305,34.9845],[126.3053,34.9826],[126.3038,34.9773],[126.2998,34.9768],[126.2948,34.9652],[126.2971,34.9611],[126.3004,34.9582],[126.3022,34.9569],[126.3067,34.9559],[126.3088,34.9522],[126.3085,34.9495],[126.3092,34.9487],[126.3124,34.9467],[126.3145,34.9467],[126.3212,34.9437],[126.317,34.9411],[126.3165,34.9374],[126.3106,34.9357],[126.3102,34.9336],[126.3081,34.9332],[126.3061,34.934],[126.3056,34.9331],[126.3066,34.928],[126.3114,34.9264],[126.3177,34.9317],[126.3192,34.9319],[126.3219,34.9283],[126.3223,34.9305],[126.3264,34.9305],[126.3295,34.9282],[126.3298,34.927],[126.3299,34.9261],[126.3277,34.9249],[126.3298,34.9198],[126.3287,34.9168],[126.3293,34.9158],[126.3311,34.9167],[126.3346,34.9168],[126.3431,34.9146],[126.3495,34.917],[126.351,34.9168],[126.352,34.9188],[126.3516,34.921],[126.3532,34.9221],[126.3591,34.9219],[126.3616,34.9199],[126.364,34.9193],[126.3691,34.9196],[126.3704,34.9236],[126.3665,34.928],[126.3667,34.9326],[126.3693,34.9365],[126.3742,34.9389],[126.3749,34.9427],[126.3736,34.9428],[126.3725,34.9417],[126.3658,34.9431],[126.3669,34.9454],[126.3708,34.9471],[126.3717,34.9536],[126.3746,34.9559],[126.3684,34.963],[126.3606,34.9634],[126.3618,34.9664],[126.3597,34.9685],[126.3614,34.9719],[126.3643,34.9716],[126.371,34.973],[126.371,34.9756],[126.3664,34.9818],[126.3663,34.9859],[126.3683,34.9894],[126.3674,34.9934],[126.3678,34.9956],[126.3721,34.9992],[126.3737,34.9986],[126.3742,34.9943],[126.3733,34.9899],[126.3738,34.989],[126.3766,34.9893],[126.3799,34.9877],[126.3786,34.9766],[126.3789,34.9712],[126.3822,34.9684],[126.3902,34.9673],[126.393,34.9649],[126.394,34.9617],[126.3916,34.9555],[126.3892,34.9542],[126.3894,34.9518],[126.3871,34.9469],[126.3873,34.9446],[126.3889,34.9402],[126.3901,34.9391],[126.3937,34.9373],[126.3969,34.937],[126.3984,34.935],[126.3955,34.932],[126.3894,34.9285],[126.3894,34.9274],[126.3903,34.9268],[126.3906,34.9216],[126.3931,34.9187],[126.3961,34.9181],[126.4031,34.9148],[126.4046,34.9115],[126.4037,34.9078],[126.3999,34.8995],[126.3956,34.8982],[126.3946,34.8994],[126.3913,34.8998],[126.3936,34.8947],[126.389,34.8894],[126.3891,34.8865],[126.3902,34.8848],[126.3865,34.8803],[126.3863,34.8779],[126.3886,34.8774],[126.3902,34.8812],[126.3917,34.8826],[126.4015,34.8802],[126.4015,34.8786],[126.3954,34.8734],[126.3947,34.8693],[126.398,34.8651],[126.4005,34.8637],[126.4018,34.8648],[126.4035,34.8641],[126.4015,34.8609],[126.4028,34.8581],[126.405,34.857],[126.4069,34.852],[126.4054,34.8495],[126.4068,34.8471],[126.412,34.8453],[126.4121,34.8439],[126.4198,34.8441],[126.4249,34.839],[126.4278,34.8379],[126.4341,34.8382],[126.4382,34.8366],[126.4392,34.834],[126.4392,34.8304],[126.4381,34.8255],[126.4383,34.8211],[126.4519,34.8187],[126.4544,34.8177],[126.455,34.8105],[126.4579,34.8081],[126.4594,34.8086],[126.4586,34.8008],[126.4619,34.8001],[126.4588,34.7934],[126.4666,34.7913],[126.4743,34.7878],[126.4914,34.7709],[126.4946,34.7694],[126.4994,34.7696],[126.5057,34.7714],[126.5145,34.7769],[126.5179,34.7809],[126.52,34.7859],[126.5205,34.7891],[126.5188,34.7943],[126.5194,34.796],[126.5227,34.7988],[126.5271,34.8013],[126.5346,34.8031],[126.5437,34.8141],[126.548,34.8272],[126.5531,34.8589],[126.5524,34.8709],[126.5484,34.8799],[126.5242,34.9056],[126.5173,34.9117],[126.5139,34.9176],[126.5136,34.9221],[126.515,34.9253],[126.5173,34.9274],[126.5211,34.9292],[126.5238,34.9291],[126.5288,34.9265],[126.5364,34.9177],[126.5402,34.9182],[126.5423,34.9213],[126.542,34.924],[126.5407,34.9264],[126.5316,34.9388],[126.5281,34.9474],[126.5296,34.955],[126.5364,34.965],[126.5408,34.9752],[126.5312,34.9783],[126.526,34.9826],[126.5209,34.983],[126.5169,34.9843]]],[[[126.3194,35.0134],[126.3162,35.0155],[126.3105,35.014],[126.3109,35.013],[126.3128,35.0127],[126.3139,35.0105],[126.3132,35.0083],[126.3112,35.0074],[126.3139,34.9997],[126.3147,35.0002],[126.3157,35.0056],[126.3174,35.0069],[126.3194,35.0134]]],[[[126.3368,35.1625],[126.3378,35.1664],[126.3366,35.1673],[126.3346,35.1646],[126.3353,35.163],[126.3368,35.1625]]],[[[126.3742,35.0222],[126.3748,35.0286],[126.3722,35.025],[126.3742,35.0222]]],[[[126.3254,34.9224],[126.3262,34.9234],[126.325,34.9254],[126.3218,34.9245],[126.3222,34.9224],[126.3254,34.9224]]],[[[126.3817,34.8581],[126.3822,34.8584],[126.3816,34.8602],[126.38,34.8615],[126.3794,34.8633],[126.3783,34.8636],[126.378,34.8627],[126.3799,34.8588],[126.3817,34.8581]]],[[[126.3117,35.0431],[126.3091,35.0419],[126.3137,35.042],[126.3144,35.0429],[126.3117,35.0431]]],[[[126.3854,34.8852],[126.3878,34.8858],[126.3879,34.8869],[126.3854,34.8865],[126.3854,34.8852]]],[[[126.3988,34.8572],[126.3979,34.8595],[126.3967,34.8597],[126.3975,34.8577],[126.3988,34.8572]]],[[[126.3847,34.9208],[126.3842,34.9224],[126.3813,34.9205],[126.3847,34.9208]]]]}},{"type":"Feature","properties":{"sigun":"함평군"},"geometry":{"type":"Polygon","coordinates":[[[126.4619,35.0961],[126.4601,35.0919],[126.4576,35.0899],[126.4542,35.0898],[126.4502,35.0881],[126.4475,35.0884],[126.4428,35.0872],[126.438,35.0872],[126.4358,35.0864],[126.436,35.0844],[126.4404,35.0842],[126.4472,35.0795],[126.4543,35.0772],[126.456,35.0762],[126.457,35.0743],[126.4643,35.0714],[126.4704,35.0666],[126.474,35.0666],[126.4774,35.0649],[126.4754,35.0576],[126.4732,35.0539],[126.4702,35.0518],[126.4633,35.0421],[126.4649,35.0378],[126.464,35.0313],[126.4665,35.0275],[126.4665,35.0247],[126.4697,35.0209],[126.4713,35.0213],[126.478,35.026],[126.4805,35.0267],[126.4822,35.0194],[126.4844,35.018],[126.486,35.0187],[126.4919,35.0161],[126.4939,35.0177],[126.4968,35.018],[126.4977,35.0173],[126.4998,35.011],[126.5006,35.0058],[126.5001,35.0041],[126.4901,35.001],[126.4945,34.9945],[126.4983,34.9916],[126.4998,34.9861],[126.5062,34.986],[126.5076,34.9869],[126.5084,34.9892],[126.512,34.9902],[126.5169,34.9843],[126.5209,34.983],[126.526,34.9826],[126.5312,34.9783],[126.5408,34.9752],[126.5433,34.98],[126.5505,34.9861],[126.5549,34.9879],[126.5612,34.9882],[126.5639,34.9873],[126.567,34.9848],[126.5708,34.9738],[126.574,34.9728],[126.5808,34.9768],[126.5827,34.9819],[126.5866,34.9883],[126.5913,34.9913],[126.5911,34.9925],[126.5976,34.995],[126.5991,34.9969],[126.5983,34.998],[126.597,34.9959],[126.5947,34.9953],[126.592,34.9962],[126.5962,34.999],[126.5966,35.0005],[126.5945,35.0026],[126.5934,35.0049],[126.5936,35.0065],[126.5945,35.0067],[126.5944,35.0046],[126.5957,35.0041],[126.599,35.0073],[126.5995,35.0113],[126.5987,35.0128],[126.5946,35.0135],[126.5893,35.0127],[126.5871,35.0131],[126.5858,35.0148],[126.5864,35.0175],[126.5899,35.0195],[126.5922,35.0226],[126.5945,35.0279],[126.593,35.0322],[126.5936,35.0339],[126.5905,35.0365],[126.5896,35.0417],[126.5867,35.0482],[126.5891,35.0486],[126.5897,35.05],[126.5885,35.0535],[126.5881,35.0584],[126.5918,35.0682],[126.5911,35.0699],[126.5928,35.0794],[126.5955,35.0831],[126.5954,35.0871],[126.5978,35.0932],[126.5971,35.0956],[126.5936,35.0978],[126.5996,35.0998],[126.6048,35.0992],[126.6053,35.0965],[126.6085,35.0929],[126.6134,35.0911],[126.6176,35.0908],[126.6197,35.0882],[126.623,35.0869],[126.6292,35.0921],[126.6355,35.0945],[126.6388,35.0936],[126.6472,35.0958],[126.6485,35.099],[126.6467,35.101],[126.6468,35.1035],[126.6482,35.1053],[126.654,35.1075],[126.6557,35.1107],[126.655,35.1179],[126.6527,35.1187],[126.6515,35.1205],[126.6526,35.1222],[126.6517,35.1249],[126.6532,35.1271],[126.6548,35.1367],[126.6528,35.1409],[126.6535,35.1437],[126.6479,35.1439],[126.6447,35.1466],[126.649,35.1471],[126.6508,35.1482],[126.6507,35.1501],[126.6536,35.153],[126.6515,35.1547],[126.6555,35.1589],[126.6537,35.1612],[126.654,35.1646],[126.6573,35.1666],[126.6628,35.1664],[126.6629,35.1675],[126.6643,35.1684],[126.671,35.1694],[126.6719,35.1721],[126.6714,35.1745],[126.6678,35.1754],[126.665,35.1793],[126.6625,35.1805],[126.6637,35.1823],[126.6582,35.1861],[126.6531,35.1924],[126.651,35.1932],[126.6517,35.1965],[126.6471,35.2004],[126.6426,35.2073],[126.6392,35.2076],[126.6338,35.2109],[126.629,35.215],[126.626,35.2194],[126.6184,35.2213],[126.6132,35.2295],[126.6008,35.2357],[126.5958,35.2343],[126.5905,35.231],[126.5895,35.2295],[126.5913,35.2254],[126.5931,35.2244],[126.5903,35.2223],[126.5896,35.2203],[126.5898,35.2178],[126.5911,35.2167],[126.5906,35.2134],[126.5873,35.2095],[126.5833,35.1993],[126.581,35.196],[126.5786,35.1965],[126.5776,35.1976],[126.5681,35.1989],[126.5652,35.1987],[126.5623,35.1967],[126.5648,35.1933],[126.565,35.1907],[126.5609,35.188],[126.5492,35.1853],[126.5476,35.186],[126.547,35.1877],[126.5437,35.1882],[126.5411,35.1859],[126.537,35.1847],[126.5362,35.1833],[126.5335,35.1823],[126.53,35.183],[126.5282,35.1859],[126.519,35.1857],[126.5144,35.1875],[126.5086,35.184],[126.5045,35.1849],[126.5005,35.1835],[126.4938,35.1852],[126.4926,35.1878],[126.4898,35.1873],[126.4889,35.1908],[126.4877,35.1921],[126.4841,35.1924],[126.482,35.1909],[126.4793,35.1919],[126.4771,35.1939],[126.4729,35.1927],[126.4718,35.19],[126.4701,35.1882],[126.4652,35.1861],[126.4636,35.1864],[126.4615,35.1884],[126.4598,35.1879],[126.4564,35.1853],[126.4515,35.1863],[126.4502,35.1858],[126.4476,35.1823],[126.4422,35.1789],[126.4353,35.1729],[126.4307,35.1776],[126.4272,35.179],[126.4247,35.1821],[126.4203,35.1852],[126.4152,35.1852],[126.4128,35.1867],[126.4078,35.1861],[126.4079,35.182],[126.3998,35.1761],[126.397,35.1767],[126.3958,35.1794],[126.3907,35.1794],[126.3877,35.1781],[126.3877,35.177],[126.3852,35.1744],[126.3777,35.1714],[126.3686,35.165],[126.3716,35.1612],[126.3723,35.1585],[126.3827,35.1526],[126.3831,35.149],[126.3864,35.1464],[126.3866,35.1429],[126.3907,35.138],[126.3934,35.1369],[126.3965,35.134],[126.4014,35.1358],[126.403,35.1354],[126.4206,35.1065],[126.4232,35.1058],[126.4303,35.1072],[126.4369,35.1051],[126.4456,35.1059],[126.4472,35.1043],[126.4502,35.105],[126.4535,35.1019],[126.4618,35.1018],[126.4631,35.1011],[126.4647,35.0997],[126.4619,35.0961]]]}},{"type":"Feature","properties":{"sigun":"영광군"},"geometry":{"type":"MultiPolygon","coordinates":[[[[126.5157,35.3317],[126.5176,35.3338],[126.517,35.338],[126.5197,35.3433],[126.5193,35.3451],[126.5204,35.349],[126.5201,35.35],[126.5173,35.351],[126.5159,35.353],[126.5132,35.3579],[126.5128,35.362],[126.5078,35.3614],[126.4992,35.354],[126.4968,35.35],[126.4937,35.3505],[126.4923,35.3525],[126.4923,35.3542],[126.496,35.3583],[126.4953,35.3626],[126.4973,35.3734],[126.4965,35.374],[126.493,35.3739],[126.486,35.3777],[126.4831,35.3807],[126.4832,35.3838],[126.4824,35.3851],[126.4774,35.3862],[126.4848,35.3903],[126.4905,35.395],[126.4909,35.4044],[126.4928,35.4091],[126.4916,35.4113],[126.4899,35.4127],[126.4875,35.413],[126.4787,35.4242],[126.4725,35.4265],[126.4683,35.4252],[126.4623,35.4254],[126.4589,35.4268],[126.4566,35.4262],[126.4535,35.4266],[126.452,35.4269],[126.4514,35.4282],[126.4443,35.4309],[126.4417,35.4289],[126.4374,35.4306],[126.4274,35.4261],[126.4241,35.4302],[126.4222,35.43],[126.4216,35.4284],[126.4148,35.4219],[126.414,35.4196],[126.4144,35.4174],[126.4099,35.4145],[126.4085,35.4109],[126.4055,35.4091],[126.4033,35.4061],[126.403,35.4041],[126.4116,35.4057],[126.4122,35.4051],[126.4048,35.4028],[126.4074,35.4024],[126.408,35.4007],[126.4056,35.3978],[126.4034,35.3982],[126.4023,35.3972],[126.4021,35.3954],[126.4035,35.3941],[126.4021,35.3899],[126.4036,35.3889],[126.4077,35.3887],[126.4065,35.3847],[126.4079,35.3815],[126.4132,35.3813],[126.4154,35.3824],[126.4157,35.3833],[126.4188,35.3832],[126.4198,35.3812],[126.4152,35.378],[126.4109,35.3795],[126.4102,35.3791],[126.41,35.3766],[126.4106,35.3755],[126.4142,35.374],[126.4191,35.3694],[126.4213,35.3685],[126.4248,35.3689],[126.4293,35.3676],[126.4285,35.3642],[126.4311,35.3598],[126.4348,35.3599],[126.4398,35.3613],[126.4392,35.359],[126.4463,35.3571],[126.4472,35.3536],[126.4487,35.352],[126.448,35.3486],[126.4441,35.3556],[126.4409,35.3566],[126.4367,35.3562],[126.4276,35.3583],[126.4238,35.3607],[126.4222,35.364],[126.4189,35.3652],[126.4136,35.3634],[126.4066,35.3657],[126.4056,35.3633],[126.4045,35.3633],[126.4037,35.3644],[126.4041,35.367],[126.4036,35.369],[126.3998,35.3695],[126.397,35.3689],[126.3917,35.3561],[126.3902,35.356],[126.3872,35.3531],[126.3872,35.343],[126.3848,35.3405],[126.3829,35.3351],[126.3819,35.3346],[126.3783,35.329],[126.3777,35.3237],[126.3788,35.322],[126.379,35.3197],[126.3777,35.3184],[126.3755,35.3119],[126.3765,35.3074],[126.3778,35.3058],[126.3744,35.3015],[126.3641,35.2952],[126.3614,35.2903],[126.3584,35.2894],[126.3439,35.293],[126.3288,35.2901],[126.3234,35.2881],[126.3249,35.2707],[126.3294,35.2698],[126.3321,35.2675],[126.3251,35.2624],[126.3283,35.2592],[126.3251,35.2555],[126.324,35.2526],[126.3261,35.2475],[126.3308,35.2466],[126.3316,35.2467],[126.3317,35.2487],[126.3334,35.2473],[126.3315,35.2453],[126.3259,35.2429],[126.3177,35.2483],[126.3118,35.2545],[126.3103,35.254],[126.3074,35.2505],[126.3048,35.2454],[126.3024,35.2373],[126.3002,35.2344],[126.2975,35.2274],[126.2977,35.2249],[126.2988,35.2236],[126.2975,35.216],[126.2998,35.2154],[126.2989,35.2115],[126.2996,35.2102],[126.304,35.2091],[126.3068,35.2112],[126.3137,35.2096],[126.3129,35.2082],[126.3116,35.2079],[126.2997,35.1968],[126.3013,35.1953],[126.2991,35.1922],[126.2985,35.1874],[126.3001,35.1861],[126.3019,35.1874],[126.304,35.1861],[126.3037,35.1823],[126.307,35.1782],[126.3175,35.1803],[126.3218,35.1821],[126.3355,35.1912],[126.3566,35.1951],[126.362,35.1969],[126.3673,35.2011],[126.3716,35.2075],[126.3766,35.2118],[126.3788,35.2088],[126.3722,35.1989],[126.3686,35.1982],[126.3665,35.1955],[126.3623,35.1924],[126.3542,35.1901],[126.3439,35.1901],[126.342,35.1895],[126.3396,35.1867],[126.3417,35.185],[126.3491,35.1835],[126.3523,35.1815],[126.3544,35.1788],[126.359,35.1692],[126.3625,35.1671],[126.3661,35.1676],[126.3686,35.165],[126.3777,35.1714],[126.3852,35.1744],[126.3877,35.177],[126.3877,35.1781],[126.3907,35.1794],[126.3958,35.1794],[126.397,35.1767],[126.3998,35.1761],[126.4079,35.182],[126.4084,35.1831],[126.4078,35.1861],[126.4128,35.1867],[126.4152,35.1852],[126.4203,35.1852],[126.4247,35.1821],[126.4272,35.179],[126.4307,35.1776],[126.4353,35.1729],[126.4422,35.1789],[126.4476,35.1823],[126.4502,35.1858],[126.4515,35.1863],[126.4564,35.1853],[126.4598,35.1879],[126.4615,35.1884],[126.4636,35.1864],[126.4652,35.1861],[126.4701,35.1882],[126.4718,35.19],[126.4729,35.1927],[126.4771,35.1939],[126.4793,35.1919],[126.482,35.1909],[126.4841,35.1924],[126.4877,35.1921],[126.4889,35.1908],[126.4893,35.1876],[126.4926,35.1878],[126.4938,35.1852],[126.4982,35.1838],[126.5028,35.1838],[126.5045,35.1849],[126.5086,35.184],[126.5144,35.1875],[126.519,35.1857],[126.5282,35.1859],[126.53,35.183],[126.5335,35.1823],[126.5362,35.1833],[126.537,35.1847],[126.5411,35.1859],[126.5437,35.1882],[126.547,35.1877],[126.5476,35.186],[126.5492,35.1853],[126.5609,35.188],[126.565,35.1907],[126.5648,35.1933],[126.5623,35.1967],[126.5652,35.1987],[126.5681,35.1989],[126.5776,35.1976],[126.5786,35.1965],[126.581,35.196],[126.5833,35.1993],[126.5873,35.2095],[126.5906,35.2134],[126.5911,35.2167],[126.5898,35.2178],[126.5896,35.2203],[126.5903,35.2223],[126.5931,35.2244],[126.5913,35.2254],[126.5895,35.2292],[126.5919,35.2319],[126.5916,35.2325],[126.5899,35.2349],[126.5833,35.2394],[126.5843,35.2435],[126.5868,35.2446],[126.5875,35.2464],[126.5864,35.2508],[126.584,35.2538],[126.5847,35.2582],[126.5894,35.261],[126.5926,35.2614],[126.5959,35.2643],[126.5963,35.2669],[126.5978,35.268],[126.6098,35.2713],[126.6116,35.2751],[126.6158,35.2788],[126.6154,35.2806],[126.6142,35.2817],[126.6147,35.2882],[126.6182,35.2935],[126.6154,35.2965],[126.6116,35.2974],[126.6109,35.3002],[126.6188,35.3047],[126.6294,35.3025],[126.6317,35.3025],[126.6339,35.3037],[126.6401,35.309],[126.6401,35.3128],[126.6447,35.3199],[126.6421,35.3209],[126.6312,35.3203],[126.6251,35.3213],[126.6189,35.3253],[126.6156,35.3285],[126.6133,35.3288],[126.6083,35.3317],[126.6043,35.3356],[126.6018,35.3343],[126.6013,35.3327],[126.599,35.3304],[126.5954,35.3292],[126.5933,35.3293],[126.5921,35.3305],[126.586,35.3306],[126.5835,35.3289],[126.5813,35.3229],[126.5834,35.318],[126.587,35.3166],[126.5896,35.312],[126.5884,35.3062],[126.585,35.3008],[126.5773,35.304],[126.5758,35.3067],[126.5726,35.3101],[126.5683,35.3112],[126.5636,35.3097],[126.5609,35.3114],[126.5509,35.3136],[126.5478,35.3131],[126.5431,35.3097],[126.5382,35.3095],[126.5312,35.3075],[126.5276,35.3118],[126.5233,35.3154],[126.5231,35.3205],[126.5208,35.325],[126.519,35.3259],[126.5174,35.3255],[126.514,35.3271],[126.5135,35.3294],[126.5151,35.3294],[126.5157,35.3317]]],[[[126.0259,35.3596],[126.0241,35.3608],[126.0236,35.3633],[126.0206,35.3644],[126.0218,35.359],[126.0216,35.357],[126.0207,35.3564],[126.0072,35.3591],[126.006,35.3586],[126.0061,35.3559],[126.0014,35.3548],[125.9958,35.3569],[125.997,35.3543],[126.0004,35.3522],[126.0031,35.3521],[126.0075,35.3558],[126.0128,35.3522],[126.0181,35.3522],[126.0191,35.3511],[126.0188,35.3486],[126.0233,35.3471],[126.0224,35.3446],[126.0112,35.3446],[126.0093,35.3453],[126.0084,35.3475],[126.0089,35.3437],[126.0123,35.3397],[126.0169,35.3416],[126.0196,35.3395],[126.0199,35.3369],[126.0148,35.3349],[126.0134,35.3326],[126.014,35.3317],[126.0193,35.3327],[126.0204,35.3343],[126.0264,35.3364],[126.0313,35.3349],[126.0393,35.3431],[126.0414,35.3463],[126.0412,35.3471],[126.0385,35.3472],[126.0366,35.3484],[126.0372,35.3515],[126.029,35.3549],[126.0282,35.3566],[126.0295,35.3588],[126.0259,35.3596]]],[[[126.1525,35.2902],[126.1514,35.2919],[126.146,35.2947],[126.1428,35.2997],[126.1415,35.3003],[126.1399,35.2996],[126.14,35.2938],[126.1359,35.2898],[126.1319,35.2896],[126.1309,35.2854],[126.1324,35.2817],[126.1429,35.2767],[126.1425,35.2753],[126.1396,35.2745],[126.1378,35.2707],[126.1484,35.2711],[126.1528,35.2747],[126.1544,35.2786],[126.1522,35.2841],[126.1518,35.2878],[126.1525,35.2902]]],[[[126.1507,35.2062],[126.1565,35.2082],[126.157,35.2092],[126.1562,35.2118],[126.151,35.2112],[126.1477,35.208],[126.1473,35.206],[126.1422,35.2063],[126.1365,35.2049],[126.1327,35.2029],[126.1331,35.2017],[126.1296,35.2004],[126.1287,35.2033],[126.1244,35.2023],[126.122,35.1991],[126.124,35.1956],[126.1216,35.1934],[126.1219,35.1895],[126.124,35.1911],[126.1276,35.1918],[126.13,35.1906],[126.1309,35.1917],[126.1275,35.1962],[126.1295,35.2],[126.1399,35.2022],[126.1438,35.2008],[126.1467,35.2015],[126.1507,35.2062]]],[[[126.1004,35.2562],[126.0996,35.2521],[126.0923,35.2502],[126.0914,35.249],[126.0894,35.246],[126.0915,35.2433],[126.0967,35.2428],[126.1032,35.249],[126.1032,35.2536],[126.104,35.2547],[126.1004,35.2562]]],[[[126.0009,35.3315],[125.9986,35.3333],[125.9965,35.3232],[125.9931,35.3211],[125.9921,35.3187],[125.9958,35.3199],[125.9992,35.3271],[126.0024,35.3297],[126.0056,35.3284],[126.01,35.3278],[126.0105,35.3284],[126.0104,35.3305],[126.0077,35.3327],[126.0035,35.3327],[126.0009,35.3315]]],[[[126.0569,35.3751],[126.0536,35.3757],[126.0519,35.3742],[126.0492,35.374],[126.0447,35.3748],[126.0421,35.3736],[126.0409,35.3707],[126.0441,35.3678],[126.0467,35.3679],[126.0468,35.37],[126.048,35.3709],[126.054,35.3731],[126.0577,35.3725],[126.0569,35.3751]]],[[[126.2089,35.1829],[126.214,35.1838],[126.2143,35.1864],[126.2132,35.1872],[126.2084,35.1878],[126.2052,35.1851],[126.205,35.1838],[126.2059,35.183],[126.2089,35.1829]]],[[[125.9916,35.3372],[125.9894,35.3392],[125.985,35.3367],[125.9861,35.3355],[125.9973,35.3351],[125.9974,35.3377],[125.9965,35.3381],[125.9923,35.3379],[125.9924,35.3373],[125.9916,35.3372]]],[[[126.1147,35.2555],[126.1209,35.2596],[126.1198,35.2605],[126.114,35.2589],[126.112,35.2576],[126.1134,35.2558],[126.1147,35.2555]]],[[[126.0606,35.3657],[126.06,35.3683],[126.0587,35.3696],[126.0558,35.3692],[126.0543,35.3678],[126.0597,35.3649],[126.0606,35.3657]]],[[[126.3973,35.3721],[126.3985,35.3736],[126.3986,35.3762],[126.3932,35.3742],[126.3934,35.3722],[126.3973,35.3721]]],[[[126.2234,35.191],[126.2233,35.1947],[126.2225,35.1956],[126.2208,35.195],[126.2192,35.1927],[126.2192,35.1915],[126.2234,35.191]]],[[[126.0835,35.2564],[126.0895,35.2579],[126.0901,35.2596],[126.0836,35.2584],[126.0822,35.2574],[126.0835,35.2564]]],[[[126.2497,35.2019],[126.2496,35.2033],[126.2484,35.2037],[126.2457,35.2032],[126.2437,35.2018],[126.2442,35.2009],[126.247,35.2008],[126.2497,35.2019]]],[[[126.2039,35.2929],[126.2026,35.2957],[126.1988,35.2953],[126.2006,35.2936],[126.2034,35.2924],[126.2039,35.2929]]],[[[126.212,35.2817],[126.2126,35.2836],[126.2095,35.2859],[126.209,35.2852],[126.212,35.2817]]],[[[126.2244,35.3081],[126.2271,35.3097],[126.2216,35.3088],[126.2244,35.3081]]],[[[126.1307,35.3702],[126.1333,35.3718],[126.133,35.3729],[126.1294,35.371],[126.1307,35.3702]]],[[[126.3571,35.1692],[126.3572,35.17],[126.3537,35.1711],[126.3544,35.1701],[126.3571,35.1692]]],[[[126.408,35.4164],[126.4072,35.4167],[126.4077,35.415],[126.4092,35.4149],[126.4096,35.4162],[126.408,35.4164]]]]}},{"type":"Feature","properties":{"sigun":"장성군"},"geometry":{"type":"Polygon","coordinates":[[[126.8547,35.2942],[126.8622,35.2997],[126.8632,35.3016],[126.8631,35.3077],[126.8623,35.3098],[126.8624,35.3194],[126.8614,35.3212],[126.8641,35.3227],[126.871,35.3231],[126.8774,35.3227],[126.8801,35.3211],[126.8877,35.3259],[126.8855,35.3305],[126.8841,35.3311],[126.8793,35.3384],[126.8792,35.34],[126.8762,35.3415],[126.8759,35.3425],[126.8766,35.3451],[126.8828,35.3529],[126.8843,35.3616],[126.887,35.365],[126.8915,35.3646],[126.8957,35.3661],[126.8953,35.3676],[126.8979,35.3719],[126.9006,35.3728],[126.9041,35.3776],[126.9073,35.38],[126.9122,35.3817],[126.917,35.386],[126.9196,35.3837],[126.9211,35.3813],[126.9244,35.3792],[126.9253,35.3863],[126.9241,35.3926],[126.9255,35.3948],[126.9257,35.3969],[126.9247,35.3993],[126.9196,35.402],[126.9173,35.4023],[126.917,35.4052],[126.9207,35.4109],[126.9159,35.4159],[126.912,35.4153],[126.9086,35.4166],[126.9089,35.4188],[126.9077,35.42],[126.9033,35.4207],[126.902,35.4227],[126.9037,35.43],[126.8979,35.4327],[126.8975,35.4356],[126.9008,35.4373],[126.9047,35.4409],[126.9,35.4423],[126.8988,35.445],[126.8948,35.4485],[126.8901,35.4501],[126.884,35.451],[126.8805,35.4555],[126.8763,35.4562],[126.8687,35.4614],[126.8616,35.4617],[126.8588,35.4623],[126.8573,35.4642],[126.8506,35.466],[126.8423,35.4639],[126.8416,35.4627],[126.8396,35.4621],[126.8381,35.4646],[126.8406,35.4664],[126.8413,35.4722],[126.8431,35.476],[126.8423,35.4801],[126.8403,35.4829],[126.8312,35.4801],[126.8261,35.4863],[126.8218,35.4851],[126.8186,35.4858],[126.8154,35.4844],[126.8139,35.4827],[126.8129,35.4766],[126.815,35.4736],[126.8136,35.4688],[126.8041,35.4676],[126.802,35.4682],[126.7929,35.4672],[126.7879,35.4676],[126.7822,35.4703],[126.7756,35.4683],[126.7725,35.4684],[126.7698,35.4664],[126.764,35.466],[126.7617,35.4649],[126.7568,35.4608],[126.7543,35.4553],[126.7495,35.4511],[126.7478,35.4503],[126.7409,35.4523],[126.7381,35.449],[126.7444,35.4407],[126.7484,35.44],[126.7517,35.4361],[126.7512,35.4331],[126.7518,35.4232],[126.754,35.4201],[126.7543,35.4179],[126.754,35.4162],[126.75,35.4161],[126.7484,35.4152],[126.7444,35.4093],[126.7374,35.4057],[126.7361,35.4032],[126.7278,35.4007],[126.725,35.4009],[126.7221,35.4],[126.722,35.3984],[126.7296,35.3946],[126.7321,35.3841],[126.7307,35.3802],[126.7311,35.3765],[126.7227,35.3672],[126.7194,35.3649],[126.7103,35.364],[126.7091,35.3652],[126.7046,35.3651],[126.701,35.3532],[126.6992,35.3496],[126.6959,35.3498],[126.6915,35.3516],[126.6855,35.3446],[126.682,35.3472],[126.6748,35.3486],[126.6727,35.3501],[126.6667,35.3515],[126.6632,35.346],[126.6602,35.3442],[126.6594,35.3344],[126.6565,35.3332],[126.6526,35.3277],[126.6489,35.3273],[126.6466,35.3287],[126.6442,35.3273],[126.6471,35.324],[126.6401,35.3128],[126.64,35.3089],[126.6317,35.3025],[126.6219,35.3036],[126.6208,35.3047],[126.6188,35.3047],[126.611,35.3003],[126.6116,35.2974],[126.6154,35.2965],[126.6182,35.2935],[126.6147,35.2882],[126.6142,35.2817],[126.6154,35.2806],[126.6158,35.2788],[126.6116,35.2751],[126.6098,35.2713],[126.5978,35.268],[126.5963,35.2669],[126.5959,35.2643],[126.5926,35.2614],[126.5894,35.261],[126.585,35.2586],[126.584,35.2538],[126.5864,35.2508],[126.5875,35.2464],[126.5868,35.2446],[126.5843,35.2435],[126.5833,35.2394],[126.5899,35.2349],[126.5919,35.2319],[126.5968,35.2348],[126.6013,35.2357],[126.6116,35.2297],[126.6132,35.2295],[126.6184,35.2213],[126.626,35.2194],[126.629,35.215],[126.6338,35.2109],[126.6392,35.2076],[126.6426,35.2073],[126.6471,35.2004],[126.6517,35.1965],[126.651,35.1932],[126.6531,35.1924],[126.6562,35.1941],[126.6584,35.1928],[126.6597,35.1926],[126.6618,35.1938],[126.6636,35.1925],[126.6668,35.1933],[126.6682,35.1927],[126.6697,35.1945],[126.6721,35.1942],[126.6745,35.1914],[126.6766,35.1908],[126.6779,35.1918],[126.6779,35.1937],[126.6765,35.196],[126.6781,35.1985],[126.6774,35.2014],[126.6785,35.2036],[126.68,35.204],[126.681,35.2062],[126.6806,35.2076],[126.6838,35.21],[126.6873,35.2154],[126.6906,35.2153],[126.6918,35.2132],[126.6952,35.2106],[126.7026,35.2078],[126.7107,35.2124],[126.7178,35.2119],[126.7187,35.2132],[126.7182,35.2147],[126.7188,35.2157],[126.7203,35.216],[126.7209,35.2188],[126.7186,35.2219],[126.7198,35.2269],[126.7224,35.2281],[126.7256,35.2348],[126.7294,35.2377],[126.7304,35.244],[126.7372,35.2521],[126.7416,35.2509],[126.744,35.2516],[126.7483,35.2532],[126.7493,35.256],[126.7527,35.2569],[126.755,35.2565],[126.7578,35.2584],[126.7602,35.2586],[126.7633,35.2566],[126.7637,35.2536],[126.7617,35.2514],[126.761,35.2479],[126.7548,35.2422],[126.7552,35.2412],[126.754,35.2365],[126.7555,35.2344],[126.7667,35.2325],[126.7704,35.2328],[126.7718,35.2309],[126.7755,35.2307],[126.777,35.2282],[126.7814,35.2248],[126.7877,35.2232],[126.7886,35.2242],[126.7899,35.2239],[126.7953,35.2199],[126.8011,35.2197],[126.8021,35.221],[126.8044,35.2214],[126.8054,35.2183],[126.806,35.2193],[126.8104,35.2212],[126.8118,35.2227],[126.8132,35.2227],[126.8157,35.2247],[126.8178,35.2238],[126.8199,35.2262],[126.8239,35.2256],[126.8251,35.2276],[126.8243,35.2307],[126.8253,35.2318],[126.83,35.2305],[126.8334,35.2284],[126.8352,35.2287],[126.8354,35.23],[126.8387,35.2299],[126.8403,35.2313],[126.8398,35.2328],[126.841,35.2343],[126.8449,35.2347],[126.8443,35.2367],[126.8466,35.2374],[126.8484,35.2357],[126.8504,35.2373],[126.8588,35.2397],[126.8611,35.2416],[126.8615,35.2441],[126.8624,35.2452],[126.8664,35.2463],[126.87,35.2463],[126.8735,35.2494],[126.8796,35.2515],[126.8816,35.2531],[126.8824,35.2557],[126.8779,35.2571],[126.8692,35.2707],[126.8664,35.2719],[126.8638,35.2781],[126.8643,35.28],[126.8599,35.2898],[126.8547,35.2942]]]}},{"type":"Feature","properties":{"sigun":"완도군"},"geometry":{"type":"MultiPolygon","coordinates":[[[[126.6652,34.3238],[126.6688,34.3237],[126.6697,34.3226],[126.67,34.3217],[126.6688,34.3213],[126.6686,34.3193],[126.6692,34.3171],[126.671,34.3152],[126.6773,34.3146],[126.6817,34.3075],[126.6798,34.3054],[126.6792,34.3061],[126.6782,34.3055],[126.6787,34.3046],[126.6803,34.3034],[126.6854,34.3021],[126.6881,34.297],[126.6938,34.2935],[126.6955,34.293],[126.6959,34.2938],[126.7033,34.2972],[126.7099,34.2977],[126.7135,34.2966],[126.7175,34.2968],[126.7315,34.2871],[126.7379,34.2865],[126.7385,34.2873],[126.7358,34.2917],[126.7359,34.2949],[126.7345,34.2994],[126.732,34.3017],[126.7332,34.3042],[126.7345,34.3047],[126.736,34.3037],[126.7349,34.3026],[126.7359,34.3013],[126.743,34.2983],[126.7437,34.2972],[126.7424,34.2964],[126.7424,34.2951],[126.7479,34.2913],[126.7587,34.291],[126.7601,34.2923],[126.7684,34.2901],[126.7686,34.2874],[126.7779,34.2876],[126.773,34.2915],[126.772,34.2947],[126.7634,34.2979],[126.7616,34.3009],[126.7626,34.3037],[126.7655,34.3037],[126.7676,34.3046],[126.768,34.3072],[126.7722,34.3123],[126.766,34.3181],[126.7639,34.3181],[126.7576,34.3151],[126.7551,34.3153],[126.7512,34.3183],[126.7485,34.3215],[126.7487,34.3237],[126.7507,34.326],[126.7504,34.3267],[126.744,34.3332],[126.7435,34.3365],[126.7408,34.3362],[126.7358,34.3429],[126.7387,34.3476],[126.7373,34.3492],[126.7315,34.3519],[126.731,34.3559],[126.732,34.3596],[126.7291,34.3622],[126.7308,34.3652],[126.7329,34.3661],[126.7334,34.3677],[126.7312,34.3768],[126.7269,34.3832],[126.7197,34.3844],[126.7202,34.3863],[126.7214,34.3862],[126.7198,34.3874],[126.7148,34.3873],[126.7126,34.3891],[126.7096,34.3944],[126.7083,34.394],[126.7038,34.396],[126.7025,34.3984],[126.6929,34.3973],[126.6882,34.4001],[126.6861,34.4032],[126.6821,34.4017],[126.681,34.4005],[126.6765,34.3996],[126.6706,34.4016],[126.6722,34.3972],[126.6712,34.3963],[126.6669,34.3957],[126.6664,34.3983],[126.6652,34.3992],[126.6634,34.3964],[126.6595,34.3944],[126.6542,34.3933],[126.6447,34.3949],[126.6431,34.3965],[126.6333,34.4008],[126.6252,34.4017],[126.6239,34.4004],[126.6275,34.3948],[126.6319,34.3936],[126.6351,34.3946],[126.6391,34.3937],[126.64,34.3913],[126.6373,34.3899],[126.6363,34.3882],[126.6367,34.3875],[126.6398,34.3889],[126.6427,34.3921],[126.643,34.3942],[126.6479,34.3929],[126.6459,34.3877],[126.6422,34.3861],[126.6387,34.3821],[126.6392,34.3796],[126.6409,34.3774],[126.6421,34.3724],[126.6456,34.3674],[126.6418,34.3652],[126.6414,34.3639],[126.6412,34.362],[126.645,34.3517],[126.6442,34.347],[126.6452,34.3463],[126.6436,34.3427],[126.641,34.3418],[126.641,34.3411],[126.6429,34.3399],[126.6443,34.3401],[126.6468,34.3391],[126.649,34.3334],[126.6478,34.331],[126.6442,34.3293],[126.6428,34.3275],[126.6483,34.3281],[126.6507,34.3272],[126.6522,34.3287],[126.651,34.3304],[126.6533,34.3312],[126.6551,34.3288],[126.6652,34.3238]]],[[[126.8334,34.4332],[126.8338,34.439],[126.8349,34.4415],[126.8347,34.4441],[126.8259,34.4403],[126.8196,34.4393],[126.8152,34.436],[126.8123,34.4349],[126.8012,34.4317],[126.7946,34.4333],[126.7884,34.4333],[126.7817,34.4262],[126.7786,34.424],[126.777,34.4239],[126.7748,34.4218],[126.7718,34.4142],[126.7656,34.4111],[126.7638,34.4083],[126.7641,34.4051],[126.7686,34.4007],[126.768,34.3991],[126.7647,34.3961],[126.7584,34.3943],[126.7554,34.3899],[126.7553,34.3865],[126.751,34.3846],[126.7492,34.3801],[126.7501,34.379],[126.7537,34.3803],[126.7566,34.3832],[126.7577,34.3833],[126.768,34.3814],[126.7692,34.3825],[126.7748,34.3815],[126.7777,34.3822],[126.7793,34.3818],[126.7789,34.3799],[126.7756,34.3758],[126.7721,34.3752],[126.7698,34.3689],[126.7663,34.3637],[126.7654,34.3599],[126.7661,34.3588],[126.7688,34.3569],[126.7715,34.3573],[126.7752,34.3539],[126.7801,34.3523],[126.781,34.3532],[126.7789,34.3541],[126.7765,34.3573],[126.7772,34.3588],[126.7786,34.3585],[126.7819,34.3623],[126.7817,34.3653],[126.7805,34.3662],[126.781,34.3696],[126.7826,34.3688],[126.7848,34.3702],[126.7912,34.3804],[126.7928,34.3818],[126.8033,34.3853],[126.8059,34.3851],[126.8068,34.3838],[126.809,34.3829],[126.8186,34.3819],[126.8213,34.3857],[126.8234,34.3868],[126.8248,34.3861],[126.8248,34.3835],[126.8302,34.3776],[126.831,34.3776],[126.8329,34.3806],[126.8331,34.3817],[126.8317,34.3818],[126.8328,34.3835],[126.8339,34.3843],[126.8373,34.3843],[126.8473,34.3901],[126.8502,34.3883],[126.8535,34.392],[126.8552,34.3926],[126.8607,34.3913],[126.8632,34.3897],[126.8655,34.3894],[126.8677,34.3904],[126.8663,34.3909],[126.8652,34.3927],[126.8654,34.3951],[126.8647,34.3966],[126.859,34.3965],[126.8595,34.3981],[126.8615,34.3995],[126.8611,34.402],[126.8584,34.4042],[126.8575,34.4072],[126.8545,34.4077],[126.849,34.4068],[126.848,34.4083],[126.8512,34.4127],[126.8529,34.4127],[126.8519,34.4166],[126.8503,34.4186],[126.8463,34.4177],[126.8457,34.414],[126.8405,34.4109],[126.835,34.4152],[126.829,34.4169],[126.8255,34.4191],[126.8249,34.4209],[126.8279,34.4224],[126.8351,34.4198],[126.8414,34.4196],[126.8439,34.4205],[126.8435,34.4253],[126.846,34.4285],[126.8456,34.4305],[126.8402,34.4342],[126.8382,34.4342],[126.8376,34.4322],[126.836,34.4315],[126.8345,34.4316],[126.8334,34.4332]]],[[[126.5493,34.1795],[126.5466,34.1797],[126.5401,34.1825],[126.5382,34.1818],[126.5375,34.1799],[126.5364,34.1794],[126.5316,34.18],[126.5309,34.1795],[126.5313,34.1783],[126.5325,34.1771],[126.5319,34.1758],[126.5257,34.1749],[126.5239,34.174],[126.5225,34.1715],[126.5158,34.1705],[126.516,34.1664],[126.5112,34.1646],[126.5111,34.1636],[126.5084,34.1621],[126.5043,34.1606],[126.5038,34.1591],[126.5047,34.1576],[126.5087,34.1553],[126.5091,34.1511],[126.5069,34.1507],[126.5032,34.1483],[126.5035,34.1461],[126.5065,34.1469],[126.5085,34.1459],[126.5087,34.1441],[126.5079,34.1422],[126.5038,34.1401],[126.5038,34.1387],[126.5114,34.1305],[126.5102,34.1272],[126.5103,34.125],[126.5125,34.1212],[126.5164,34.1221],[126.5187,34.1245],[126.5247,34.1209],[126.5296,34.1214],[126.5378,34.1256],[126.5419,34.1249],[126.5478,34.1266],[126.5493,34.1295],[126.5551,34.1309],[126.5589,34.1343],[126.5643,34.1349],[126.5646,34.1417],[126.5662,34.1434],[126.5774,34.1444],[126.5767,34.1464],[126.5747,34.1473],[126.5741,34.1489],[126.5807,34.1513],[126.5811,34.1534],[126.5799,34.1547],[126.5796,34.1569],[126.5818,34.158],[126.5874,34.1571],[126.5888,34.1576],[126.59,34.161],[126.5911,34.1617],[126.592,34.1619],[126.5931,34.1589],[126.5957,34.1585],[126.5968,34.1573],[126.5968,34.1538],[126.6017,34.1495],[126.6024,34.1484],[126.6022,34.1463],[126.6031,34.1457],[126.6047,34.1457],[126.6058,34.148],[126.6035,34.1508],[126.6043,34.1527],[126.6032,34.1589],[126.6057,34.159],[126.608,34.1577],[126.6111,34.1528],[126.6132,34.153],[126.6146,34.1496],[126.6156,34.1485],[126.617,34.1483],[126.6205,34.1543],[126.6243,34.1562],[126.6247,34.1571],[126.624,34.158],[126.6226,34.1582],[126.6217,34.1599],[126.6214,34.1646],[126.6207,34.165],[126.6162,34.1646],[126.6116,34.1621],[126.6096,34.1622],[126.6081,34.1636],[126.6083,34.165],[126.604,34.1678],[126.6007,34.1674],[126.5977,34.169],[126.592,34.1684],[126.5844,34.1703],[126.5764,34.1688],[126.5745,34.1667],[126.5741,34.1625],[126.572,34.1636],[126.5713,34.1654],[126.5725,34.1665],[126.5704,34.1704],[126.5629,34.1703],[126.5606,34.1699],[126.5575,34.1681],[126.5557,34.1682],[126.5553,34.17],[126.5563,34.1718],[126.5553,34.1747],[126.5493,34.1795]]],[[[126.8395,34.3531],[126.8386,34.3539],[126.8383,34.3561],[126.835,34.3586],[126.8322,34.3582],[126.8278,34.3558],[126.8251,34.3541],[126.8233,34.3517],[126.8202,34.3507],[126.8185,34.3484],[126.8172,34.3424],[126.8197,34.3395],[126.8191,34.3382],[126.8049,34.3336],[126.8026,34.3336],[126.8006,34.3379],[126.7984,34.3389],[126.7948,34.3425],[126.7945,34.3441],[126.786,34.3476],[126.7849,34.3446],[126.7815,34.3433],[126.7838,34.3417],[126.776,34.3351],[126.7727,34.3353],[126.7677,34.338],[126.7605,34.3391],[126.7515,34.336],[126.7511,34.3337],[126.7567,34.3308],[126.7585,34.3322],[126.762,34.333],[126.7657,34.3313],[126.7683,34.328],[126.7735,34.3268],[126.7762,34.3264],[126.7799,34.3275],[126.7835,34.3233],[126.7889,34.3208],[126.7913,34.3154],[126.7951,34.3151],[126.7965,34.3183],[126.7988,34.3183],[126.7998,34.3201],[126.7995,34.3225],[126.8035,34.3227],[126.8054,34.3251],[126.8087,34.3261],[126.8254,34.3258],[126.8295,34.3244],[126.8317,34.3235],[126.8351,34.3142],[126.8385,34.3131],[126.8389,34.3114],[126.8364,34.3082],[126.836,34.3064],[126.8398,34.2997],[126.8416,34.2984],[126.8453,34.2983],[126.8504,34.3012],[126.8508,34.3047],[126.8565,34.3057],[126.8562,34.3091],[126.8577,34.3102],[126.8606,34.3103],[126.8651,34.3127],[126.867,34.3124],[126.8672,34.3154],[126.8635,34.3205],[126.8646,34.3214],[126.8673,34.3219],[126.8688,34.3214],[126.8715,34.3176],[126.8735,34.3127],[126.8709,34.3101],[126.872,34.3089],[126.8765,34.3088],[126.8809,34.3097],[126.8839,34.3093],[126.8826,34.3118],[126.8835,34.3145],[126.8864,34.3188],[126.8873,34.3224],[126.8865,34.324],[126.8845,34.3229],[126.8836,34.3232],[126.881,34.3268],[126.8813,34.3296],[126.8839,34.3318],[126.889,34.334],[126.8924,34.3299],[126.8944,34.33],[126.8975,34.3319],[126.8976,34.3389],[126.8996,34.3412],[126.8996,34.3423],[126.8979,34.3445],[126.8966,34.3452],[126.8904,34.3432],[126.8888,34.3407],[126.8852,34.3402],[126.8811,34.3372],[126.8791,34.3385],[126.8799,34.341],[126.8791,34.3431],[126.875,34.3446],[126.877,34.3454],[126.877,34.3468],[126.8724,34.3496],[126.8692,34.3507],[126.867,34.3504],[126.8622,34.3477],[126.8585,34.3443],[126.8573,34.3455],[126.8569,34.3484],[126.8577,34.3515],[126.8556,34.3514],[126.8529,34.3507],[126.8513,34.3492],[126.8505,34.3482],[126.8507,34.3468],[126.8486,34.3449],[126.8442,34.3481],[126.8434,34.3508],[126.8441,34.3529],[126.8395,34.3531]]],[[[126.896,34.2124],[126.8917,34.214],[126.8912,34.2151],[126.8923,34.2164],[126.8914,34.2173],[126.8895,34.2177],[126.8846,34.2169],[126.8835,34.216],[126.8846,34.2139],[126.8839,34.2129],[126.8797,34.2122],[126.8774,34.2132],[126.876,34.2131],[126.872,34.2101],[126.8721,34.2083],[126.8734,34.2079],[126.8734,34.207],[126.8703,34.2035],[126.863,34.201],[126.859,34.2007],[126.8572,34.1994],[126.8611,34.1983],[126.8614,34.1945],[126.8604,34.193],[126.8568,34.1911],[126.8574,34.1895],[126.8566,34.1874],[126.8543,34.187],[126.8528,34.1857],[126.8533,34.1825],[126.8574,34.18],[126.8573,34.1773],[126.854,34.1762],[126.8551,34.1781],[126.8503,34.1799],[126.8509,34.1819],[126.8486,34.1788],[126.8469,34.1742],[126.8506,34.1691],[126.8522,34.1694],[126.8556,34.173],[126.8578,34.1726],[126.8594,34.1708],[126.8591,34.1696],[126.8556,34.1666],[126.8544,34.166],[126.8526,34.1666],[126.8506,34.1657],[126.8482,34.163],[126.855,34.161],[126.8552,34.1602],[126.8534,34.1586],[126.8531,34.1571],[126.8563,34.1505],[126.858,34.1517],[126.8582,34.1541],[126.8606,34.1569],[126.8597,34.1618],[126.8654,34.1659],[126.8705,34.1657],[126.8718,34.1641],[126.8717,34.1614],[126.873,34.1599],[126.8784,34.1561],[126.8811,34.1553],[126.8812,34.1539],[126.8784,34.1517],[126.8811,34.1497],[126.8947,34.1544],[126.903,34.1541],[126.9062,34.1521],[126.9086,34.1518],[126.9096,34.1531],[126.914,34.1532],[126.9155,34.1542],[126.9181,34.1587],[126.9183,34.1648],[126.92,34.1695],[126.9224,34.1728],[126.9252,34.1746],[126.9245,34.1797],[126.9204,34.1861],[126.9221,34.1874],[126.9306,34.1885],[126.9285,34.1897],[126.9234,34.1906],[126.9229,34.1894],[126.9197,34.1877],[126.9146,34.1862],[126.912,34.1874],[126.9103,34.1907],[126.9125,34.1917],[126.9118,34.1947],[126.9038,34.2021],[126.9043,34.2033],[126.9092,34.2044],[126.9116,34.2058],[126.9119,34.2126],[126.9067,34.2144],[126.9035,34.2136],[126.9007,34.2118],[126.896,34.2124]]],[[[126.5682,34.2344],[126.5625,34.2355],[126.5564,34.2338],[126.5539,34.2341],[126.5526,34.2332],[126.5594,34.2277],[126.5613,34.2246],[126.5638,34.2246],[126.5646,34.2258],[126.5662,34.2234],[126.566,34.2198],[126.5653,34.2187],[126.5564,34.2186],[126.5568,34.2159],[126.5539,34.2126],[126.554,34.2118],[126.5577,34.2098],[126.5582,34.213],[126.5591,34.2138],[126.5619,34.2134],[126.5635,34.2126],[126.5635,34.2118],[126.5604,34.2117],[126.5579,34.2077],[126.553,34.2066],[126.5524,34.2046],[126.5541,34.1998],[126.5526,34.1984],[126.5531,34.196],[126.556,34.1958],[126.5554,34.1943],[126.5537,34.1938],[126.5469,34.1932],[126.5463,34.192],[126.5478,34.189],[126.5537,34.1886],[126.5569,34.1895],[126.5618,34.189],[126.563,34.1879],[126.5629,34.1861],[126.5603,34.1855],[126.5603,34.1789],[126.5632,34.1774],[126.5787,34.1738],[126.5817,34.1745],[126.5836,34.1742],[126.5869,34.1723],[126.6042,34.1736],[126.6117,34.1762],[126.6149,34.1783],[126.6166,34.1805],[126.617,34.1856],[126.6135,34.1892],[126.6115,34.1925],[126.6082,34.1945],[126.6051,34.195],[126.6034,34.1995],[126.6064,34.2],[126.61,34.1975],[126.6099,34.1961],[126.6154,34.1956],[126.6162,34.1982],[126.6217,34.199],[126.6241,34.2012],[126.6253,34.2046],[126.6239,34.2067],[126.6182,34.2088],[126.616,34.2126],[126.6154,34.2161],[126.6109,34.219],[126.6089,34.2192],[126.6085,34.2186],[126.6072,34.2214],[126.6086,34.2234],[126.6079,34.2242],[126.6028,34.2248],[126.5947,34.2273],[126.5924,34.2266],[126.5908,34.2248],[126.591,34.2236],[126.5891,34.2235],[126.5869,34.224],[126.5793,34.2287],[126.5773,34.2286],[126.5752,34.2263],[126.5736,34.2228],[126.5729,34.2228],[126.5709,34.2271],[126.5727,34.2284],[126.5722,34.2304],[126.5691,34.2291],[126.5666,34.2298],[126.5682,34.2344]]],[[[126.9437,34.413],[126.9426,34.4113],[126.9441,34.4088],[126.9412,34.4074],[126.9433,34.4053],[126.9431,34.4029],[126.9396,34.401],[126.9353,34.3947],[126.9359,34.3929],[126.9353,34.3917],[126.9308,34.3906],[126.9277,34.3928],[126.9211,34.3948],[126.9164,34.3914],[126.9122,34.3917],[126.9138,34.3943],[126.9123,34.3965],[126.9108,34.3967],[126.9062,34.4001],[126.9084,34.4026],[126.9041,34.4025],[126.9026,34.4004],[126.9028,34.398],[126.9004,34.3978],[126.8977,34.3989],[126.8992,34.402],[126.8987,34.4028],[126.8952,34.4035],[126.894,34.4011],[126.8954,34.398],[126.8966,34.397],[126.8938,34.3959],[126.892,34.3965],[126.8904,34.3986],[126.8907,34.4003],[126.8899,34.4019],[126.8853,34.4036],[126.8821,34.407],[126.8816,34.4068],[126.8819,34.4043],[126.8792,34.3997],[126.8754,34.3998],[126.8717,34.4015],[126.8707,34.403],[126.8711,34.4051],[126.8729,34.4047],[126.8735,34.4056],[126.8735,34.4072],[126.8724,34.4086],[126.869,34.4091],[126.8666,34.4113],[126.8647,34.4111],[126.862,34.4065],[126.867,34.4044],[126.8715,34.4005],[126.8722,34.394],[126.8712,34.3924],[126.8682,34.3906],[126.8652,34.3841],[126.8638,34.3746],[126.8678,34.3693],[126.8695,34.3683],[126.8886,34.3651],[126.8867,34.362],[126.8871,34.3604],[126.889,34.3585],[126.891,34.3591],[126.8914,34.3606],[126.8928,34.3607],[126.8999,34.359],[126.9017,34.3569],[126.906,34.3544],[126.908,34.3547],[126.9067,34.3562],[126.9068,34.3574],[126.9099,34.3595],[126.9115,34.3593],[126.9114,34.3576],[126.9124,34.3561],[126.9142,34.3554],[126.9176,34.3558],[126.9222,34.3586],[126.9249,34.362],[126.9245,34.3638],[126.9215,34.3658],[126.9221,34.3671],[126.9285,34.3681],[126.9298,34.3695],[126.9336,34.3705],[126.9372,34.3663],[126.9387,34.3655],[126.9451,34.3661],[126.9489,34.3673],[126.9502,34.3723],[126.9478,34.3776],[126.9423,34.3813],[126.9355,34.3834],[126.936,34.3845],[126.9396,34.3851],[126.9422,34.3867],[126.944,34.3919],[126.9435,34.3946],[126.9513,34.4031],[126.9503,34.4072],[126.9482,34.4104],[126.9455,34.4126],[126.9437,34.413]]],[[[127.0349,34.3761],[127.0335,34.38],[127.0297,34.381],[127.0292,34.3804],[127.0296,34.3757],[127.0279,34.3742],[127.0242,34.3748],[127.0201,34.378],[127.0111,34.3771],[127.0103,34.3745],[127.0105,34.3707],[127.007,34.3672],[127.008,34.3649],[127.0107,34.3648],[127.0107,34.363],[127.0065,34.3582],[127.0011,34.3584],[126.9891,34.3628],[126.9851,34.3601],[126.9899,34.3554],[126.9972,34.3541],[126.9982,34.3516],[126.9997,34.3509],[127.0041,34.3505],[127.0087,34.3488],[127.0117,34.3506],[127.0124,34.3525],[127.0152,34.3527],[127.0191,34.352],[127.0198,34.3495],[127.026,34.3479],[127.0276,34.3446],[127.0312,34.3438],[127.0319,34.3419],[127.0265,34.3396],[127.0219,34.3402],[127.0176,34.3391],[127.0183,34.3379],[127.0202,34.338],[127.0249,34.3364],[127.0292,34.3374],[127.0295,34.3389],[127.0304,34.3393],[127.0318,34.3385],[127.0317,34.3373],[127.0288,34.3345],[127.0288,34.3331],[127.0304,34.3321],[127.0329,34.3313],[127.0359,34.3326],[127.0366,34.3342],[127.0357,34.337],[127.0384,34.3395],[127.0429,34.3411],[127.0488,34.3407],[127.0518,34.3394],[127.0532,34.3342],[127.0497,34.3289],[127.0461,34.33],[127.0361,34.3259],[127.0349,34.3234],[127.0355,34.3203],[127.0373,34.3168],[127.0377,34.3101],[127.0402,34.308],[127.0437,34.308],[127.0448,34.313],[127.044,34.316],[127.0481,34.3193],[127.0504,34.3238],[127.0522,34.3239],[127.0534,34.322],[127.0566,34.3225],[127.0559,34.329],[127.0633,34.3327],[127.0692,34.3335],[127.0743,34.3306],[127.0757,34.3307],[127.0811,34.3323],[127.0832,34.3346],[127.0826,34.3364],[127.0769,34.3393],[127.0641,34.34],[127.0642,34.3412],[127.0657,34.3422],[127.0671,34.3457],[127.0681,34.3465],[127.0719,34.346],[127.0723,34.3436],[127.0774,34.3426],[127.0822,34.3431],[127.0867,34.3423],[127.0894,34.3364],[127.0943,34.3349],[127.0968,34.3349],[127.1029,34.3369],[127.1027,34.3385],[127.0998,34.3397],[127.0962,34.3432],[127.0927,34.3452],[127.0907,34.3481],[127.0941,34.3536],[127.0938,34.3571],[127.091,34.3585],[127.0824,34.3596],[127.0796,34.3622],[127.0757,34.3634],[127.0586,34.3627],[127.0544,34.3608],[127.0544,34.358],[127.053,34.3555],[127.0463,34.353],[127.0455,34.3576],[127.0477,34.3578],[127.0508,34.3594],[127.0508,34.3641],[127.0452,34.3701],[127.041,34.3701],[127.0388,34.3731],[127.0349,34.3761]]],[[[126.6612,34.1949],[126.6574,34.1968],[126.6551,34.1994],[126.6502,34.2005],[126.6465,34.199],[126.6451,34.1971],[126.6449,34.1937],[126.6463,34.1922],[126.6447,34.1903],[126.64,34.1877],[126.6359,34.1891],[126.6336,34.1892],[126.6326,34.1882],[126.6333,34.1865],[126.6356,34.1851],[126.6372,34.1828],[126.6338,34.1809],[126.6335,34.1797],[126.6389,34.1777],[126.6421,34.1737],[126.6462,34.175],[126.6475,34.1722],[126.6508,34.1717],[126.6515,34.1699],[126.6505,34.1673],[126.6475,34.1681],[126.6401,34.1619],[126.6388,34.1559],[126.6373,34.1546],[126.6307,34.1528],[126.6294,34.149],[126.6272,34.1474],[126.6273,34.1456],[126.6301,34.1448],[126.6323,34.1429],[126.6329,34.1407],[126.6289,34.1371],[126.6295,34.1356],[126.6341,34.1344],[126.6355,34.132],[126.6361,34.1302],[126.6343,34.1286],[126.6344,34.1269],[126.6376,34.1197],[126.6398,34.1222],[126.6401,34.1245],[126.645,34.1266],[126.6451,34.1291],[126.6478,34.1305],[126.6503,34.1293],[126.6507,34.1276],[126.6491,34.1235],[126.6501,34.1176],[126.6471,34.1161],[126.6475,34.1144],[126.6568,34.1142],[126.658,34.1134],[126.6592,34.1105],[126.663,34.1112],[126.6654,34.114],[126.665,34.1151],[126.668,34.1192],[126.6711,34.1197],[126.67,34.1242],[126.6675,34.1263],[126.6726,34.1292],[126.6738,34.1333],[126.6723,34.1406],[126.6701,34.1416],[126.6692,34.1434],[126.6712,34.145],[126.6754,34.1424],[126.6754,34.1393],[126.6808,34.1392],[126.6835,34.1469],[126.6833,34.1489],[126.6819,34.1505],[126.6792,34.1517],[126.6741,34.1503],[126.6722,34.149],[126.6702,34.1494],[126.6706,34.1522],[126.6697,34.1566],[126.6673,34.1586],[126.6692,34.1613],[126.6687,34.1628],[126.6634,34.1647],[126.6601,34.1634],[126.6588,34.1637],[126.6568,34.1663],[126.657,34.17],[126.6583,34.1725],[126.6596,34.1729],[126.6823,34.1757],[126.6853,34.182],[126.6838,34.182],[126.6819,34.1853],[126.6755,34.1888],[126.6709,34.1904],[126.6688,34.1947],[126.6667,34.1958],[126.6646,34.1947],[126.6612,34.1949]]],[[[127.0477,34.4571],[127.0492,34.4591],[127.0521,34.4592],[127.0513,34.4602],[127.0482,34.4606],[127.0421,34.4603],[127.0371,34.4574],[127.0327,34.456],[127.0225,34.4562],[127.022,34.4544],[127.0246,34.4509],[127.0323,34.4495],[127.0335,34.4485],[127.0328,34.4452],[127.0345,34.443],[127.0342,34.4394],[127.0361,34.4359],[127.0364,34.4237],[127.0397,34.4189],[127.047,34.4141],[127.0537,34.4128],[127.0588,34.4132],[127.0611,34.4065],[127.061,34.4018],[127.0596,34.4008],[127.0599,34.3996],[127.0614,34.3996],[127.0627,34.4018],[127.0667,34.4042],[127.0723,34.4143],[127.0732,34.4176],[127.0724,34.4186],[127.0688,34.4193],[127.0678,34.4204],[127.071,34.422],[127.0751,34.4214],[127.076,34.4238],[127.0758,34.4276],[127.0754,34.4293],[127.0734,34.4309],[127.0686,34.4462],[127.0659,34.4516],[127.0555,34.4588],[127.0538,34.4584],[127.0538,34.4558],[127.0512,34.4535],[127.0477,34.4571]]],[[[126.9888,34.3373],[126.9858,34.3406],[126.9831,34.3415],[126.9707,34.3395],[126.9683,34.3385],[126.967,34.3364],[126.9574,34.3294],[126.9562,34.3243],[126.9576,34.3213],[126.9563,34.3186],[126.9565,34.3151],[126.9569,34.3127],[126.9595,34.3078],[126.9622,34.3081],[126.9626,34.3104],[126.9636,34.3111],[126.9655,34.3107],[126.9675,34.3079],[126.9662,34.3036],[126.9716,34.301],[126.974,34.3009],[126.9763,34.3022],[126.978,34.3061],[126.9871,34.3069],[126.99,34.3048],[126.9926,34.3048],[126.9926,34.3071],[126.9905,34.3082],[126.9905,34.3094],[126.9935,34.3117],[126.9982,34.3136],[126.9999,34.3129],[127.0042,34.3145],[127.0058,34.3212],[127.0164,34.3233],[127.0167,34.3268],[127.015,34.3321],[127.0098,34.3318],[127.0082,34.3347],[127.0053,34.3376],[127.0016,34.3393],[126.999,34.3395],[126.9919,34.3374],[126.9888,34.3373]]],[[[126.7698,34.1904],[126.771,34.1979],[126.7693,34.2041],[126.7658,34.2096],[126.7635,34.2117],[126.7547,34.2078],[126.7515,34.2018],[126.753,34.1972],[126.7523,34.1924],[126.7496,34.1882],[126.7497,34.187],[126.7516,34.1864],[126.7583,34.1806],[126.7601,34.1771],[126.7615,34.177],[126.763,34.1827],[126.7626,34.1851],[126.7641,34.1888],[126.7666,34.1901],[126.7685,34.1888],[126.7698,34.1904]]],[[[126.9308,33.9872],[126.9259,33.989],[126.9238,33.989],[126.922,33.9868],[126.9211,33.9869],[126.9201,33.9884],[126.9177,33.9888],[126.9143,33.9873],[126.9109,33.9841],[126.9096,33.9823],[126.9098,33.9797],[126.9134,33.9758],[126.9138,33.9723],[126.9152,33.9701],[126.9172,33.9687],[126.9245,33.969],[126.9272,33.9707],[126.9309,33.9702],[126.9335,33.9689],[126.9352,33.9692],[126.9363,33.9716],[126.9355,33.9768],[126.937,33.9794],[126.9308,33.9872]]],[[[126.6269,34.2388],[126.6195,34.2488],[126.6175,34.2504],[126.6128,34.2511],[126.6042,34.2496],[126.5961,34.2447],[126.5938,34.2422],[126.5941,34.2405],[126.5926,34.2358],[126.593,34.2342],[126.5943,34.2334],[126.5997,34.2324],[126.6032,34.2332],[126.6068,34.237],[126.6089,34.2374],[126.6102,34.2369],[126.6096,34.2354],[126.6114,34.2333],[126.6132,34.233],[126.6144,34.2332],[126.6144,34.2342],[126.6185,34.2384],[126.6203,34.2387],[126.6246,34.2373],[126.6269,34.2388]]],[[[127.096,34.3874],[127.0944,34.3883],[127.0947,34.3923],[127.0909,34.3928],[127.0845,34.3913],[127.0795,34.3882],[127.0761,34.3871],[127.0729,34.387],[127.0718,34.3857],[127.0719,34.3843],[127.0728,34.3829],[127.0747,34.3825],[127.0748,34.3813],[127.0684,34.3744],[127.0684,34.3706],[127.0697,34.3704],[127.072,34.3716],[127.0715,34.3732],[127.0727,34.3745],[127.0757,34.373],[127.0776,34.3736],[127.0792,34.3765],[127.0812,34.3746],[127.0827,34.3743],[127.0859,34.3765],[127.0921,34.3768],[127.0922,34.3808],[127.0892,34.3809],[127.0889,34.3817],[127.0917,34.3844],[127.0937,34.384],[127.0958,34.3848],[127.0966,34.3855],[127.096,34.3874]]],[[[126.5107,34.1997],[126.509,34.203],[126.5069,34.2047],[126.5049,34.2051],[126.5026,34.2035],[126.5015,34.1991],[126.4949,34.1924],[126.4951,34.1881],[126.4937,34.1848],[126.4923,34.1836],[126.4868,34.1829],[126.4844,34.1805],[126.4847,34.1792],[126.4871,34.1783],[126.4892,34.179],[126.4905,34.1765],[126.4917,34.1769],[126.4981,34.1854],[126.5001,34.1869],[126.5035,34.1867],[126.5059,34.1847],[126.5099,34.1868],[126.5109,34.1878],[126.5104,34.1923],[126.5187,34.1991],[126.5155,34.2009],[126.5146,34.1998],[126.5107,34.1997]]],[[[126.5664,34.282],[126.5626,34.2841],[126.5607,34.2837],[126.558,34.2816],[126.5508,34.2808],[126.5445,34.2817],[126.5415,34.2829],[126.5389,34.2785],[126.5397,34.2755],[126.5408,34.2748],[126.5427,34.2757],[126.5687,34.2751],[126.5714,34.2763],[126.5723,34.281],[126.5714,34.2822],[126.5697,34.2831],[126.5664,34.282]]],[[[127.1393,34.3082],[127.1323,34.3145],[127.1255,34.3152],[127.1259,34.3131],[127.1282,34.3119],[127.1287,34.3103],[127.1266,34.3083],[127.1226,34.3081],[127.1212,34.3097],[127.1197,34.3098],[127.1186,34.3078],[127.1186,34.3055],[127.1254,34.2994],[127.1277,34.2994],[127.1316,34.3025],[127.1333,34.301],[127.1372,34.3015],[127.1393,34.304],[127.1417,34.3052],[127.1411,34.3074],[127.1393,34.3082]]],[[[127.085,34.4055],[127.0852,34.406],[127.0829,34.4082],[127.0827,34.4125],[127.0868,34.4168],[127.0852,34.4243],[127.0825,34.4273],[127.0772,34.4273],[127.0771,34.424],[127.0787,34.4221],[127.0788,34.4205],[127.0756,34.4162],[127.0747,34.4102],[127.0784,34.4089],[127.0816,34.4059],[127.085,34.4055]]],[[[127.0463,34.3949],[127.0463,34.3958],[127.0451,34.396],[127.0407,34.3947],[127.0367,34.395],[127.0325,34.3915],[127.0334,34.3878],[127.0371,34.386],[127.0403,34.3857],[127.0421,34.3869],[127.0478,34.3848],[127.051,34.3856],[127.0524,34.39],[127.052,34.3929],[127.046,34.394],[127.0463,34.3949]]],[[[126.605,34.101],[126.6019,34.1046],[126.5988,34.1052],[126.595,34.108],[126.5938,34.1093],[126.5959,34.1102],[126.5958,34.1116],[126.592,34.1143],[126.5862,34.1129],[126.5868,34.1119],[126.5912,34.1099],[126.5903,34.1053],[126.5888,34.1038],[126.5846,34.102],[126.5836,34.0996],[126.5846,34.0991],[126.5863,34.1004],[126.5888,34.1005],[126.5998,34.0982],[126.6018,34.0968],[126.6044,34.0975],[126.6054,34.0987],[126.605,34.101]]],[[[127.1654,34.2027],[127.1761,34.2035],[127.1801,34.2078],[127.1762,34.2097],[127.1648,34.2091],[127.1549,34.2077],[127.1513,34.206],[127.1537,34.2032],[127.1558,34.2027],[127.1654,34.2027]]],[[[127.017,34.2398],[127.0187,34.2414],[127.0204,34.2454],[127.02,34.2519],[127.0166,34.2568],[127.0141,34.2581],[127.0111,34.2583],[127.0089,34.2563],[127.0081,34.2527],[127.011,34.2502],[127.0132,34.2465],[127.0132,34.2443],[127.0121,34.2422],[127.0152,34.2393],[127.017,34.2398]]],[[[127.0154,34.2821],[127.0147,34.2832],[127.0115,34.2839],[127.0086,34.2802],[127.0113,34.2739],[127.0116,34.271],[127.011,34.2694],[127.012,34.2689],[127.0178,34.2688],[127.0212,34.2704],[127.023,34.2755],[127.0206,34.2767],[127.0186,34.2803],[127.0161,34.2806],[127.0154,34.2821]]],[[[126.7114,34.4182],[126.7019,34.4155],[126.7002,34.4133],[126.7022,34.4118],[126.7049,34.4112],[126.709,34.4131],[126.7152,34.4132],[126.7194,34.4085],[126.7223,34.4065],[126.727,34.4063],[126.7273,34.4093],[126.7254,34.4127],[126.7173,34.4164],[126.713,34.4165],[126.7114,34.4182]]],[[[126.4866,34.1906],[126.4823,34.1929],[126.4753,34.1903],[126.4725,34.1912],[126.4713,34.1907],[126.4723,34.1868],[126.4748,34.1865],[126.4762,34.1855],[126.4785,34.1773],[126.4803,34.1771],[126.4829,34.1809],[126.4844,34.1844],[126.4868,34.1872],[126.4866,34.1906]]],[[[126.5923,34.295],[126.5902,34.2955],[126.5899,34.2972],[126.5913,34.3015],[126.5952,34.3042],[126.5945,34.3052],[126.5807,34.2982],[126.5748,34.2897],[126.5756,34.2887],[126.5767,34.2888],[126.5863,34.2944],[126.5898,34.2928],[126.5887,34.2898],[126.5906,34.2893],[126.594,34.2913],[126.5941,34.2925],[126.5923,34.295]]],[[[127.0846,34.1876],[127.0855,34.1901],[127.0802,34.1949],[127.0708,34.1941],[127.0677,34.1923],[127.0678,34.1903],[127.0717,34.1871],[127.0758,34.186],[127.0846,34.1876]]],[[[127.0119,34.2259],[127.0083,34.2261],[127.0007,34.2233],[126.9978,34.219],[126.9982,34.2178],[127.0025,34.2174],[127.0116,34.2182],[127.0121,34.2192],[127.0112,34.2204],[127.0137,34.2225],[127.0187,34.2225],[127.0195,34.2233],[127.0188,34.2251],[127.0172,34.2255],[127.0135,34.225],[127.0119,34.2259]]],[[[127.0895,34.3199],[127.0919,34.3227],[127.092,34.3237],[127.0886,34.3275],[127.0895,34.3293],[127.089,34.3298],[127.0848,34.3308],[127.0774,34.3295],[127.0759,34.328],[127.0801,34.3241],[127.0808,34.3221],[127.0853,34.3199],[127.0895,34.3199]]],[[[127.1002,34.3018],[127.1037,34.3031],[127.1047,34.3056],[127.1038,34.309],[127.1045,34.3112],[127.1022,34.3143],[127.0997,34.3134],[127.094,34.3073],[127.094,34.3031],[127.0972,34.3018],[127.1002,34.3018]]],[[[126.7393,34.3991],[126.7355,34.4034],[126.7328,34.403],[126.7322,34.4014],[126.7351,34.397],[126.7367,34.3927],[126.7427,34.3899],[126.7439,34.3916],[126.7402,34.3972],[126.7429,34.3972],[126.7441,34.3965],[126.7455,34.3979],[126.7453,34.4],[126.7434,34.402],[126.7411,34.401],[126.7393,34.3991]]],[[[126.4773,34.2882],[126.4805,34.2896],[126.4801,34.291],[126.4702,34.2884],[126.4694,34.2836],[126.468,34.2819],[126.4676,34.2785],[126.4649,34.2764],[126.4666,34.2762],[126.4692,34.2776],[126.4726,34.2839],[126.4756,34.2839],[126.4765,34.282],[126.4777,34.2819],[126.4793,34.287],[126.4773,34.2882]]],[[[126.6126,34.2898],[126.6138,34.292],[126.6135,34.2932],[126.6104,34.2935],[126.6086,34.292],[126.6058,34.2868],[126.6059,34.2822],[126.6092,34.2814],[126.6102,34.282],[126.6117,34.289],[126.6126,34.2898]]],[[[126.8776,34.4144],[126.8772,34.4184],[126.8746,34.4272],[126.8736,34.4278],[126.8696,34.4237],[126.8689,34.4218],[126.8727,34.4197],[126.8771,34.4136],[126.8776,34.4144]]],[[[126.5472,34.1994],[126.5456,34.2031],[126.5425,34.2058],[126.5397,34.2044],[126.5378,34.2001],[126.5379,34.1992],[126.5408,34.1974],[126.5472,34.1994]]],[[[126.7763,34.2224],[126.778,34.2238],[126.7787,34.2266],[126.7782,34.2272],[126.7688,34.2297],[126.7699,34.2245],[126.7711,34.223],[126.7738,34.2217],[126.7763,34.2224]]],[[[126.5162,34.2079],[126.5158,34.2106],[126.5144,34.2122],[126.5171,34.2168],[126.5149,34.2187],[126.5118,34.2121],[126.508,34.2104],[126.5076,34.2094],[126.5092,34.208],[126.5162,34.2079]]],[[[126.4773,34.1719],[126.4757,34.1711],[126.4751,34.1661],[126.4774,34.1637],[126.4795,34.1639],[126.4808,34.1646],[126.4817,34.1696],[126.4802,34.1715],[126.4773,34.1719]]],[[[126.5677,34.1282],[126.5727,34.1294],[126.5701,34.1363],[126.5678,34.1363],[126.5662,34.1328],[126.5652,34.1292],[126.5663,34.1281],[126.5677,34.1282]]],[[[126.422,34.224],[126.4228,34.2243],[126.4227,34.2283],[126.4218,34.2323],[126.4198,34.2353],[126.4201,34.2375],[126.4191,34.2385],[126.4175,34.237],[126.418,34.2328],[126.4213,34.2283],[126.4191,34.227],[126.4174,34.2227],[126.422,34.224]]],[[[126.9005,34.2837],[126.9015,34.2877],[126.8958,34.2899],[126.8939,34.2865],[126.8944,34.2849],[126.8979,34.2818],[126.9005,34.2837]]],[[[127.0088,34.3697],[127.0097,34.3705],[127.01,34.3733],[127.0092,34.3764],[127.0062,34.3776],[127.004,34.3754],[127.0035,34.3729],[127.0047,34.3705],[127.0061,34.3696],[127.0088,34.3697]]],[[[126.8644,34.2965],[126.8661,34.2981],[126.8676,34.3014],[126.8611,34.3043],[126.8599,34.3039],[126.8596,34.3016],[126.8609,34.3009],[126.8633,34.2961],[126.8644,34.2965]]],[[[126.5643,34.1736],[126.562,34.1756],[126.5594,34.176],[126.5574,34.1744],[126.5575,34.1723],[126.5586,34.1713],[126.5668,34.1711],[126.5675,34.1724],[126.567,34.1734],[126.5643,34.1736]]],[[[126.6355,34.204],[126.6382,34.2044],[126.6391,34.2056],[126.6371,34.2086],[126.6343,34.2092],[126.6307,34.2072],[126.6327,34.2039],[126.6355,34.204]]],[[[126.4508,34.2596],[126.4562,34.2618],[126.4565,34.2631],[126.4538,34.2646],[126.4476,34.2633],[126.447,34.2616],[126.4508,34.2596]]],[[[127.1169,34.4069],[127.1184,34.4078],[127.1198,34.4116],[127.1188,34.4139],[127.1166,34.4153],[127.1152,34.4143],[127.1149,34.4069],[127.1169,34.4069]]],[[[126.5699,34.2445],[126.5699,34.2455],[126.5647,34.2467],[126.5637,34.2488],[126.5607,34.2483],[126.5651,34.2413],[126.5662,34.2413],[126.5699,34.2445]]],[[[126.8683,34.2817],[126.8682,34.2834],[126.8663,34.2853],[126.8653,34.2907],[126.864,34.2908],[126.8625,34.2875],[126.8634,34.2836],[126.8648,34.2821],[126.8683,34.2817]]],[[[127.0361,34.4048],[127.035,34.4086],[127.0338,34.409],[127.0309,34.4034],[127.0367,34.4011],[127.037,34.4033],[127.0361,34.4048]]],[[[126.9069,34.3252],[126.9086,34.3263],[126.9086,34.3275],[126.905,34.3319],[126.9028,34.3323],[126.902,34.3312],[126.9027,34.3282],[126.9069,34.3252]]],[[[127.0242,34.4466],[127.0256,34.4486],[127.0236,34.4513],[127.0206,34.4514],[127.0187,34.4502],[127.0203,34.4468],[127.0221,34.4461],[127.0242,34.4466]]],[[[126.86,34.4231],[126.8574,34.4248],[126.856,34.4248],[126.8555,34.4234],[126.8573,34.4189],[126.8586,34.4188],[126.8626,34.4205],[126.8623,34.4221],[126.86,34.4231]]],[[[126.6876,34.4224],[126.6861,34.4242],[126.6862,34.4233],[126.6841,34.4211],[126.6844,34.4198],[126.6936,34.4198],[126.6947,34.4206],[126.6922,34.4219],[126.6876,34.4224]]],[[[127.0652,34.3077],[127.0655,34.3127],[127.0648,34.3137],[127.0621,34.314],[127.0614,34.3131],[127.0617,34.3083],[127.0646,34.3069],[127.0652,34.3077]]],[[[127.0123,34.4361],[127.0078,34.4401],[127.0066,34.4398],[127.0061,34.4335],[127.0077,34.4332],[127.0077,34.4342],[127.01,34.4359],[127.0123,34.4361]]],[[[126.6208,34.1821],[126.6255,34.1852],[126.6223,34.1863],[126.6183,34.1862],[126.6176,34.185],[126.6184,34.1821],[126.6208,34.1821]]],[[[126.8481,34.2046],[126.8488,34.2061],[126.8465,34.2062],[126.845,34.2034],[126.8482,34.2027],[126.8593,34.2028],[126.8532,34.2045],[126.8481,34.2046]]],[[[127.0278,34.3805],[127.0292,34.3819],[127.0277,34.3848],[127.0238,34.3847],[127.0231,34.3819],[127.0236,34.381],[127.0278,34.3805]]],[[[126.8364,34.2975],[126.838,34.3006],[126.8362,34.3028],[126.8322,34.3003],[126.8323,34.2991],[126.8338,34.2977],[126.8364,34.2975]]],[[[126.4903,34.1959],[126.4949,34.1974],[126.4955,34.1995],[126.4891,34.199],[126.4871,34.198],[126.4873,34.1968],[126.4903,34.1959]]],[[[126.9528,34.4101],[126.955,34.4119],[126.9543,34.4161],[126.9499,34.4133],[126.9516,34.4105],[126.9528,34.4101]]],[[[126.4522,34.27],[126.4549,34.2725],[126.4518,34.2746],[126.4504,34.2746],[126.449,34.2716],[126.45,34.2704],[126.4522,34.27]]],[[[126.8574,34.4253],[126.8566,34.4279],[126.8536,34.4301],[126.8537,34.4314],[126.8529,34.4318],[126.8517,34.431],[126.8513,34.4296],[126.8543,34.4257],[126.8574,34.4253]]],[[[126.4051,34.2241],[126.4102,34.2285],[126.4066,34.2288],[126.4035,34.225],[126.404,34.2241],[126.4051,34.2241]]],[[[126.8488,34.1885],[126.8501,34.1891],[126.8497,34.1919],[126.8438,34.1916],[126.8454,34.1895],[126.8488,34.1885]]],[[[126.5656,34.3081],[126.5675,34.3089],[126.5684,34.3103],[126.568,34.3134],[126.5668,34.3134],[126.5642,34.3108],[126.5656,34.3081]]],[[[126.5699,34.297],[126.5709,34.298],[126.5731,34.3038],[126.5709,34.3027],[126.5683,34.2995],[126.5699,34.297]]],[[[126.7943,34.3508],[126.7963,34.3529],[126.7956,34.3539],[126.7922,34.3536],[126.7908,34.3522],[126.7912,34.3509],[126.7943,34.3508]]],[[[126.6201,34.1937],[126.6229,34.1951],[126.6226,34.1968],[126.6167,34.1953],[126.6201,34.1937]]],[[[126.7378,34.3578],[126.7389,34.3584],[126.7383,34.3611],[126.7359,34.3611],[126.7345,34.3584],[126.7378,34.3578]]],[[[126.4291,34.2697],[126.4301,34.2709],[126.4291,34.2716],[126.4222,34.2713],[126.4291,34.2697]]],[[[126.4279,34.2649],[126.4284,34.2673],[126.4264,34.2673],[126.4239,34.265],[126.4237,34.2638],[126.4279,34.2649]]],[[[126.6196,34.1785],[126.6227,34.1788],[126.6236,34.1806],[126.6227,34.1815],[126.6202,34.181],[126.6182,34.1788],[126.6196,34.1785]]],[[[127.0059,34.2906],[127.0041,34.2898],[127.0042,34.2866],[127.0052,34.2856],[127.0063,34.2866],[127.0071,34.2898],[127.0059,34.2906]]],[[[126.8625,34.4124],[126.8647,34.4144],[126.8637,34.4159],[126.8622,34.416],[126.8612,34.4148],[126.8612,34.4126],[126.8625,34.4124]]],[[[127.0049,34.2994],[127.0033,34.2982],[127.0042,34.2969],[127.0062,34.2964],[127.0077,34.2972],[127.0077,34.2981],[127.0049,34.2994]]],[[[126.5873,34.1528],[126.5878,34.1533],[126.5875,34.1561],[126.586,34.1567],[126.5851,34.1535],[126.5873,34.1528]]],[[[126.9977,34.3056],[127.001,34.3069],[127.0009,34.3082],[126.998,34.308],[126.9965,34.3063],[126.9977,34.3056]]],[[[127.0496,34.4033],[127.0522,34.4043],[127.0525,34.4059],[127.0513,34.4062],[127.0478,34.4036],[127.0496,34.4033]]],[[[127.0144,34.3195],[127.0141,34.3209],[127.0126,34.3218],[127.0109,34.3215],[127.0114,34.3196],[127.0144,34.3195]]],[[[126.6265,34.2113],[126.6254,34.2109],[126.6238,34.2078],[126.6267,34.2094],[126.6275,34.2109],[126.6265,34.2113]]],[[[126.5825,34.2379],[126.5833,34.2384],[126.5827,34.2416],[126.5814,34.2411],[126.5812,34.2401],[126.5813,34.2383],[126.5825,34.2379]]],[[[126.8905,34.3035],[126.8907,34.3046],[126.8854,34.3066],[126.8905,34.3035]]],[[[126.906,34.3364],[126.9071,34.3383],[126.9054,34.3391],[126.9045,34.3371],[126.906,34.3364]]],[[[126.6298,34.1959],[126.6302,34.1964],[126.6287,34.1983],[126.6258,34.1981],[126.6298,34.1959]]],[[[127.0394,34.4028],[127.0404,34.4037],[127.0403,34.4052],[127.0384,34.4059],[127.0381,34.4042],[127.0394,34.4028]]],[[[126.5886,34.1431],[126.5893,34.1443],[126.585,34.1454],[126.5886,34.1431]]],[[[126.6206,34.2221],[126.6212,34.2229],[126.6205,34.2238],[126.6175,34.2232],[126.6186,34.2222],[126.6206,34.2221]]],[[[126.6117,34.1717],[126.6135,34.1727],[126.6112,34.1738],[126.6103,34.1724],[126.6117,34.1717]]],[[[126.6413,34.3196],[126.6435,34.3206],[126.6426,34.3222],[126.6411,34.3216],[126.6407,34.3199],[126.6413,34.3196]]],[[[127.0184,34.3186],[127.0194,34.3204],[127.0183,34.3213],[127.0169,34.3193],[127.0184,34.3186]]],[[[127.0415,34.4019],[127.0426,34.4041],[127.0414,34.4051],[127.0408,34.4023],[127.0415,34.4019]]],[[[126.5192,34.1166],[126.5195,34.1187],[126.5181,34.1193],[126.5176,34.1168],[126.5192,34.1166]]],[[[126.8566,34.3864],[126.8562,34.3886],[126.8544,34.388],[126.855,34.3865],[126.8566,34.3864]]],[[[127.0176,34.4439],[127.017,34.4463],[127.0159,34.4462],[127.0153,34.4448],[127.0176,34.4439]]],[[[126.7699,34.3541],[126.771,34.3561],[126.7704,34.3571],[126.7693,34.3564],[126.769,34.3544],[126.7699,34.3541]]],[[[127.0344,34.4208],[127.0362,34.4224],[127.0337,34.4226],[127.0334,34.421],[127.0344,34.4208]]],[[[126.9128,34.4067],[126.9137,34.4083],[126.9112,34.4084],[126.9117,34.4068],[126.9128,34.4067]]],[[[126.8731,34.4135],[126.8729,34.4155],[126.8708,34.4143],[126.8731,34.4135]]],[[[127.0199,34.4235],[127.0207,34.4257],[127.0201,34.4263],[127.0186,34.4246],[127.0199,34.4235]]],[[[126.6236,34.1893],[126.6225,34.1905],[126.6215,34.1903],[126.6217,34.1895],[126.6236,34.1893]]]]}},{"type":"Feature","properties":{"sigun":"진도군"},"geometry":{"type":"MultiPolygon","coordinates":[[[[126.2422,34.532],[126.237,34.5325],[126.2361,34.5346],[126.2373,34.537],[126.2363,34.5375],[126.2347,34.5368],[126.2336,34.5348],[126.228,34.536],[126.2273,34.5403],[126.2256,34.5414],[126.2245,34.5388],[126.2249,34.5302],[126.2225,34.5299],[126.2201,34.5314],[126.2169,34.5295],[126.2158,34.5277],[126.2116,34.5267],[126.212,34.5243],[126.2239,34.5189],[126.2232,34.5164],[126.2106,34.5169],[126.199,34.5111],[126.1981,34.5099],[126.1979,34.5077],[126.2005,34.5045],[126.2021,34.5064],[126.2035,34.5066],[126.2076,34.5016],[126.2075,34.5002],[126.205,34.4959],[126.1926,34.4942],[126.1885,34.4963],[126.1886,34.5],[126.1918,34.5099],[126.1927,34.5108],[126.1942,34.5105],[126.1948,34.5119],[126.1926,34.5142],[126.1907,34.5146],[126.1785,34.5022],[126.1731,34.4949],[126.1738,34.4928],[126.1757,34.4915],[126.1725,34.4847],[126.1609,34.4829],[126.1483,34.4775],[126.1449,34.4757],[126.143,34.4713],[126.1397,34.4685],[126.1351,34.4665],[126.128,34.4659],[126.1242,34.4647],[126.1197,34.4603],[126.1177,34.4594],[126.1164,34.4598],[126.1167,34.4556],[126.1182,34.4535],[126.1213,34.4524],[126.1246,34.453],[126.127,34.4525],[126.1272,34.4505],[126.1253,34.4471],[126.1278,34.4437],[126.1254,34.4424],[126.1228,34.4438],[126.1214,34.4449],[126.1214,34.4456],[126.1222,34.4451],[126.1216,34.447],[126.1183,34.4495],[126.1123,34.4484],[126.1017,34.4415],[126.0998,34.4365],[126.098,34.4372],[126.0969,34.4364],[126.0964,34.4341],[126.1003,34.431],[126.0993,34.4302],[126.0988,34.4309],[126.0957,34.4312],[126.0937,34.4298],[126.0924,34.4261],[126.0974,34.4223],[126.0938,34.4232],[126.0912,34.4221],[126.089,34.4186],[126.0901,34.4146],[126.0941,34.4114],[126.0961,34.4085],[126.0959,34.407],[126.0972,34.4042],[126.1011,34.4004],[126.1092,34.395],[126.1088,34.3922],[126.114,34.3857],[126.1149,34.3835],[126.1139,34.3828],[126.1144,34.3813],[126.1171,34.379],[126.1269,34.3789],[126.1263,34.3817],[126.1302,34.3853],[126.1412,34.385],[126.1429,34.3847],[126.1439,34.3815],[126.1454,34.3796],[126.1446,34.3777],[126.1416,34.3758],[126.137,34.3757],[126.1342,34.3741],[126.1377,34.3702],[126.1373,34.3691],[126.135,34.3675],[126.132,34.3672],[126.1299,34.3656],[126.1322,34.3669],[126.1345,34.3671],[126.1365,34.3664],[126.1361,34.3643],[126.1319,34.3639],[126.1293,34.3605],[126.1298,34.3593],[126.1349,34.3597],[126.1376,34.3585],[126.1385,34.3571],[126.1417,34.3574],[126.1451,34.3585],[126.1456,34.3596],[126.146,34.3616],[126.1439,34.3632],[126.1447,34.3648],[126.1499,34.3665],[126.1528,34.3664],[126.1557,34.3655],[126.1593,34.3623],[126.1567,34.3606],[126.1558,34.3586],[126.1563,34.3567],[126.1606,34.3537],[126.1629,34.3529],[126.1738,34.3528],[126.1802,34.359],[126.1817,34.3591],[126.1826,34.3581],[126.1822,34.3546],[126.1797,34.352],[126.1797,34.3508],[126.1806,34.3507],[126.1858,34.3529],[126.1863,34.3552],[126.1882,34.3561],[126.2031,34.3576],[126.2063,34.3614],[126.2106,34.3621],[126.2122,34.3613],[126.2124,34.3602],[126.2142,34.3603],[126.2129,34.3642],[126.2076,34.3687],[126.2026,34.3698],[126.2014,34.3693],[126.2024,34.3707],[126.2087,34.3715],[126.219,34.3685],[126.2199,34.3672],[126.2292,34.3703],[126.2285,34.3734],[126.2311,34.3746],[126.2328,34.3741],[126.233,34.369],[126.2342,34.3685],[126.2393,34.3705],[126.2435,34.3785],[126.2463,34.3799],[126.2498,34.3786],[126.2541,34.3786],[126.2565,34.3802],[126.259,34.3805],[126.2653,34.3779],[126.2674,34.3781],[126.2675,34.3793],[126.266,34.3796],[126.2651,34.3809],[126.2673,34.383],[126.2674,34.3844],[126.2603,34.3857],[126.2596,34.3868],[126.2606,34.3928],[126.2654,34.3974],[126.2692,34.3958],[126.2714,34.3958],[126.2723,34.3968],[126.2764,34.396],[126.2782,34.3937],[126.2759,34.3927],[126.277,34.3904],[126.2801,34.3902],[126.2831,34.3924],[126.2834,34.3942],[126.2843,34.3946],[126.2897,34.3936],[126.2919,34.3912],[126.2916,34.3889],[126.2898,34.3881],[126.284,34.388],[126.2843,34.3797],[126.2809,34.3767],[126.282,34.373],[126.2796,34.3713],[126.2802,34.3687],[126.2823,34.3677],[126.2846,34.368],[126.2858,34.3646],[126.2887,34.3643],[126.2923,34.3666],[126.289,34.3705],[126.292,34.3741],[126.2947,34.3739],[126.2943,34.3722],[126.2957,34.3705],[126.299,34.3689],[126.3016,34.3701],[126.3047,34.3741],[126.3078,34.3733],[126.3088,34.3739],[126.3089,34.376],[126.3076,34.3792],[126.3054,34.3803],[126.3079,34.3817],[126.3086,34.3829],[126.3069,34.3854],[126.3041,34.385],[126.3043,34.3842],[126.3025,34.3829],[126.2994,34.3826],[126.2966,34.3851],[126.2965,34.3864],[126.2994,34.3879],[126.3017,34.3873],[126.3048,34.3887],[126.3034,34.3906],[126.3025,34.3955],[126.2983,34.3943],[126.2979,34.3917],[126.2967,34.3908],[126.2923,34.3913],[126.2896,34.3941],[126.2909,34.3959],[126.2964,34.3965],[126.2972,34.3979],[126.294,34.4022],[126.2915,34.403],[126.2927,34.4088],[126.2976,34.4085],[126.2997,34.4035],[126.3067,34.4028],[126.3069,34.4049],[126.301,34.4129],[126.302,34.4145],[126.3029,34.4142],[126.307,34.4106],[126.3078,34.4084],[126.3124,34.4055],[126.3136,34.4002],[126.3152,34.4004],[126.3131,34.4139],[126.3117,34.4147],[126.3112,34.416],[126.3165,34.4199],[126.3176,34.4187],[126.3191,34.419],[126.3197,34.4206],[126.3186,34.4242],[126.3201,34.4246],[126.323,34.4209],[126.3226,34.4166],[126.3267,34.4152],[126.3214,34.4138],[126.3207,34.4129],[126.3275,34.4061],[126.3246,34.4048],[126.3209,34.4053],[126.3207,34.4047],[126.324,34.3999],[126.3275,34.3967],[126.3286,34.3974],[126.3287,34.3992],[126.3309,34.4006],[126.334,34.3992],[126.3366,34.4002],[126.3377,34.4036],[126.3358,34.4146],[126.3387,34.4162],[126.3425,34.4155],[126.3429,34.4186],[126.3517,34.4264],[126.3517,34.4311],[126.3585,34.4382],[126.3654,34.4426],[126.3638,34.4471],[126.3597,34.4519],[126.3582,34.4561],[126.359,34.4583],[126.3646,34.4634],[126.3668,34.4649],[126.3701,34.4644],[126.3713,34.4655],[126.3719,34.4721],[126.3671,34.4715],[126.3605,34.4732],[126.358,34.4761],[126.358,34.4806],[126.3599,34.4829],[126.364,34.4844],[126.3684,34.4849],[126.3683,34.4838],[126.3708,34.4831],[126.3723,34.4839],[126.3728,34.485],[126.3747,34.4853],[126.377,34.4844],[126.3765,34.4815],[126.379,34.4783],[126.3806,34.478],[126.3839,34.4804],[126.3845,34.4818],[126.3824,34.4848],[126.3789,34.4867],[126.38,34.4915],[126.3732,34.4961],[126.373,34.4968],[126.3729,34.5006],[126.3808,34.5011],[126.3825,34.5036],[126.3806,34.5067],[126.3771,34.5083],[126.3767,34.511],[126.3774,34.5114],[126.3774,34.5126],[126.3747,34.5143],[126.3716,34.5142],[126.3679,34.5155],[126.3623,34.5245],[126.3598,34.5267],[126.358,34.5263],[126.3512,34.5276],[126.3517,34.5297],[126.3538,34.5306],[126.3538,34.5325],[126.3519,34.5339],[126.3482,34.5347],[126.3454,34.5385],[126.3455,34.5424],[126.3431,34.5436],[126.3393,34.5425],[126.337,34.5433],[126.3384,34.5479],[126.343,34.5482],[126.3418,34.55],[126.3389,34.5516],[126.3321,34.5485],[126.332,34.5464],[126.3284,34.5475],[126.3265,34.5469],[126.326,34.5455],[126.3265,34.5435],[126.3255,34.5412],[126.3236,34.5439],[126.3177,34.5477],[126.3143,34.5474],[126.3082,34.5527],[126.3075,34.5546],[126.3029,34.5566],[126.3026,34.5585],[126.3042,34.5596],[126.3056,34.5588],[126.3078,34.5594],[126.3102,34.5631],[126.3089,34.5656],[126.3048,34.5683],[126.3029,34.5707],[126.2981,34.573],[126.2978,34.5742],[126.2952,34.5742],[126.2926,34.5728],[126.2912,34.5777],[126.2817,34.5773],[126.2795,34.5781],[126.2814,34.5803],[126.2803,34.5812],[126.2706,34.5839],[126.2668,34.5822],[126.2651,34.5843],[126.2602,34.5848],[126.2577,34.5874],[126.2549,34.5871],[126.2537,34.586],[126.2538,34.5843],[126.2523,34.5842],[126.2503,34.5855],[126.2508,34.5893],[126.2452,34.5886],[126.2401,34.5871],[126.2382,34.5838],[126.2388,34.5822],[126.2431,34.5833],[126.2446,34.5802],[126.2396,34.5759],[126.2402,34.5745],[126.2417,34.5738],[126.2398,34.5705],[126.2394,34.5659],[126.241,34.5656],[126.2425,34.5677],[126.2446,34.5679],[126.2458,34.5672],[126.2463,34.5645],[126.2505,34.5638],[126.2516,34.5609],[126.2551,34.5595],[126.261,34.5482],[126.2609,34.5466],[126.255,34.5368],[126.2479,34.5381],[126.2477,34.5399],[126.2459,34.5397],[126.2439,34.5359],[126.2466,34.5319],[126.2422,34.532]]],[[[126.0403,34.3188],[126.0392,34.3196],[126.037,34.3184],[126.0318,34.3179],[126.0292,34.3164],[126.0337,34.3133],[126.0342,34.3118],[126.03,34.31],[126.0274,34.3111],[126.0274,34.3129],[126.0264,34.3137],[126.024,34.3133],[126.0213,34.3094],[126.0214,34.3067],[126.0323,34.3067],[126.0324,34.3048],[126.028,34.3034],[126.0208,34.3029],[126.0171,34.2999],[126.0179,34.2989],[126.0155,34.296],[126.0151,34.2911],[126.0164,34.2909],[126.0185,34.2927],[126.0242,34.2953],[126.0264,34.2932],[126.0276,34.2901],[126.0259,34.2898],[126.0229,34.2872],[126.0228,34.2856],[126.0234,34.2852],[126.0296,34.2835],[126.0303,34.2843],[126.0323,34.2845],[126.0329,34.2829],[126.0346,34.2823],[126.037,34.2839],[126.0444,34.2814],[126.0473,34.2823],[126.0496,34.2816],[126.0524,34.276],[126.0544,34.2741],[126.0557,34.2741],[126.0577,34.2746],[126.0592,34.2766],[126.059,34.2784],[126.0584,34.2803],[126.0572,34.2802],[126.0542,34.2852],[126.053,34.2859],[126.053,34.287],[126.0566,34.2881],[126.0591,34.2851],[126.0607,34.2851],[126.0616,34.2867],[126.0615,34.2892],[126.063,34.289],[126.0649,34.2885],[126.0648,34.2867],[126.062,34.2786],[126.0625,34.2773],[126.066,34.2754],[126.0672,34.2735],[126.0689,34.2735],[126.0685,34.2764],[126.073,34.2802],[126.0739,34.2836],[126.0751,34.2845],[126.0799,34.2844],[126.081,34.2834],[126.0792,34.282],[126.0811,34.2803],[126.0862,34.2793],[126.0865,34.2807],[126.0927,34.2759],[126.0929,34.274],[126.094,34.2729],[126.096,34.276],[126.0922,34.2812],[126.0914,34.2835],[126.0912,34.2855],[126.0934,34.2874],[126.0931,34.2891],[126.0921,34.2911],[126.0881,34.2927],[126.0886,34.2972],[126.0871,34.2978],[126.0866,34.2994],[126.0876,34.3037],[126.0898,34.3052],[126.0883,34.3081],[126.0889,34.3122],[126.0877,34.3123],[126.0803,34.308],[126.07,34.3076],[126.0669,34.307],[126.0657,34.3058],[126.0604,34.3049],[126.0578,34.3055],[126.0546,34.3045],[126.0528,34.3055],[126.0529,34.3066],[126.0492,34.3087],[126.0486,34.3083],[126.0465,34.309],[126.044,34.3152],[126.0403,34.3188]]],[[[126.0302,34.3406],[126.0296,34.3418],[126.0264,34.343],[126.0242,34.3399],[126.0179,34.3406],[126.011,34.3394],[126.0112,34.3375],[126.0166,34.3335],[126.0159,34.3326],[126.0132,34.3339],[126.009,34.3339],[126.0056,34.3353],[126.0009,34.3378],[125.9994,34.3413],[125.9981,34.3412],[125.9963,34.3393],[125.9923,34.3386],[125.9933,34.3366],[125.9947,34.3366],[125.9963,34.3352],[125.9963,34.3275],[125.9978,34.3251],[126.0077,34.3218],[126.0109,34.3212],[126.0125,34.3228],[126.0156,34.3239],[126.0168,34.3225],[126.0196,34.3221],[126.0209,34.3227],[126.0236,34.3257],[126.0233,34.3274],[126.022,34.3282],[126.0238,34.3303],[126.0304,34.3272],[126.0309,34.3256],[126.0335,34.3239],[126.0358,34.3256],[126.0356,34.3274],[126.0374,34.33],[126.0383,34.3276],[126.046,34.3237],[126.0457,34.3227],[126.0423,34.3233],[126.0399,34.3252],[126.038,34.3255],[126.0365,34.3237],[126.0366,34.3226],[126.0381,34.3221],[126.0445,34.3217],[126.0504,34.3242],[126.052,34.3241],[126.0524,34.323],[126.0576,34.3189],[126.0595,34.3192],[126.0612,34.3213],[126.0587,34.3237],[126.0565,34.3294],[126.0536,34.3321],[126.0461,34.3351],[126.0342,34.3379],[126.0302,34.3406]]],[[[126.0586,34.4967],[126.0549,34.4987],[126.0475,34.4962],[126.0468,34.4956],[126.0471,34.4939],[126.0502,34.4928],[126.0441,34.4909],[126.0405,34.4827],[126.0389,34.4808],[126.0361,34.4803],[126.0349,34.4808],[126.0337,34.4841],[126.0318,34.4841],[126.0309,34.4813],[126.0378,34.4753],[126.039,34.4735],[126.0387,34.471],[126.0409,34.4691],[126.0379,34.4654],[126.0351,34.4637],[126.0349,34.4621],[126.0364,34.4601],[126.038,34.4609],[126.0404,34.4608],[126.0412,34.4596],[126.0413,34.4554],[126.0429,34.4553],[126.0437,34.4568],[126.0432,34.4588],[126.0442,34.4606],[126.049,34.4649],[126.0539,34.4669],[126.0543,34.4677],[126.0528,34.4704],[126.0532,34.4719],[126.0663,34.475],[126.0673,34.4762],[126.0657,34.4777],[126.0719,34.4814],[126.0699,34.4836],[126.0662,34.4846],[126.0598,34.4803],[126.0574,34.4801],[126.0553,34.482],[126.0553,34.4828],[126.0591,34.4833],[126.0599,34.485],[126.0597,34.4884],[126.0652,34.4881],[126.0659,34.4896],[126.0661,34.4919],[126.0647,34.4934],[126.0594,34.493],[126.0586,34.4967]]],[[[126.0539,34.2501],[126.0508,34.2547],[126.0484,34.2544],[126.0485,34.2519],[126.0527,34.2483],[126.0518,34.2449],[126.0492,34.2404],[126.043,34.236],[126.0411,34.2356],[126.0369,34.2393],[126.0302,34.2368],[126.0273,34.2388],[126.025,34.2381],[126.0234,34.232],[126.0251,34.2285],[126.0256,34.2282],[126.0263,34.2309],[126.0339,34.2313],[126.0362,34.2221],[126.0349,34.2199],[126.0354,34.2189],[126.0407,34.2269],[126.0403,34.2301],[126.0431,34.2317],[126.0453,34.2312],[126.0491,34.2276],[126.0539,34.2274],[126.0561,34.2247],[126.0583,34.2248],[126.0586,34.2276],[126.0567,34.2309],[126.058,34.2317],[126.0609,34.2317],[126.062,34.2339],[126.0617,34.2359],[126.0651,34.2414],[126.0621,34.2471],[126.0592,34.2494],[126.0539,34.2501]]],[[[125.9976,34.2708],[125.9971,34.2773],[125.9914,34.2799],[125.9861,34.2793],[125.9788,34.2772],[125.977,34.2755],[125.9771,34.2682],[125.9787,34.265],[125.9813,34.2633],[125.9835,34.2636],[125.9882,34.2704],[125.9893,34.27],[125.9866,34.2635],[125.9887,34.2611],[125.9913,34.2613],[125.9923,34.2605],[125.9935,34.2577],[125.9917,34.256],[125.9922,34.2528],[125.9989,34.2547],[126.0002,34.2542],[126.0009,34.2523],[126.0037,34.2515],[126.0023,34.2573],[125.9988,34.258],[125.9987,34.2598],[126.0058,34.2653],[126.0065,34.2656],[126.0074,34.2644],[126.009,34.2641],[126.0098,34.2648],[126.0042,34.2704],[126.0029,34.2701],[126.0036,34.2687],[126.0019,34.2663],[126.0008,34.2654],[125.9987,34.2654],[125.9963,34.2666],[125.9976,34.2708]]],[[[125.9417,34.2445],[125.9386,34.2469],[125.9363,34.2476],[125.9334,34.2474],[125.9288,34.2451],[125.9284,34.2434],[125.9302,34.2418],[125.9288,34.2393],[125.9253,34.2386],[125.9277,34.2331],[125.9268,34.231],[125.9288,34.2294],[125.932,34.2313],[125.9348,34.2289],[125.9387,34.2293],[125.9448,34.2315],[125.9465,34.2329],[125.9473,34.2357],[125.9521,34.2368],[125.956,34.2402],[125.9541,34.246],[125.9479,34.2462],[125.9445,34.2447],[125.9417,34.2445]]],[[[125.9258,34.2573],[125.9238,34.2604],[125.9245,34.2611],[125.9242,34.2623],[125.9234,34.2626],[125.918,34.2604],[125.9052,34.2589],[125.9013,34.2564],[125.8984,34.2529],[125.8984,34.2482],[125.897,34.2475],[125.8971,34.246],[125.8977,34.2455],[125.9094,34.2461],[125.9102,34.2456],[125.9095,34.2429],[125.9115,34.241],[125.9133,34.2408],[125.9147,34.2416],[125.9153,34.2449],[125.9143,34.2461],[125.911,34.2465],[125.9101,34.2474],[125.9095,34.2507],[125.91,34.2513],[125.9116,34.2507],[125.9129,34.2487],[125.9141,34.2487],[125.9151,34.2493],[125.9169,34.2538],[125.9177,34.2532],[125.9172,34.2488],[125.9156,34.2476],[125.9171,34.2476],[125.9197,34.249],[125.9194,34.2533],[125.9209,34.2566],[125.9224,34.257],[125.923,34.2557],[125.9255,34.2557],[125.9258,34.2573]]],[[[126.1839,34.2619],[126.1827,34.2629],[126.1818,34.2627],[126.1803,34.2579],[126.1762,34.2535],[126.1747,34.2493],[126.1748,34.2466],[126.1731,34.2439],[126.1726,34.2395],[126.1727,34.2385],[126.1755,34.2361],[126.1775,34.236],[126.181,34.2372],[126.179,34.2394],[126.1787,34.242],[126.1804,34.2443],[126.1802,34.2476],[126.1831,34.2491],[126.1871,34.2543],[126.1865,34.259],[126.1842,34.2605],[126.1839,34.2619]]],[[[126.0146,34.3609],[126.0102,34.3608],[126.0125,34.3581],[126.0124,34.3546],[126.0163,34.3523],[126.0201,34.3518],[126.0212,34.3505],[126.013,34.3486],[126.0124,34.347],[126.0139,34.3433],[126.0213,34.3418],[126.0267,34.3432],[126.0249,34.3486],[126.0238,34.3496],[126.0237,34.3551],[126.0221,34.3577],[126.0146,34.3609]]],[[[125.9707,34.3799],[125.965,34.3817],[125.9638,34.3809],[125.964,34.3797],[125.9665,34.3793],[125.9705,34.3764],[125.9701,34.3758],[125.9672,34.3756],[125.9643,34.3771],[125.9619,34.3755],[125.9624,34.3743],[125.9603,34.3655],[125.9618,34.3633],[125.963,34.3632],[125.9645,34.3646],[125.9685,34.3659],[125.9731,34.3724],[125.9707,34.3799]]],[[[125.9448,34.1408],[125.9482,34.1453],[125.9431,34.1527],[125.9418,34.1577],[125.9414,34.1635],[125.939,34.1645],[125.9356,34.1596],[125.9361,34.1549],[125.9388,34.1534],[125.9399,34.1499],[125.9396,34.1451],[125.9427,34.1413],[125.9448,34.1408]]],[[[125.9752,34.3215],[125.9685,34.3211],[125.9672,34.3192],[125.9693,34.3161],[125.9699,34.3131],[125.9684,34.3107],[125.972,34.3071],[125.9736,34.3087],[125.9767,34.3083],[125.9776,34.3091],[125.9782,34.3133],[125.9803,34.3148],[125.9802,34.3161],[125.9752,34.3215]]],[[[126.0545,34.3927],[126.0545,34.3939],[126.0532,34.3945],[126.0509,34.3976],[126.0511,34.401],[126.0502,34.402],[126.0465,34.4048],[126.04,34.407],[126.0386,34.4031],[126.0428,34.3962],[126.0507,34.3928],[126.0545,34.3927]]],[[[126.0163,34.3163],[126.0162,34.3179],[126.0042,34.3154],[126.0017,34.3171],[125.9987,34.3172],[125.9977,34.3138],[125.9987,34.3128],[126.0022,34.312],[126.005,34.313],[126.0062,34.3124],[126.0043,34.3065],[126.0046,34.3056],[126.0055,34.3055],[126.0092,34.3104],[126.011,34.3116],[126.0127,34.3118],[126.0193,34.3096],[126.0193,34.3116],[126.0176,34.3128],[126.0163,34.3163]]],[[[125.8631,34.2131],[125.8587,34.2151],[125.857,34.2175],[125.8559,34.2177],[125.851,34.2168],[125.8472,34.2142],[125.8485,34.2115],[125.8506,34.2116],[125.8564,34.2094],[125.8595,34.2094],[125.8623,34.2072],[125.8644,34.2077],[125.8659,34.21],[125.866,34.2118],[125.8631,34.2131]]],[[[125.9367,34.3641],[125.9385,34.366],[125.9424,34.3747],[125.9445,34.3758],[125.9457,34.3785],[125.9374,34.3779],[125.9392,34.3758],[125.9354,34.3738],[125.9319,34.3684],[125.9347,34.3645],[125.9367,34.3641]]],[[[126.1031,34.2673],[126.1011,34.2679],[126.0977,34.2713],[126.0957,34.271],[126.1002,34.2627],[126.1118,34.261],[126.1118,34.2634],[126.1089,34.2692],[126.107,34.2694],[126.1057,34.2679],[126.1031,34.2673]]],[[[126.1419,34.2693],[126.1396,34.2702],[126.1391,34.2688],[126.1433,34.2658],[126.1455,34.263],[126.1549,34.2573],[126.1568,34.2578],[126.1565,34.259],[126.1519,34.2614],[126.1513,34.2646],[126.1518,34.2683],[126.1513,34.2692],[126.1419,34.2693]]],[[[125.9745,34.3046],[125.972,34.3044],[125.9703,34.3018],[125.97,34.2999],[125.9712,34.2983],[125.9797,34.2957],[125.9833,34.2971],[125.9824,34.3008],[125.9801,34.301],[125.9767,34.3043],[125.9745,34.3046]]],[[[125.9533,34.3531],[125.9516,34.3525],[125.9489,34.3491],[125.9468,34.3445],[125.9464,34.3435],[125.9486,34.342],[125.9495,34.3438],[125.9509,34.3446],[125.959,34.3454],[125.9584,34.3508],[125.9533,34.3531]]],[[[126.0897,34.2485],[126.0863,34.2501],[126.0835,34.2484],[126.0781,34.2491],[126.0724,34.2461],[126.0735,34.2452],[126.0766,34.2459],[126.079,34.2426],[126.082,34.2418],[126.0909,34.2472],[126.0908,34.2482],[126.0897,34.2485]]],[[[126.0816,34.4843],[126.0861,34.486],[126.087,34.4871],[126.0881,34.49],[126.0855,34.4938],[126.0786,34.4919],[126.0776,34.4874],[126.0816,34.4843]]],[[[126.3657,34.4174],[126.3638,34.4152],[126.3648,34.4101],[126.3705,34.4083],[126.3733,34.4092],[126.3733,34.4132],[126.3711,34.4162],[126.3657,34.4174]]],[[[125.9645,34.3105],[125.9647,34.314],[125.963,34.3158],[125.9509,34.3102],[125.9528,34.3076],[125.9542,34.3081],[125.9543,34.3089],[125.9645,34.3105]]],[[[125.9492,34.3058],[125.9454,34.312],[125.9444,34.3126],[125.9431,34.3119],[125.9423,34.3087],[125.9441,34.3015],[125.947,34.3005],[125.9494,34.3007],[125.9498,34.3016],[125.9491,34.3024],[125.946,34.3038],[125.947,34.3057],[125.9487,34.3049],[125.9492,34.3058]]],[[[125.9237,34.2552],[125.9213,34.2535],[125.9234,34.2523],[125.9226,34.2495],[125.9233,34.2443],[125.926,34.2453],[125.9288,34.2493],[125.9271,34.2542],[125.9237,34.2552]]],[[[126.0406,34.3931],[126.041,34.3949],[126.0389,34.3991],[126.0359,34.4014],[126.033,34.401],[126.0351,34.3981],[126.0343,34.3951],[126.0406,34.3931]]],[[[125.8474,34.2195],[125.8487,34.2234],[125.8484,34.2253],[125.8416,34.2264],[125.8395,34.2256],[125.8392,34.225],[125.8444,34.2229],[125.8444,34.2216],[125.8427,34.2203],[125.8426,34.2194],[125.8474,34.2195]]],[[[126.1023,34.4539],[126.1046,34.4549],[126.1019,34.4566],[126.0962,34.4573],[126.0923,34.4619],[126.0909,34.4616],[126.0906,34.4605],[126.0928,34.4562],[126.1023,34.4539]]],[[[126.055,34.2566],[126.0559,34.2587],[126.0545,34.2603],[126.0499,34.2619],[126.0482,34.2613],[126.0474,34.258],[126.0488,34.2561],[126.055,34.2566]]],[[[126.0001,34.2876],[126.0021,34.2895],[125.9981,34.2904],[125.9945,34.2929],[125.9913,34.289],[125.9916,34.2871],[126.0001,34.2876]]],[[[126.0117,34.396],[126.0144,34.4],[126.0095,34.4044],[126.0074,34.3989],[126.0117,34.396]]],[[[125.9776,34.3233],[125.9809,34.326],[125.9811,34.3291],[125.9787,34.33],[125.9778,34.3313],[125.9746,34.3257],[125.9757,34.3235],[125.9776,34.3233]]],[[[126.1108,34.4918],[126.1053,34.4945],[126.101,34.4939],[126.1024,34.4909],[126.1097,34.4894],[126.1107,34.49],[126.1108,34.4918]]],[[[126.3526,34.4029],[126.3573,34.4074],[126.3583,34.4121],[126.3568,34.4126],[126.3538,34.41],[126.3541,34.4078],[126.3506,34.4042],[126.351,34.4032],[126.3526,34.4029]]],[[[126.0038,34.3738],[126.0069,34.3757],[126.0054,34.3786],[126.0061,34.3817],[126.0056,34.3839],[126.0043,34.3836],[126.0021,34.3767],[126.003,34.3741],[126.0038,34.3738]]],[[[126.1639,34.5119],[126.162,34.506],[126.164,34.5061],[126.1666,34.5088],[126.17,34.5099],[126.169,34.5117],[126.1639,34.5119]]],[[[126.1623,34.2204],[126.1644,34.2205],[126.1655,34.2216],[126.1654,34.2256],[126.1593,34.2237],[126.16,34.2216],[126.1623,34.2204]]],[[[126.296,34.3251],[126.2936,34.3252],[126.2943,34.3234],[126.2991,34.3206],[126.3022,34.3203],[126.3026,34.322],[126.298,34.3251],[126.296,34.3251]]],[[[126.0784,34.232],[126.0755,34.2367],[126.0743,34.2371],[126.0732,34.2364],[126.0721,34.2336],[126.0728,34.2322],[126.0772,34.2312],[126.0784,34.232]]],[[[126.3017,34.3275],[126.2992,34.3306],[126.2992,34.3324],[126.2977,34.3348],[126.297,34.3335],[126.297,34.3281],[126.3017,34.3261],[126.3046,34.3264],[126.3041,34.328],[126.3017,34.3275]]],[[[125.9888,34.3541],[125.9833,34.3536],[125.9823,34.3517],[125.9889,34.3482],[125.9897,34.3499],[125.9878,34.352],[125.9888,34.3541]]],[[[125.8621,34.1947],[125.8625,34.1976],[125.8617,34.1984],[125.8577,34.1989],[125.8557,34.1973],[125.8565,34.196],[125.8608,34.1941],[125.8621,34.1947]]],[[[126.1499,34.2269],[126.1471,34.2264],[126.1504,34.2223],[126.1532,34.222],[126.1534,34.2248],[126.1514,34.2267],[126.1499,34.2269]]],[[[126.3526,34.5391],[126.3515,34.5387],[126.3506,34.5371],[126.3543,34.5359],[126.3564,34.5381],[126.3558,34.5391],[126.3526,34.5391]]],[[[126.0843,34.437],[126.084,34.4397],[126.0809,34.4407],[126.0806,34.4371],[126.0843,34.437]]],[[[125.9879,34.2292],[125.9893,34.2307],[125.9888,34.2324],[125.9844,34.2312],[125.986,34.2291],[125.9879,34.2292]]],[[[125.974,34.3459],[125.9714,34.3457],[125.9711,34.3446],[125.973,34.3431],[125.9764,34.3435],[125.9754,34.3457],[125.974,34.3459]]],[[[126.0559,34.269],[126.0572,34.2704],[126.057,34.2716],[126.0555,34.2728],[126.054,34.2729],[126.0529,34.2712],[126.0559,34.269]]],[[[126.174,34.2645],[126.173,34.2647],[126.1726,34.264],[126.1739,34.262],[126.1779,34.2612],[126.177,34.2632],[126.174,34.2645]]],[[[126.0836,34.4253],[126.0848,34.4259],[126.0849,34.428],[126.0835,34.429],[126.0813,34.4278],[126.082,34.4257],[126.0836,34.4253]]],[[[125.9635,34.2361],[125.9648,34.2382],[125.9621,34.2393],[125.9605,34.2387],[125.9608,34.2369],[125.9635,34.2361]]],[[[126.2203,34.5531],[126.219,34.553],[126.2239,34.5511],[126.2284,34.552],[126.2203,34.5531]]],[[[126.2131,34.3458],[126.2153,34.3471],[126.2156,34.3484],[126.213,34.3502],[126.2125,34.3475],[126.2131,34.3458]]],[[[126.1225,34.2658],[126.1224,34.2682],[126.1212,34.2698],[126.1197,34.2701],[126.1192,34.2686],[126.1225,34.2658]]],[[[126.1065,34.5281],[126.107,34.5304],[126.1039,34.5309],[126.1043,34.5281],[126.1065,34.5281]]],[[[126.0436,34.374],[126.0445,34.3754],[126.0429,34.378],[126.0414,34.3786],[126.0426,34.3743],[126.0436,34.374]]],[[[126.3286,34.3844],[126.3304,34.3863],[126.3295,34.3879],[126.3279,34.3864],[126.327,34.3834],[126.3278,34.3831],[126.3286,34.3844]]],[[[126.0405,34.38],[126.0412,34.3828],[126.0376,34.3827],[126.0381,34.3812],[126.0405,34.38]]],[[[126.0055,34.4246],[126.007,34.4252],[126.0081,34.4275],[126.0061,34.4272],[126.0037,34.4256],[126.0055,34.4246]]],[[[126.0261,34.3247],[126.0244,34.321],[126.0262,34.3216],[126.0272,34.3229],[126.0275,34.3242],[126.0261,34.3247]]],[[[125.9319,34.3508],[125.9305,34.3545],[125.9292,34.3546],[125.9297,34.352],[125.9319,34.3508]]],[[[126.0666,34.2406],[126.0661,34.2403],[126.0661,34.2381],[126.0679,34.2373],[126.0687,34.2395],[126.0666,34.2406]]],[[[126.1682,34.486],[126.1695,34.4879],[126.1694,34.4892],[126.1684,34.4898],[126.167,34.487],[126.1682,34.486]]],[[[126.0011,34.4532],[125.9997,34.4552],[125.9978,34.4557],[125.9985,34.4531],[126.0011,34.4532]]],[[[126.3257,34.3899],[126.3273,34.3914],[126.3261,34.3932],[126.325,34.3928],[126.3246,34.3913],[126.3246,34.3905],[126.3257,34.3899]]],[[[126.1645,34.2266],[126.1649,34.2272],[126.1642,34.2287],[126.1615,34.2278],[126.1619,34.2269],[126.1645,34.2266]]],[[[126.3167,34.5556],[126.3169,34.5564],[126.3156,34.5578],[126.3136,34.5571],[126.3145,34.5559],[126.3167,34.5556]]],[[[126.0176,34.383],[126.0162,34.3858],[126.0144,34.3856],[126.0154,34.3839],[126.0176,34.383]]],[[[125.9046,34.3052],[125.9046,34.3067],[125.9011,34.3069],[125.9026,34.3054],[125.9046,34.3052]]],[[[125.8806,34.2089],[125.8814,34.2103],[125.8794,34.2114],[125.8789,34.2097],[125.8806,34.2089]]],[[[126.3451,34.3849],[126.3464,34.3854],[126.3468,34.3869],[126.3441,34.3865],[126.3438,34.3857],[126.3451,34.3849]]],[[[126.3282,34.394],[126.3293,34.3945],[126.3285,34.3958],[126.3259,34.395],[126.3267,34.3941],[126.3282,34.394]]],[[[126.3137,34.3944],[126.3151,34.3961],[126.3129,34.3967],[126.3124,34.3949],[126.3137,34.3944]]],[[[126.1231,34.3545],[126.1253,34.3557],[126.1256,34.3568],[126.1231,34.3565],[126.1231,34.3545]]],[[[126.3511,34.3978],[126.3519,34.3986],[126.3514,34.3997],[126.3499,34.4006],[126.3489,34.4003],[126.3511,34.3978]]],[[[126.2196,34.5335],[126.2203,34.5353],[126.2194,34.5364],[126.2179,34.5342],[126.2196,34.5335]]],[[[126.0967,34.5187],[126.0965,34.5208],[126.0939,34.5206],[126.0967,34.5187]]],[[[126.0131,34.2628],[126.0128,34.2636],[126.0104,34.264],[126.0113,34.262],[126.0131,34.2628]]],[[[126.0122,34.3045],[126.0139,34.3052],[126.0134,34.3071],[126.0113,34.305],[126.0122,34.3045]]],[[[126.1244,34.3666],[126.1228,34.3656],[126.1229,34.3646],[126.1251,34.3647],[126.1251,34.3665],[126.1244,34.3666]]],[[[126.0267,34.4563],[126.0279,34.4579],[126.0261,34.4601],[126.0267,34.4563]]],[[[126.089,34.5155],[126.0893,34.5164],[126.0887,34.517],[126.0871,34.517],[126.0863,34.5162],[126.089,34.5155]]],[[[126.0059,34.2898],[126.0077,34.2908],[126.0067,34.2919],[126.0053,34.2914],[126.0059,34.2898]]],[[[126.3096,34.5547],[126.3105,34.5553],[126.3099,34.556],[126.307,34.5558],[126.3096,34.5547]]],[[[125.9903,34.312],[125.9883,34.3116],[125.9881,34.3109],[125.992,34.3117],[125.9903,34.312]]],[[[126.0585,34.2179],[126.0591,34.2209],[126.0583,34.2211],[126.0585,34.2179]]]]}},{"type":"Feature","properties":{"sigun":"신안군"},"geometry":{"type":"MultiPolygon","coordinates":[[[[126.0812,34.7789],[126.0786,34.779],[126.0757,34.778],[126.0743,34.7759],[126.0755,34.7729],[126.0793,34.7702],[126.0865,34.7679],[126.0867,34.7665],[126.0833,34.7648],[126.0808,34.7665],[126.0803,34.769],[126.0737,34.7705],[126.071,34.7695],[126.0694,34.7701],[126.0679,34.772],[126.0654,34.7716],[126.0631,34.7687],[126.0632,34.7655],[126.0696,34.7631],[126.0767,34.7549],[126.0783,34.7552],[126.08,34.753],[126.0807,34.7501],[126.0805,34.7493],[126.0776,34.7498],[126.0729,34.747],[126.0733,34.7443],[126.0711,34.7428],[126.0701,34.7405],[126.0691,34.7356],[126.0714,34.7319],[126.0695,34.7312],[126.0683,34.7281],[126.0672,34.7196],[126.0676,34.7171],[126.0656,34.714],[126.0636,34.7124],[126.0653,34.7089],[126.0671,34.707],[126.0692,34.7082],[126.07,34.7113],[126.0724,34.7122],[126.0739,34.7081],[126.0752,34.7074],[126.0783,34.7078],[126.0785,34.7052],[126.0816,34.7046],[126.083,34.7071],[126.0882,34.706],[126.0896,34.7072],[126.0937,34.7071],[126.0923,34.7047],[126.0942,34.7009],[126.0992,34.6968],[126.1008,34.6958],[126.1089,34.6961],[126.112,34.6937],[126.1137,34.6886],[126.1172,34.6844],[126.1199,34.6827],[126.1259,34.6833],[126.1355,34.6874],[126.1454,34.6863],[126.1483,34.6914],[126.1542,34.6966],[126.1591,34.6985],[126.173,34.7006],[126.1759,34.6998],[126.1773,34.7027],[126.1848,34.709],[126.1902,34.7116],[126.1963,34.7195],[126.1934,34.723],[126.1925,34.7279],[126.1937,34.7318],[126.1864,34.735],[126.1804,34.7418],[126.1754,34.7492],[126.1751,34.7537],[126.1691,34.7543],[126.1656,34.7558],[126.1629,34.7583],[126.1561,34.759],[126.1462,34.7579],[126.1384,34.7584],[126.1307,34.7626],[126.124,34.7758],[126.1213,34.7773],[126.1176,34.7776],[126.1124,34.7738],[126.1069,34.7735],[126.1017,34.7743],[126.0999,34.7734],[126.0993,34.7712],[126.0968,34.7714],[126.0916,34.7751],[126.0875,34.7757],[126.0858,34.7752],[126.0812,34.7789]]],[[[126.0626,34.9357],[126.0605,34.9382],[126.0552,34.9387],[126.0552,34.9359],[126.0562,34.9335],[126.0585,34.9315],[126.0571,34.9278],[126.0571,34.9251],[126.0502,34.9233],[126.0507,34.9219],[126.0528,34.92],[126.0581,34.9202],[126.0558,34.9159],[126.0526,34.9127],[126.0502,34.9115],[126.0461,34.9119],[126.0433,34.9145],[126.0402,34.9194],[126.0369,34.9199],[126.034,34.9193],[126.034,34.9179],[126.0367,34.9153],[126.0337,34.9112],[126.0312,34.9095],[126.0267,34.9109],[126.0216,34.9087],[126.019,34.9105],[126.0178,34.9135],[126.0136,34.9135],[126.0098,34.9083],[126.0108,34.9069],[126.0105,34.9041],[126.0057,34.903],[126.0045,34.9016],[126.0063,34.8997],[126.0054,34.8973],[125.9989,34.8892],[125.9921,34.8886],[125.992,34.8869],[125.9949,34.8828],[125.9921,34.8797],[125.9867,34.8756],[125.9838,34.8755],[125.9822,34.8775],[125.9794,34.8775],[125.9736,34.8752],[125.9678,34.8773],[125.9662,34.8757],[125.9657,34.8734],[125.968,34.8698],[125.9755,34.8692],[125.9748,34.8713],[125.9772,34.8724],[125.9798,34.8696],[125.98,34.8672],[125.9747,34.8657],[125.9739,34.8644],[125.9773,34.8628],[125.9825,34.8614],[125.9864,34.8628],[125.9878,34.865],[125.9938,34.8627],[125.9939,34.8645],[125.9971,34.8649],[126.0036,34.8626],[126.0048,34.8597],[126.0087,34.8586],[126.0128,34.8613],[126.0127,34.8629],[126.0177,34.8632],[126.0195,34.8659],[126.0218,34.865],[126.0217,34.8636],[126.0171,34.8605],[126.0192,34.8598],[126.0205,34.8608],[126.0225,34.8584],[126.0221,34.8564],[126.0236,34.8555],[126.0252,34.858],[126.0245,34.8588],[126.0256,34.8595],[126.0285,34.8593],[126.0319,34.8578],[126.0352,34.8529],[126.0387,34.8497],[126.0409,34.8451],[126.0436,34.8428],[126.0476,34.8446],[126.0484,34.8461],[126.0481,34.8474],[126.0458,34.8483],[126.0459,34.85],[126.0503,34.8534],[126.0607,34.8544],[126.0704,34.8577],[126.0754,34.8618],[126.0789,34.8617],[126.081,34.8633],[126.0853,34.8636],[126.0874,34.8688],[126.0917,34.873],[126.0958,34.8753],[126.0988,34.8818],[126.1002,34.8889],[126.0996,34.8916],[126.102,34.8946],[126.102,34.8981],[126.1042,34.8995],[126.1041,34.9011],[126.1013,34.9041],[126.0963,34.9043],[126.0991,34.9095],[126.0985,34.9114],[126.0943,34.9103],[126.093,34.912],[126.0842,34.9125],[126.0855,34.9157],[126.0906,34.9173],[126.0922,34.92],[126.0919,34.9232],[126.0886,34.923],[126.0812,34.9204],[126.0806,34.921],[126.0847,34.9257],[126.083,34.9264],[126.0778,34.9214],[126.0757,34.9229],[126.076,34.9248],[126.08,34.9294],[126.0795,34.9319],[126.0767,34.9327],[126.0757,34.9347],[126.0717,34.9341],[126.0719,34.936],[126.0694,34.9373],[126.0654,34.9364],[126.0638,34.9338],[126.0626,34.9357]]],[[[126.2477,35.0971],[126.2363,35.1015],[126.2326,35.0985],[126.2248,35.1045],[126.2179,35.1067],[126.2116,35.1052],[126.2098,35.1032],[126.1903,35.1128],[126.1818,35.1093],[126.178,35.1042],[126.1755,35.1043],[126.1746,35.1058],[126.1729,35.1063],[126.1674,35.1041],[126.1647,35.1013],[126.1599,35.0989],[126.1587,35.0966],[126.1571,35.0895],[126.1584,35.0872],[126.1656,35.0835],[126.1629,35.0768],[126.1631,35.0737],[126.1624,35.0726],[126.1599,35.0722],[126.1611,35.0669],[126.1651,35.0673],[126.1665,35.0713],[126.1674,35.0724],[126.1683,35.0722],[126.1688,35.068],[126.1727,35.0635],[126.1745,35.0646],[126.1756,35.0666],[126.1801,35.0664],[126.1824,35.0578],[126.1855,35.0578],[126.1988,35.0629],[126.2008,35.0618],[126.2047,35.058],[126.2042,35.0571],[126.2031,35.0568],[126.2023,35.0586],[126.2008,35.0585],[126.1941,35.0562],[126.1942,35.055],[126.1955,35.0527],[126.1992,35.0516],[126.2038,35.0428],[126.2041,35.0404],[126.2054,35.0395],[126.2098,35.0405],[126.21,35.0454],[126.2076,35.0521],[126.2044,35.0547],[126.2045,35.0569],[126.2072,35.0547],[126.211,35.0568],[126.2134,35.056],[126.2199,35.0568],[126.2226,35.0578],[126.2284,35.0554],[126.2294,35.0536],[126.2327,35.0531],[126.2352,35.0442],[126.2325,35.0437],[126.2276,35.0381],[126.2306,35.0354],[126.2306,35.034],[126.2287,35.0308],[126.2282,35.0277],[126.2309,35.027],[126.2316,35.026],[126.2306,35.0245],[126.2266,35.0234],[126.2271,35.0197],[126.2288,35.0175],[126.2329,35.0172],[126.2415,35.0191],[126.2397,35.0218],[126.2429,35.0275],[126.2439,35.0271],[126.245,35.0223],[126.2483,35.0145],[126.2472,35.0137],[126.2502,35.0117],[126.2559,35.0127],[126.2585,35.0154],[126.2599,35.019],[126.2628,35.0197],[126.2659,35.0223],[126.2673,35.0246],[126.2658,35.0274],[126.2665,35.0289],[126.2741,35.0339],[126.2742,35.0377],[126.2709,35.0395],[126.2678,35.0401],[126.2642,35.0424],[126.2606,35.0501],[126.2601,35.0532],[126.2621,35.0537],[126.2622,35.0601],[126.26,35.0664],[126.253,35.0721],[126.2461,35.0755],[126.2446,35.0772],[126.2446,35.0836],[126.2479,35.0888],[126.249,35.092],[126.2488,35.0957],[126.2477,35.0971]]],[[[125.9971,34.8047],[125.9968,34.8056],[125.9932,34.8074],[125.9904,34.8064],[125.9905,34.8041],[125.9873,34.8038],[125.9832,34.805],[125.9814,34.8027],[125.979,34.8021],[125.9739,34.8033],[125.9695,34.8001],[125.9697,34.7988],[125.9716,34.7984],[125.9719,34.7972],[125.9695,34.7939],[125.967,34.7916],[125.9649,34.7929],[125.9629,34.7908],[125.9634,34.7887],[125.9647,34.7881],[125.9635,34.7866],[125.9615,34.7861],[125.9603,34.7883],[125.9588,34.7889],[125.9568,34.7879],[125.9553,34.7881],[125.9554,34.7895],[125.9516,34.7889],[125.9507,34.7879],[125.9528,34.7841],[125.9483,34.7813],[125.9364,34.7763],[125.9288,34.775],[125.9279,34.776],[125.9263,34.776],[125.9247,34.7754],[125.925,34.7749],[125.9175,34.7769],[125.9175,34.7804],[125.915,34.7804],[125.9145,34.7797],[125.9156,34.7764],[125.9111,34.776],[125.9087,34.7765],[125.9087,34.7791],[125.9105,34.7795],[125.9104,34.7803],[125.9069,34.7816],[125.9053,34.7786],[125.904,34.7785],[125.9017,34.7788],[125.9019,34.7802],[125.8988,34.7812],[125.8978,34.7803],[125.8985,34.7783],[125.8971,34.7738],[125.8956,34.7718],[125.8929,34.7713],[125.8887,34.7652],[125.8911,34.7616],[125.8932,34.7613],[125.8939,34.7599],[125.8936,34.7579],[125.8911,34.7579],[125.89,34.756],[125.8915,34.7464],[125.887,34.7384],[125.8895,34.7331],[125.889,34.7319],[125.8861,34.7305],[125.8871,34.73],[125.8918,34.7306],[125.8934,34.732],[125.8957,34.7286],[125.8937,34.727],[125.8942,34.7262],[125.8985,34.7259],[125.8995,34.7247],[125.9028,34.7254],[125.903,34.7215],[125.9014,34.7192],[125.9058,34.7181],[125.9063,34.7164],[125.9097,34.7156],[125.9198,34.715],[125.9244,34.7159],[125.9271,34.7165],[125.9273,34.7184],[125.9385,34.7192],[125.9424,34.7214],[125.9442,34.7302],[125.9511,34.7324],[125.9509,34.7342],[125.9455,34.7371],[125.9472,34.739],[125.946,34.7445],[125.9422,34.7454],[125.9409,34.7497],[125.939,34.7499],[125.9415,34.7527],[125.945,34.7521],[125.9548,34.7525],[125.9578,34.7512],[125.9593,34.7494],[125.9595,34.7475],[125.9612,34.7466],[125.9627,34.7468],[125.9634,34.7519],[125.9644,34.7525],[125.9771,34.7525],[125.9814,34.7552],[125.9845,34.7601],[125.9892,34.762],[125.9896,34.7561],[125.992,34.7552],[125.9986,34.7599],[126.0002,34.7621],[126.001,34.773],[126.0,34.7752],[125.9987,34.7749],[125.9981,34.7737],[125.997,34.7743],[125.9958,34.7766],[125.9957,34.7798],[125.9977,34.7811],[125.9975,34.786],[126.0005,34.7886],[126.0013,34.7932],[125.9971,34.8047]]],[[[126.1619,35.1436],[126.1645,35.1443],[126.1649,35.1459],[126.1575,35.1478],[126.1532,35.148],[126.1456,35.1465],[126.1414,35.1432],[126.1357,35.1452],[126.1334,35.1439],[126.1279,35.1433],[126.118,35.1429],[126.1132,35.1438],[126.1127,35.1403],[126.1139,35.1386],[126.1091,35.1327],[126.1064,35.1312],[126.1003,35.132],[126.0999,35.1305],[126.101,35.128],[126.0979,35.1239],[126.0848,35.1116],[126.0711,35.1047],[126.0673,35.1039],[126.0621,35.1053],[126.0546,35.1037],[126.0512,35.1046],[126.0484,35.1026],[126.0508,35.0983],[126.0511,35.0939],[126.0458,35.0914],[126.0453,35.0874],[126.0428,35.0869],[126.0415,35.0853],[126.0429,35.0808],[126.0407,35.0784],[126.0457,35.0774],[126.0458,35.0735],[126.045,35.0714],[126.0427,35.0702],[126.0403,35.0711],[126.0371,35.0711],[126.0375,35.0676],[126.0367,35.0651],[126.0408,35.0646],[126.0432,35.0668],[126.0464,35.0647],[126.0479,35.0627],[126.048,35.0611],[126.0533,35.061],[126.0561,35.0631],[126.0587,35.0619],[126.0585,35.0597],[126.0566,35.0582],[126.0565,35.0565],[126.0635,35.0551],[126.0657,35.0562],[126.0631,35.0587],[126.0641,35.0649],[126.0654,35.0661],[126.0682,35.0659],[126.0743,35.0672],[126.0746,35.0635],[126.0726,35.0598],[126.0757,35.0572],[126.0758,35.0535],[126.0781,35.0525],[126.0836,35.0535],[126.0833,35.0519],[126.0866,35.0513],[126.0907,35.0521],[126.0946,35.0492],[126.0949,35.0477],[126.0968,35.0471],[126.1016,35.0467],[126.1029,35.0475],[126.1026,35.0498],[126.1049,35.0502],[126.1072,35.0489],[126.1086,35.049],[126.1082,35.0511],[126.1052,35.0551],[126.1059,35.0568],[126.1112,35.0585],[126.1162,35.0582],[126.1186,35.0613],[126.1157,35.0664],[126.1234,35.0758],[126.1227,35.0798],[126.1243,35.0809],[126.1222,35.0856],[126.1236,35.0866],[126.1236,35.0918],[126.1232,35.0941],[126.121,35.0966],[126.1205,35.0995],[126.1217,35.1031],[126.1237,35.1044],[126.1253,35.1078],[126.128,35.1162],[126.1325,35.1234],[126.139,35.1315],[126.1453,35.1374],[126.1521,35.1397],[126.1575,35.1405],[126.1619,35.1436]]],[[[126.3034,34.9192],[126.3001,34.9215],[126.2964,34.922],[126.2909,34.9175],[126.2884,34.9171],[126.2839,34.9145],[126.2817,34.9127],[126.2805,34.9104],[126.2806,34.9097],[126.2911,34.9013],[126.2952,34.9015],[126.2955,34.9],[126.3031,34.8905],[126.3037,34.8872],[126.297,34.8825],[126.2926,34.8813],[126.2894,34.8824],[126.2889,34.8854],[126.2865,34.8871],[126.2819,34.8873],[126.2804,34.8865],[126.2815,34.8853],[126.2811,34.8823],[126.28,34.8816],[126.2787,34.8781],[126.2782,34.8732],[126.281,34.8711],[126.2816,34.8676],[126.2793,34.8634],[126.278,34.8636],[126.2782,34.865],[126.2752,34.8654],[126.2749,34.864],[126.2739,34.8641],[126.2715,34.8714],[126.2694,34.8729],[126.2682,34.8716],[126.2678,34.8673],[126.2642,34.8593],[126.2566,34.8585],[126.2434,34.8587],[126.2377,34.8611],[126.2362,34.8639],[126.2329,34.8648],[126.2304,34.8576],[126.2282,34.8549],[126.2289,34.8528],[126.2278,34.8499],[126.2264,34.8492],[126.2266,34.8475],[126.231,34.8486],[126.2409,34.8477],[126.2472,34.845],[126.2551,34.8402],[126.2566,34.8408],[126.2622,34.8401],[126.2656,34.8415],[126.2724,34.8478],[126.2741,34.8531],[126.2766,34.8557],[126.2915,34.855],[126.2939,34.8518],[126.2956,34.8514],[126.3022,34.854],[126.3126,34.8533],[126.3145,34.8497],[126.3147,34.8479],[126.3164,34.8461],[126.3206,34.8505],[126.3286,34.8511],[126.3343,34.8484],[126.3369,34.8444],[126.3358,34.8418],[126.3365,34.8396],[126.3393,34.8386],[126.3418,34.8424],[126.3439,34.8421],[126.3458,34.8354],[126.3436,34.833],[126.3369,34.8337],[126.3347,34.8301],[126.336,34.8268],[126.3336,34.825],[126.327,34.8249],[126.3266,34.8241],[126.3275,34.8216],[126.3316,34.8187],[126.3382,34.8162],[126.3397,34.8161],[126.3431,34.8185],[126.3463,34.8168],[126.3473,34.8143],[126.35,34.8135],[126.3511,34.8148],[126.3551,34.815],[126.3561,34.814],[126.3576,34.8146],[126.3577,34.8162],[126.3569,34.8169],[126.3583,34.8189],[126.3603,34.8194],[126.3612,34.8227],[126.3676,34.824],[126.3681,34.8257],[126.3674,34.8273],[126.3653,34.8281],[126.3658,34.8314],[126.3681,34.8326],[126.371,34.8321],[126.3731,34.8324],[126.3734,34.8331],[126.3714,34.839],[126.3706,34.8374],[126.3655,34.8362],[126.3656,34.84],[126.3679,34.8421],[126.3711,34.8421],[126.3716,34.8433],[126.3715,34.8474],[126.3703,34.8495],[126.3675,34.8518],[126.3675,34.853],[126.3691,34.8554],[126.3679,34.8575],[126.3668,34.8578],[126.366,34.8568],[126.3627,34.8565],[126.3578,34.8623],[126.3583,34.8626],[126.3543,34.8647],[126.3504,34.8631],[126.3385,34.8645],[126.3305,34.8618],[126.3245,34.8613],[126.321,34.8622],[126.3166,34.8647],[126.3154,34.8659],[126.3156,34.8666],[126.3175,34.8682],[126.3211,34.868],[126.3208,34.8714],[126.3257,34.8731],[126.3217,34.8742],[126.3213,34.8757],[126.3203,34.8762],[126.3144,34.8771],[126.313,34.879],[126.3171,34.883],[126.3195,34.8837],[126.3238,34.8816],[126.3266,34.8788],[126.3299,34.8793],[126.3265,34.8823],[126.3254,34.8902],[126.3264,34.8917],[126.3279,34.8901],[126.3313,34.8906],[126.3333,34.8892],[126.3328,34.8868],[126.3349,34.8866],[126.3361,34.887],[126.3366,34.8883],[126.3371,34.8934],[126.3402,34.8926],[126.3419,34.893],[126.343,34.8945],[126.3453,34.8944],[126.3483,34.8925],[126.3486,34.8876],[126.3495,34.8872],[126.3516,34.8912],[126.3517,34.8984],[126.3435,34.8998],[126.3406,34.9016],[126.3384,34.9051],[126.3385,34.9079],[126.3356,34.9092],[126.3303,34.9097],[126.3192,34.9132],[126.3191,34.9119],[126.3211,34.9102],[126.3211,34.9077],[126.3178,34.9064],[126.3115,34.9089],[126.3058,34.9134],[126.3044,34.9156],[126.3062,34.9173],[126.3054,34.9195],[126.3045,34.9199],[126.3034,34.9192]]],[[[125.9687,34.7276],[125.9675,34.7321],[125.965,34.7354],[125.9608,34.7375],[125.9579,34.7321],[125.9475,34.7224],[125.9453,34.7182],[125.9461,34.7174],[125.9463,34.7144],[125.9409,34.7137],[125.9385,34.7147],[125.9372,34.7162],[125.934,34.7157],[125.9281,34.7129],[125.9159,34.7112],[125.9152,34.7103],[125.9169,34.7074],[125.9168,34.7057],[125.9142,34.7036],[125.9149,34.7014],[125.9163,34.7005],[125.9152,34.6971],[125.9139,34.6962],[125.9153,34.6928],[125.9142,34.6886],[125.9144,34.6853],[125.9168,34.6852],[125.9153,34.6812],[125.9156,34.6773],[125.9194,34.6765],[125.9194,34.6789],[125.9222,34.679],[125.9224,34.6768],[125.9205,34.6765],[125.9202,34.6753],[125.9204,34.6714],[125.9213,34.6704],[125.9229,34.6714],[125.9245,34.6708],[125.9253,34.6683],[125.9264,34.6693],[125.9258,34.6722],[125.928,34.6773],[125.9322,34.6774],[125.9333,34.6768],[125.9325,34.6753],[125.9355,34.6733],[125.9345,34.6717],[125.9321,34.6715],[125.9311,34.6701],[125.9313,34.6688],[125.9322,34.6676],[125.9338,34.6674],[125.9356,34.6683],[125.9376,34.6675],[125.9403,34.6632],[125.9418,34.6637],[125.9421,34.6665],[125.9445,34.6656],[125.9503,34.6678],[125.9507,34.6693],[125.9492,34.6696],[125.9494,34.6713],[125.951,34.672],[125.9537,34.6718],[125.9563,34.6697],[125.9568,34.6683],[125.9561,34.6659],[125.9546,34.6651],[125.9536,34.6611],[125.9542,34.6584],[125.9566,34.6573],[125.9653,34.6564],[125.976,34.6591],[125.9794,34.6619],[125.9812,34.6639],[125.9802,34.6658],[125.9781,34.6669],[125.9799,34.6698],[125.9804,34.6726],[125.984,34.6741],[125.9883,34.6732],[125.9888,34.6754],[125.988,34.6782],[125.9919,34.6795],[125.9944,34.6791],[125.9987,34.6824],[126.0084,34.6844],[126.0113,34.6899],[126.0114,34.6912],[126.0103,34.6923],[126.0107,34.6956],[126.0122,34.6979],[126.0146,34.6983],[126.015,34.7011],[126.0147,34.7031],[126.0135,34.7039],[126.0086,34.7038],[126.009,34.7064],[126.0147,34.7104],[126.0091,34.7193],[126.0105,34.7215],[126.0031,34.7257],[126.0018,34.7289],[125.9993,34.7315],[125.9943,34.732],[125.991,34.7311],[125.9903,34.7297],[125.9919,34.7265],[125.9978,34.7246],[125.9997,34.725],[126.0015,34.7226],[126.0047,34.7205],[125.9973,34.7191],[125.998,34.7058],[125.9914,34.7111],[125.9935,34.7127],[125.9917,34.7196],[125.9813,34.7226],[125.9793,34.7203],[125.9789,34.7184],[125.977,34.7188],[125.9763,34.7214],[125.9722,34.7265],[125.9699,34.7262],[125.9687,34.7276]]],[[[126.1448,35.026],[126.1326,35.0273],[126.1315,35.0269],[126.1324,35.0243],[126.1316,35.0236],[126.1308,35.0237],[126.1287,35.027],[126.1265,35.0269],[126.1204,35.0214],[126.1147,35.0184],[126.1128,35.0149],[126.1152,35.0113],[126.1138,35.0098],[126.1126,35.0093],[126.1099,35.0103],[126.1083,35.0095],[126.1075,35.0081],[126.1089,35.0064],[126.1076,35.0055],[126.1034,35.0061],[126.1024,35.0082],[126.1002,35.008],[126.0971,34.9998],[126.1009,35.0004],[126.1029,34.9998],[126.1042,34.998],[126.1046,34.9941],[126.1076,34.9942],[126.1066,34.9959],[126.1073,34.9966],[126.113,34.997],[126.1126,34.9933],[126.1128,34.9926],[126.1138,34.9925],[126.1158,34.9955],[126.1191,34.9963],[126.1201,34.9957],[126.1223,34.9972],[126.1225,34.9997],[126.1279,34.9996],[126.1306,35.0011],[126.1332,35.0014],[126.1344,35.0002],[126.1362,34.9973],[126.1332,34.9895],[126.1333,34.9841],[126.1351,34.9776],[126.1352,34.9675],[126.1322,34.9656],[126.1304,34.9606],[126.1235,34.9509],[126.124,34.946],[126.1261,34.942],[126.1287,34.9445],[126.1362,34.9456],[126.1384,34.9469],[126.1407,34.9471],[126.1403,34.9443],[126.1447,34.9414],[126.158,34.9379],[126.1723,34.944],[126.1696,34.9444],[126.1694,34.9475],[126.1702,34.948],[126.1746,34.946],[126.1786,34.9541],[126.1854,34.9736],[126.1879,34.977],[126.1877,34.9865],[126.1865,34.9896],[126.1832,34.9936],[126.1768,34.9937],[126.179,34.9966],[126.1823,34.995],[126.1819,34.9973],[126.1719,35.0138],[126.1652,35.0227],[126.1574,35.0263],[126.1448,35.026]]],[[[126.1158,34.8822],[126.1147,34.8831],[126.1091,34.8802],[126.1082,34.8777],[126.1104,34.8752],[126.1124,34.8748],[126.111,34.871],[126.109,34.8685],[126.1102,34.8649],[126.1162,34.8582],[126.1188,34.8587],[126.1201,34.8578],[126.1153,34.8509],[126.1083,34.8501],[126.1055,34.8515],[126.1022,34.8515],[126.0922,34.8554],[126.0891,34.8586],[126.089,34.8604],[126.0873,34.861],[126.0811,34.858],[126.0796,34.8548],[126.0752,34.8511],[126.073,34.8505],[126.0719,34.8515],[126.0656,34.85],[126.0584,34.8496],[126.0586,34.8481],[126.0613,34.8439],[126.071,34.8344],[126.0763,34.8281],[126.0761,34.8259],[126.0738,34.823],[126.083,34.8172],[126.0853,34.8165],[126.0886,34.8168],[126.0906,34.815],[126.0932,34.8079],[126.0953,34.8074],[126.0962,34.8053],[126.0956,34.8026],[126.0912,34.8014],[126.0939,34.7966],[126.1029,34.7978],[126.1144,34.8004],[126.119,34.8003],[126.1204,34.8028],[126.1184,34.8057],[126.1226,34.8104],[126.123,34.8125],[126.1209,34.8153],[126.1173,34.8169],[126.1147,34.826],[126.1186,34.8279],[126.1207,34.8302],[126.1205,34.8331],[126.1217,34.8344],[126.1246,34.8359],[126.1301,34.8323],[126.134,34.8312],[126.1365,34.8271],[126.1419,34.826],[126.1435,34.8241],[126.142,34.8278],[126.1407,34.8296],[126.139,34.8303],[126.1396,34.835],[126.1423,34.8353],[126.1438,34.837],[126.1486,34.839],[126.151,34.8437],[126.1511,34.8454],[126.1476,34.8485],[126.1445,34.8489],[126.1399,34.8523],[126.1366,34.8521],[126.1348,34.8529],[126.1335,34.8565],[126.1344,34.8612],[126.1353,34.8623],[126.1404,34.8617],[126.1439,34.86],[126.1498,34.8588],[126.1579,34.862],[126.1574,34.8659],[126.1548,34.8692],[126.1516,34.8705],[126.1453,34.8754],[126.146,34.879],[126.144,34.881],[126.1418,34.8817],[126.1401,34.8808],[126.1408,34.8781],[126.1398,34.8758],[126.1379,34.8752],[126.1336,34.8766],[126.1309,34.8805],[126.1278,34.8806],[126.1242,34.8792],[126.1177,34.8826],[126.1158,34.8822]]],[[[126.1475,34.674],[126.1427,34.6743],[126.1196,34.6658],[126.1174,34.6644],[126.1149,34.6599],[126.1137,34.6591],[126.1127,34.6534],[126.1114,34.6504],[126.1095,34.6495],[126.1082,34.6466],[126.1084,34.6454],[126.11,34.6442],[126.1115,34.6393],[126.1131,34.638],[126.1148,34.638],[126.1163,34.6334],[126.1191,34.6293],[126.1286,34.6209],[126.1237,34.6171],[126.1213,34.6162],[126.1216,34.6153],[126.1311,34.6129],[126.1319,34.6147],[126.1378,34.6158],[126.1383,34.6183],[126.1456,34.6187],[126.1503,34.6173],[126.1543,34.6184],[126.1619,34.6161],[126.1686,34.6191],[126.1695,34.6209],[126.1778,34.6202],[126.1785,34.6213],[126.1773,34.622],[126.1778,34.6235],[126.1879,34.6308],[126.1908,34.6322],[126.1961,34.6321],[126.2003,34.6347],[126.2026,34.6349],[126.2022,34.6404],[126.2013,34.6429],[126.1933,34.641],[126.1907,34.6392],[126.1861,34.6384],[126.1851,34.6388],[126.1852,34.6401],[126.1881,34.6405],[126.1872,34.6427],[126.1853,34.6435],[126.185,34.6454],[126.1884,34.6499],[126.1873,34.653],[126.1858,34.6526],[126.1837,34.6548],[126.1833,34.6562],[126.1851,34.6606],[126.1844,34.6624],[126.1774,34.6626],[126.1745,34.6643],[126.1711,34.6644],[126.1639,34.6687],[126.1631,34.6703],[126.1594,34.6708],[126.157,34.6719],[126.1562,34.6731],[126.1475,34.674]]],[[[126.0833,34.6137],[126.0835,34.6183],[126.079,34.6213],[126.0806,34.6216],[126.0787,34.6245],[126.069,34.6318],[126.0693,34.6345],[126.0685,34.6353],[126.0584,34.6342],[126.0541,34.6309],[126.0516,34.6306],[126.0492,34.6289],[126.0483,34.6224],[126.0494,34.619],[126.0459,34.6092],[126.0479,34.6085],[126.0552,34.6105],[126.0639,34.608],[126.0665,34.6044],[126.0682,34.6003],[126.0676,34.594],[126.0731,34.5882],[126.0739,34.5832],[126.0799,34.5831],[126.0808,34.5815],[126.0804,34.5783],[126.0763,34.5737],[126.0727,34.5738],[126.0706,34.5724],[126.0706,34.5716],[126.0726,34.571],[126.0648,34.5614],[126.0548,34.5627],[126.0513,34.5647],[126.046,34.5655],[126.0372,34.5653],[126.031,34.5627],[126.0257,34.5559],[126.0273,34.5488],[126.029,34.5492],[126.0297,34.5519],[126.0317,34.5528],[126.033,34.551],[126.0324,34.55],[126.0342,34.5499],[126.0385,34.5578],[126.0417,34.5572],[126.0433,34.5554],[126.0487,34.5545],[126.0521,34.5549],[126.0523,34.5559],[126.0555,34.556],[126.0583,34.5547],[126.0579,34.5495],[126.0562,34.5498],[126.0523,34.5489],[126.0487,34.5466],[126.0445,34.5468],[126.045,34.5425],[126.0475,34.5413],[126.047,34.539],[126.0372,34.5383],[126.0369,34.5399],[126.035,34.5425],[126.0293,34.5441],[126.0279,34.5431],[126.0274,34.5394],[126.025,34.5357],[126.0252,34.5344],[126.0316,34.5307],[126.0325,34.5322],[126.0404,34.5338],[126.041,34.5313],[126.0431,34.5304],[126.0567,34.5305],[126.0574,34.5308],[126.0575,34.5337],[126.0607,34.5326],[126.0648,34.5342],[126.0627,34.5365],[126.0623,34.5392],[126.0635,34.5396],[126.0644,34.5378],[126.0668,34.5371],[126.0693,34.5384],[126.0781,34.5401],[126.0867,34.5463],[126.0857,34.5527],[126.0831,34.5535],[126.0829,34.5551],[126.089,34.5543],[126.0907,34.5554],[126.0934,34.5551],[126.0993,34.5544],[126.0998,34.5528],[126.1011,34.5531],[126.1024,34.5551],[126.1023,34.5589],[126.0979,34.5672],[126.0935,34.5696],[126.0962,34.5739],[126.1022,34.5731],[126.1028,34.5737],[126.1041,34.5763],[126.0996,34.5788],[126.0995,34.58],[126.1023,34.58],[126.1032,34.5783],[126.105,34.5787],[126.1056,34.5795],[126.103,34.5824],[126.1033,34.5832],[126.1051,34.5846],[126.1069,34.584],[126.1093,34.5852],[126.1113,34.5876],[126.1114,34.5891],[126.1073,34.59],[126.1039,34.5918],[126.1034,34.593],[126.1048,34.5942],[126.1047,34.5958],[126.0992,34.5967],[126.0993,34.6002],[126.1034,34.6049],[126.0996,34.6093],[126.0957,34.6085],[126.0946,34.6071],[126.0901,34.6078],[126.0875,34.6091],[126.0833,34.6137]]],[[[125.4422,34.7005],[125.4424,34.7025],[125.4399,34.703],[125.4391,34.7013],[125.4373,34.7001],[125.433,34.7002],[125.4305,34.6978],[125.4253,34.699],[125.4253,34.698],[125.4226,34.6979],[125.4177,34.6993],[125.413,34.6985],[125.4073,34.6956],[125.4058,34.6892],[125.4078,34.6877],[125.4078,34.6856],[125.4056,34.6834],[125.4044,34.6789],[125.3981,34.677],[125.3959,34.6722],[125.395,34.668],[125.397,34.6641],[125.3955,34.6625],[125.3897,34.6616],[125.3869,34.659],[125.3864,34.654],[125.3893,34.6514],[125.3948,34.6493],[125.3967,34.6504],[125.3981,34.6472],[125.3951,34.6475],[125.3845,34.6438],[125.3886,34.6361],[125.3887,34.6332],[125.3929,34.6282],[125.4029,34.6228],[125.4138,34.6224],[125.4153,34.6262],[125.4152,34.6296],[125.4136,34.633],[125.4148,34.6385],[125.416,34.6396],[125.4205,34.6397],[125.4217,34.6426],[125.4303,34.6437],[125.4309,34.6469],[125.4279,34.6529],[125.4274,34.6587],[125.4354,34.6575],[125.4449,34.6629],[125.4464,34.6668],[125.4467,34.6708],[125.4482,34.6735],[125.4481,34.6806],[125.4513,34.6811],[125.4538,34.6848],[125.4577,34.6812],[125.461,34.6813],[125.4657,34.6873],[125.4654,34.6934],[125.4631,34.6952],[125.458,34.6946],[125.4547,34.6968],[125.4521,34.6958],[125.4511,34.6946],[125.4523,34.6925],[125.4522,34.6911],[125.451,34.6911],[125.4465,34.6946],[125.4442,34.6941],[125.4443,34.6928],[125.4431,34.691],[125.4377,34.6894],[125.4382,34.6885],[125.4442,34.6882],[125.444,34.6868],[125.4411,34.6849],[125.4375,34.6852],[125.4366,34.6865],[125.4317,34.6856],[125.4301,34.6861],[125.432,34.6877],[125.4316,34.6886],[125.4294,34.6891],[125.4295,34.6902],[125.4316,34.6913],[125.4322,34.6954],[125.4334,34.6963],[125.437,34.6968],[125.4428,34.6958],[125.4436,34.6963],[125.4422,34.7005]]],[[[126.0487,34.6593],[126.0474,34.6614],[126.0489,34.6624],[126.0495,34.6668],[126.0488,34.6686],[126.0474,34.6694],[126.0446,34.6685],[126.0448,34.6661],[126.0459,34.6648],[126.0438,34.6617],[126.0437,34.66],[126.0425,34.6589],[126.0385,34.6584],[126.0353,34.6549],[126.0321,34.6489],[126.0282,34.6469],[126.029,34.6417],[126.0283,34.6359],[126.0257,34.6342],[126.0155,34.6356],[126.0128,34.6343],[126.0098,34.6314],[126.0097,34.6291],[126.0108,34.6279],[126.0129,34.6213],[126.0148,34.6205],[126.0165,34.6176],[126.0122,34.6087],[126.0107,34.6076],[126.0109,34.605],[126.0142,34.6024],[126.0125,34.5988],[126.0109,34.5974],[126.0109,34.5963],[126.0118,34.5953],[126.0146,34.5957],[126.0169,34.5995],[126.0195,34.6002],[126.0236,34.5974],[126.0264,34.5929],[126.0263,34.5914],[126.0243,34.5898],[126.0197,34.5895],[126.0148,34.5859],[126.0131,34.5874],[126.0126,34.5893],[126.0115,34.5893],[126.0148,34.5836],[126.017,34.583],[126.0191,34.5755],[126.0211,34.5737],[126.02,34.5726],[126.0175,34.5719],[126.0185,34.5655],[126.0195,34.5636],[126.0266,34.5639],[126.0297,34.5653],[126.0301,34.5688],[126.0317,34.5721],[126.0367,34.5723],[126.0391,34.5707],[126.0412,34.5678],[126.0454,34.5686],[126.0456,34.5702],[126.0469,34.5711],[126.052,34.5697],[126.0529,34.568],[126.0561,34.568],[126.0612,34.5719],[126.0653,34.5829],[126.0617,34.5867],[126.0615,34.5917],[126.0631,34.5922],[126.063,34.5939],[126.0605,34.5953],[126.0579,34.5982],[126.0565,34.6026],[126.0551,34.6048],[126.0544,34.605],[126.0522,34.6025],[126.0463,34.6027],[126.0434,34.6046],[126.0403,34.6052],[126.0388,34.6068],[126.037,34.6112],[126.0374,34.6149],[126.0421,34.6191],[126.0409,34.6319],[126.0425,34.6288],[126.0437,34.6289],[126.0513,34.6408],[126.0532,34.6531],[126.0515,34.6547],[126.0508,34.6577],[126.0487,34.6593]]],[[[126.1703,34.8032],[126.1656,34.8173],[126.1656,34.821],[126.1602,34.8241],[126.1581,34.8243],[126.1529,34.8194],[126.1524,34.8173],[126.15,34.8142],[126.1458,34.8127],[126.1442,34.8097],[126.1364,34.802],[126.1328,34.7997],[126.1261,34.7979],[126.1233,34.7983],[126.1194,34.7958],[126.1174,34.7929],[126.1163,34.7928],[126.114,34.795],[126.1084,34.7922],[126.0998,34.7926],[126.0955,34.79],[126.0938,34.7898],[126.0869,34.7926],[126.0838,34.7922],[126.0814,34.7887],[126.0827,34.7867],[126.0845,34.7887],[126.0866,34.7861],[126.0916,34.7856],[126.0936,34.7825],[126.0995,34.7777],[126.1047,34.7768],[126.1126,34.777],[126.1142,34.7791],[126.1235,34.7795],[126.1285,34.7734],[126.1308,34.7722],[126.1306,34.7689],[126.1358,34.7623],[126.1402,34.7606],[126.1607,34.7608],[126.1696,34.7578],[126.1725,34.759],[126.175,34.7622],[126.1752,34.7677],[126.1748,34.775],[126.1738,34.7777],[126.1754,34.7849],[126.1752,34.787],[126.1745,34.7887],[126.1695,34.789],[126.1692,34.7898],[126.1713,34.7953],[126.1703,34.8032]]],[[[126.2147,34.9864],[126.2071,34.9861],[126.2041,34.9833],[126.2009,34.9776],[126.2002,34.9733],[126.199,34.972],[126.1978,34.9674],[126.1948,34.9643],[126.1935,34.9591],[126.188,34.9461],[126.1881,34.9433],[126.1895,34.9421],[126.1905,34.9387],[126.1902,34.9322],[126.1912,34.9307],[126.1929,34.9222],[126.1885,34.9225],[126.1877,34.922],[126.1879,34.9204],[126.1884,34.9187],[126.1947,34.9148],[126.1994,34.916],[126.2012,34.9179],[126.2016,34.9202],[126.2037,34.9234],[126.208,34.9267],[126.211,34.9317],[126.2145,34.9334],[126.2146,34.935],[126.2127,34.9366],[126.2164,34.952],[126.218,34.9559],[126.2223,34.962],[126.2268,34.9651],[126.2275,34.9678],[126.2273,34.9738],[126.2306,34.9799],[126.2292,34.9847],[126.2269,34.9861],[126.2191,34.9848],[126.2147,34.9864]]],[[[126.1552,35.0561],[126.1457,35.0591],[126.1441,35.0589],[126.1428,35.0562],[126.1405,35.0552],[126.1373,35.0577],[126.1335,35.0517],[126.1312,35.0509],[126.1299,35.0521],[126.1265,35.0478],[126.1354,35.0478],[126.1367,35.0473],[126.1378,35.0453],[126.1361,35.0437],[126.1335,35.0429],[126.1336,35.0419],[126.1379,35.0409],[126.14,35.042],[126.1461,35.0382],[126.1486,35.0336],[126.157,35.0334],[126.1605,35.0324],[126.1629,35.0331],[126.1633,35.0354],[126.1671,35.0338],[126.1678,35.0325],[126.1667,35.0294],[126.1656,35.0291],[126.1696,35.0246],[126.1708,35.0249],[126.1705,35.027],[126.1756,35.0263],[126.1803,35.0264],[126.1825,35.0272],[126.1852,35.0235],[126.1837,35.0228],[126.1838,35.0214],[126.1906,35.019],[126.1922,35.0191],[126.1933,35.0169],[126.1936,35.0145],[126.1901,35.0141],[126.1901,35.0074],[126.1912,35.0072],[126.1957,35.0102],[126.1971,35.0193],[126.1952,35.028],[126.1965,35.0306],[126.1998,35.0313],[126.2011,35.0384],[126.2004,35.0397],[126.1924,35.0449],[126.1913,35.0446],[126.1916,35.0432],[126.1887,35.0418],[126.1857,35.0424],[126.1806,35.0476],[126.1816,35.0491],[126.18,35.0522],[126.1786,35.0516],[126.1756,35.052],[126.1697,35.0558],[126.1633,35.0561],[126.1605,35.0556],[126.1593,35.0546],[126.1552,35.0561]]],[[[125.1028,34.0959],[125.0955,34.0968],[125.0928,34.0992],[125.0904,34.0997],[125.089,34.0989],[125.0927,34.0956],[125.096,34.0954],[125.0963,34.0932],[125.0938,34.0874],[125.0935,34.0793],[125.0943,34.0774],[125.0934,34.0741],[125.0837,34.0768],[125.082,34.076],[125.082,34.0746],[125.0898,34.0703],[125.0945,34.0689],[125.0973,34.0696],[125.1017,34.069],[125.1124,34.0628],[125.1156,34.0512],[125.1222,34.0467],[125.1263,34.047],[125.1313,34.0487],[125.1347,34.0465],[125.1378,34.0479],[125.1361,34.0495],[125.1448,34.0495],[125.1459,34.0527],[125.1439,34.0557],[125.1388,34.0614],[125.1354,34.0617],[125.1314,34.0649],[125.121,34.0774],[125.1209,34.0834],[125.124,34.0858],[125.1239,34.088],[125.1179,34.0873],[125.115,34.0881],[125.1112,34.0949],[125.1073,34.0966],[125.1057,34.0952],[125.1028,34.0959]]],[[[125.8539,34.619],[125.854,34.6202],[125.8564,34.621],[125.8582,34.6227],[125.8565,34.6294],[125.8549,34.6306],[125.8467,34.6299],[125.8452,34.6283],[125.8459,34.6264],[125.8326,34.6217],[125.8307,34.619],[125.8209,34.6147],[125.8177,34.6155],[125.8173,34.6171],[125.8121,34.6218],[125.803,34.6236],[125.8007,34.6208],[125.8032,34.6193],[125.8144,34.616],[125.8139,34.6147],[125.8109,34.6142],[125.8105,34.6121],[125.8126,34.6097],[125.8225,34.6113],[125.8255,34.6095],[125.8262,34.607],[125.8224,34.6043],[125.8153,34.6044],[125.8106,34.6027],[125.8102,34.5998],[125.8111,34.596],[125.8183,34.5928],[125.8222,34.594],[125.8243,34.5968],[125.8254,34.5999],[125.8293,34.6012],[125.8422,34.5969],[125.8459,34.5996],[125.8468,34.6015],[125.8614,34.6041],[125.8627,34.6054],[125.8587,34.6186],[125.8571,34.6196],[125.8539,34.619]]],[[[126.1993,34.6949],[126.2,34.6965],[126.2038,34.7001],[126.2027,34.7025],[126.1975,34.7044],[126.1956,34.7059],[126.1951,34.7081],[126.1936,34.7098],[126.1915,34.7098],[126.1884,34.7034],[126.1807,34.7001],[126.177,34.6946],[126.1749,34.6944],[126.1741,34.6962],[126.1714,34.6977],[126.1691,34.6973],[126.1595,34.6935],[126.1558,34.6905],[126.154,34.6874],[126.156,34.6836],[126.1579,34.6836],[126.1615,34.6858],[126.1609,34.68],[126.167,34.6799],[126.1739,34.6731],[126.1811,34.6727],[126.1849,34.674],[126.1892,34.6769],[126.1966,34.6834],[126.2013,34.6903],[126.1993,34.6949]]],[[[125.2071,34.6853],[125.2132,34.6954],[125.2155,34.7052],[125.2124,34.7067],[125.2114,34.7092],[125.2131,34.7155],[125.2085,34.7169],[125.2067,34.7165],[125.2066,34.714],[125.1993,34.7107],[125.1984,34.7085],[125.1994,34.7075],[125.1996,34.7043],[125.1919,34.6938],[125.192,34.6865],[125.1885,34.6847],[125.1843,34.6885],[125.1826,34.6884],[125.1832,34.6846],[125.1808,34.6833],[125.1783,34.6831],[125.1773,34.6803],[125.1783,34.6764],[125.1765,34.6749],[125.1732,34.6753],[125.1726,34.6735],[125.176,34.6722],[125.178,34.67],[125.1792,34.6657],[125.181,34.6645],[125.1845,34.6657],[125.1885,34.6641],[125.1888,34.6687],[125.1903,34.6724],[125.1931,34.6704],[125.1957,34.6705],[125.1977,34.6729],[125.1984,34.6751],[125.196,34.6756],[125.1938,34.6794],[125.1954,34.6823],[125.1994,34.6827],[125.1997,34.6811],[125.2023,34.6795],[125.2071,34.6853]]],[[[126.0814,34.6886],[126.0795,34.6917],[126.0724,34.6879],[126.0682,34.6873],[126.0641,34.6839],[126.067,34.6812],[126.0661,34.6805],[126.0633,34.6807],[126.0625,34.6799],[126.0626,34.6755],[126.066,34.6698],[126.0642,34.6682],[126.0637,34.6549],[126.0648,34.6513],[126.0698,34.6434],[126.0737,34.6441],[126.0791,34.6434],[126.0798,34.6525],[126.083,34.6574],[126.0857,34.6583],[126.0865,34.669],[126.0848,34.674],[126.0835,34.6844],[126.0814,34.6886]]],[[[126.2386,34.933],[126.2341,34.9365],[126.2299,34.9377],[126.227,34.9372],[126.2239,34.9307],[126.2195,34.9241],[126.2204,34.9181],[126.2236,34.9149],[126.2341,34.9094],[126.238,34.9102],[126.2398,34.9132],[126.2389,34.9141],[126.2397,34.9149],[126.2458,34.9171],[126.2485,34.9176],[126.2499,34.9148],[126.2551,34.9134],[126.2552,34.9145],[126.2523,34.9159],[126.2514,34.9204],[126.2522,34.9276],[126.2541,34.9304],[126.2539,34.933],[126.2521,34.935],[126.25,34.9352],[126.2432,34.9351],[126.2386,34.933]]],[[[126.2745,34.9694],[126.2736,34.9701],[126.2725,34.9692],[126.2668,34.9686],[126.2658,34.9693],[126.2633,34.9686],[126.263,34.9664],[126.2647,34.9638],[126.2637,34.962],[126.2584,34.9627],[126.2577,34.9622],[126.2588,34.9566],[126.2628,34.9518],[126.2647,34.953],[126.267,34.957],[126.2696,34.9576],[126.2718,34.9568],[126.2765,34.9479],[126.2775,34.9476],[126.2796,34.9487],[126.287,34.9424],[126.2871,34.9408],[126.2838,34.9396],[126.2814,34.9368],[126.281,34.9347],[126.2852,34.9339],[126.2861,34.9345],[126.2863,34.9366],[126.2879,34.937],[126.2931,34.9337],[126.2982,34.9334],[126.2976,34.9356],[126.3006,34.9383],[126.2979,34.9406],[126.2964,34.9434],[126.295,34.9499],[126.293,34.9521],[126.2887,34.9627],[126.2807,34.9647],[126.2802,34.9666],[126.2745,34.9694]]],[[[126.0205,34.7658],[126.0186,34.7674],[126.0169,34.7669],[126.0163,34.7591],[126.0113,34.7505],[126.0106,34.7451],[126.012,34.7405],[126.0121,34.734],[126.0133,34.7315],[126.0157,34.7293],[126.0182,34.7233],[126.03,34.7218],[126.0316,34.7229],[126.0317,34.7273],[126.029,34.7308],[126.0286,34.7341],[126.0252,34.7404],[126.0256,34.7422],[126.0291,34.7464],[126.03,34.7579],[126.0273,34.7646],[126.0223,34.7655],[126.021,34.7644],[126.0205,34.7658]]],[[[126.2519,35.0061],[126.2479,35.0074],[126.2465,35.0063],[126.2494,35.0046],[126.2518,35.0004],[126.2518,34.9973],[126.2505,34.996],[126.2509,34.9918],[126.2501,34.9834],[126.2506,34.9823],[126.2495,34.9805],[126.2455,34.9787],[126.2444,34.9754],[126.249,34.9729],[126.2511,34.9741],[126.2549,34.973],[126.2606,34.9757],[126.2677,34.9754],[126.2707,34.9761],[126.2713,34.9779],[126.271,34.9812],[126.2676,34.9862],[126.2682,34.9886],[126.2707,34.9907],[126.2702,34.994],[126.2686,34.9946],[126.2674,34.9933],[126.2653,34.9946],[126.2655,35.0008],[126.2618,35.0057],[126.2597,35.0064],[126.2519,35.0061]]],[[[125.9691,34.6385],[125.9697,34.6402],[125.9687,34.6416],[125.9673,34.6416],[125.9616,34.645],[125.9587,34.645],[125.956,34.6432],[125.954,34.6376],[125.9529,34.6368],[125.95,34.64],[125.9478,34.6397],[125.9465,34.6378],[125.9462,34.6343],[125.9535,34.6277],[125.9564,34.6231],[125.9601,34.6233],[125.9624,34.6284],[125.9647,34.6282],[125.9695,34.6231],[125.9702,34.62],[125.9715,34.6192],[125.9775,34.6189],[125.9793,34.6213],[125.9801,34.6258],[125.9794,34.6279],[125.9761,34.6302],[125.975,34.635],[125.9709,34.6358],[125.9691,34.6385]]],[[[125.9971,34.6306],[125.9962,34.632],[125.995,34.6322],[125.9931,34.6304],[125.9931,34.6239],[125.991,34.622],[125.9914,34.621],[125.9949,34.6207],[125.9985,34.6184],[125.9914,34.6188],[125.9877,34.6163],[125.987,34.6139],[125.9893,34.6121],[125.9892,34.6109],[125.9876,34.6105],[125.9864,34.6091],[125.9886,34.6077],[125.9902,34.6043],[125.993,34.6034],[125.9931,34.6067],[125.9944,34.6084],[125.9959,34.613],[125.9988,34.6115],[125.9967,34.608],[125.9974,34.6058],[126.0017,34.6065],[126.003,34.6086],[126.0099,34.6109],[126.0105,34.6166],[126.009,34.621],[126.0047,34.6269],[126.0039,34.6307],[126.0002,34.6321],[125.9983,34.6301],[125.9971,34.6306]]],[[[126.0221,35.0997],[126.0216,35.1021],[126.0155,35.1047],[126.0153,35.1031],[126.0175,35.1],[126.0123,35.0998],[126.01,35.0973],[126.01,35.0917],[126.0118,35.0863],[126.014,35.0857],[126.0156,35.0822],[126.0177,35.0822],[126.0188,35.0807],[126.0171,35.0785],[126.0188,35.0781],[126.0211,35.0799],[126.0234,35.0797],[126.0255,35.0764],[126.0269,35.0758],[126.0291,35.0777],[126.0287,35.0795],[126.0303,35.0833],[126.0299,35.0866],[126.0316,35.0901],[126.0358,35.0915],[126.0356,35.0937],[126.0347,35.0945],[126.0335,35.0942],[126.0311,35.0921],[126.029,35.0916],[126.0266,35.0936],[126.0231,35.0994],[126.0221,35.0997]]],[[[125.2934,34.3929],[125.2911,34.399],[125.287,34.4039],[125.284,34.4052],[125.2819,34.4048],[125.2815,34.4005],[125.285,34.3997],[125.2843,34.3983],[125.2854,34.394],[125.2888,34.3916],[125.2924,34.383],[125.2942,34.3798],[125.296,34.3784],[125.2977,34.3784],[125.2993,34.3795],[125.2997,34.3833],[125.3015,34.3854],[125.3031,34.3849],[125.3038,34.3823],[125.308,34.3801],[125.31,34.3802],[125.3147,34.3846],[125.3151,34.3874],[125.3131,34.3913],[125.3079,34.3928],[125.3048,34.3924],[125.3012,34.3972],[125.299,34.3978],[125.2985,34.3938],[125.2969,34.3929],[125.2934,34.3929]]],[[[125.4555,34.7433],[125.4545,34.7431],[125.4536,34.7416],[125.4542,34.7387],[125.4575,34.7357],[125.4612,34.7342],[125.4613,34.7324],[125.4578,34.7325],[125.4572,34.7321],[125.4582,34.7306],[125.4572,34.7297],[125.4535,34.7313],[125.4525,34.7295],[125.4528,34.7255],[125.451,34.7257],[125.4506,34.7285],[125.4485,34.7269],[125.4489,34.7246],[125.4539,34.7198],[125.4552,34.7195],[125.4577,34.7207],[125.4598,34.7192],[125.4596,34.7144],[125.4622,34.7119],[125.4662,34.7152],[125.4668,34.7177],[125.4646,34.7233],[125.4625,34.7223],[125.4612,34.7237],[125.4609,34.7246],[125.4624,34.7267],[125.4649,34.7273],[125.4669,34.7255],[125.4711,34.727],[125.4709,34.728],[125.4746,34.7281],[125.4755,34.7271],[125.4796,34.7261],[125.4804,34.7268],[125.48,34.7276],[125.478,34.7279],[125.4773,34.7291],[125.4779,34.7319],[125.4795,34.7325],[125.4798,34.7339],[125.4786,34.7348],[125.4752,34.7339],[125.4709,34.7341],[125.4647,34.7379],[125.4641,34.7394],[125.4626,34.7396],[125.4606,34.7383],[125.4597,34.7397],[125.4602,34.7407],[125.459,34.7422],[125.4562,34.7425],[125.4555,34.7433]]],[[[126.0509,34.8228],[126.049,34.825],[126.048,34.8282],[126.0441,34.8268],[126.0428,34.8254],[126.0451,34.823],[126.0452,34.8215],[126.044,34.8197],[126.0472,34.8165],[126.0498,34.8144],[126.0554,34.8141],[126.0562,34.8122],[126.0556,34.8113],[126.0566,34.809],[126.0646,34.8076],[126.0729,34.796],[126.0759,34.7942],[126.0778,34.7951],[126.0796,34.7983],[126.0762,34.8021],[126.0729,34.8118],[126.0709,34.8132],[126.0664,34.8132],[126.0626,34.8185],[126.0608,34.8185],[126.0593,34.8195],[126.0586,34.8219],[126.056,34.823],[126.053,34.8217],[126.0509,34.8228]]],[[[126.0563,34.763],[126.0581,34.7643],[126.0586,34.7662],[126.0572,34.7714],[126.0483,34.7665],[126.0476,34.7657],[126.0484,34.7646],[126.0461,34.7621],[126.0436,34.7617],[126.0411,34.7601],[126.0397,34.7565],[126.0404,34.7553],[126.0513,34.7502],[126.0596,34.7394],[126.0609,34.7419],[126.0604,34.7443],[126.061,34.7477],[126.0628,34.75],[126.0608,34.7513],[126.0604,34.7564],[126.0565,34.7598],[126.0558,34.7618],[126.0563,34.763]]],[[[125.3953,34.6974],[125.3963,34.6989],[125.3952,34.7001],[125.3937,34.6996],[125.3928,34.6975],[125.3908,34.6972],[125.3865,34.6985],[125.3858,34.6979],[125.3894,34.6936],[125.3896,34.6919],[125.3865,34.69],[125.3852,34.6876],[125.3825,34.6856],[125.3806,34.6854],[125.3795,34.6816],[125.3687,34.681],[125.3615,34.6765],[125.3602,34.6747],[125.3622,34.6699],[125.3647,34.6681],[125.3673,34.6676],[125.3686,34.6655],[125.3707,34.6657],[125.3747,34.6716],[125.3789,34.6752],[125.3798,34.6766],[125.3797,34.6789],[125.3808,34.6801],[125.3864,34.6815],[125.3896,34.6877],[125.3972,34.6926],[125.3967,34.6933],[125.3939,34.6928],[125.3937,34.6955],[125.3953,34.6974]]],[[[125.4795,34.6552],[125.4799,34.6578],[125.4789,34.6583],[125.4769,34.6546],[125.4743,34.655],[125.4733,34.6559],[125.4636,34.6562],[125.4636,34.6536],[125.4559,34.6486],[125.4554,34.6424],[125.4603,34.6412],[125.461,34.6387],[125.4653,34.6374],[125.4662,34.6377],[125.4671,34.6385],[125.466,34.6404],[125.4708,34.6414],[125.4718,34.6422],[125.4722,34.6453],[125.4745,34.6461],[125.478,34.6488],[125.4795,34.6552]]],[[[125.9765,34.6026],[125.9762,34.6043],[125.9739,34.605],[125.9723,34.6038],[125.9729,34.6029],[125.9726,34.6013],[125.9672,34.5978],[125.9654,34.5972],[125.9632,34.5987],[125.9586,34.5989],[125.9572,34.5981],[125.956,34.5952],[125.9577,34.5926],[125.9606,34.5943],[125.9695,34.5953],[125.9722,34.5952],[125.9728,34.5945],[125.9742,34.59],[125.9718,34.5886],[125.9691,34.589],[125.9669,34.5881],[125.9669,34.5865],[125.9699,34.5859],[125.971,34.5835],[125.9662,34.5808],[125.967,34.5792],[125.9701,34.5775],[125.9762,34.5779],[125.9796,34.5799],[125.9792,34.5836],[125.9767,34.5854],[125.9793,34.5882],[125.9789,34.5915],[125.976,34.5936],[125.9764,34.5955],[125.9772,34.5964],[125.9789,34.5961],[125.9861,34.601],[125.9859,34.6037],[125.9851,34.6042],[125.9814,34.6019],[125.9789,34.6021],[125.9754,34.6008],[125.9765,34.6026]]],[[[126.2025,35.1387],[126.204,35.1448],[126.2011,35.148],[126.1964,35.1476],[126.1831,35.1427],[126.1825,35.1414],[126.1848,35.1386],[126.1854,35.1356],[126.182,35.1343],[126.1815,35.1302],[126.1833,35.1299],[126.192,35.132],[126.193,35.1328],[126.1914,35.1335],[126.1924,35.1358],[126.196,35.1386],[126.1989,35.1379],[126.2002,35.1367],[126.2025,35.1387]]],[[[126.1784,34.9033],[126.175,34.9007],[126.1802,34.8916],[126.1778,34.889],[126.1726,34.8878],[126.1732,34.8863],[126.1753,34.8856],[126.1767,34.8821],[126.1756,34.8812],[126.1758,34.8804],[126.1771,34.8807],[126.1841,34.8871],[126.1887,34.8893],[126.1898,34.8948],[126.1885,34.8965],[126.1807,34.8988],[126.1801,34.8995],[126.1813,34.9016],[126.1801,34.9031],[126.1784,34.9033]]],[[[125.2961,34.4532],[125.2906,34.4526],[125.2872,34.4452],[125.2854,34.4443],[125.2829,34.4416],[125.2832,34.4388],[125.2785,34.4372],[125.2773,34.4352],[125.2827,34.434],[125.2899,34.4349],[125.2915,34.4386],[125.2943,34.439],[125.2961,34.4402],[125.2951,34.4505],[125.2961,34.4532]]],[[[126.2412,34.9558],[126.2387,34.958],[126.237,34.9543],[126.2327,34.9551],[126.2305,34.9527],[126.2301,34.9509],[126.2337,34.9499],[126.234,34.9474],[126.2329,34.9469],[126.2334,34.9464],[126.2407,34.944],[126.2437,34.9445],[126.2478,34.9471],[126.2488,34.9526],[126.2469,34.9546],[126.2417,34.9552],[126.2412,34.9558]]],[[[126.379,34.877],[126.3788,34.8787],[126.3782,34.8787],[126.3745,34.8767],[126.37,34.8778],[126.3675,34.8775],[126.3622,34.8751],[126.3593,34.8724],[126.3571,34.8668],[126.3573,34.8656],[126.3593,34.8645],[126.3668,34.8659],[126.3732,34.8727],[126.3775,34.8749],[126.379,34.877]]],[[[126.1443,35.0934],[126.1433,35.0937],[126.141,35.0925],[126.1342,35.0933],[126.1328,35.0922],[126.1315,35.0867],[126.1292,35.0848],[126.1298,35.083],[126.135,35.0826],[126.1348,35.0835],[126.1371,35.0846],[126.1412,35.0831],[126.1421,35.0819],[126.1442,35.0821],[126.1469,35.0837],[126.1473,35.0889],[126.1464,35.0917],[126.1443,35.0934]]],[[[125.288,34.4199],[125.291,34.4251],[125.2903,34.4268],[125.2857,34.4311],[125.2831,34.433],[125.2814,34.433],[125.2765,34.4306],[125.2758,34.4296],[125.2803,34.4235],[125.2809,34.418],[125.2856,34.4172],[125.288,34.4199]]],[[[126.1999,34.6267],[126.197,34.6278],[126.1928,34.627],[126.1938,34.6249],[126.1964,34.6241],[126.1983,34.6206],[126.2074,34.6201],[126.2129,34.6173],[126.216,34.6178],[126.2138,34.6203],[126.2151,34.6231],[126.2186,34.6237],[126.2192,34.6247],[126.2152,34.6261],[126.2024,34.6254],[126.1999,34.6267]]],[[[126.0195,34.6431],[126.018,34.6448],[126.0113,34.6454],[126.0062,34.6438],[126.0062,34.6426],[126.0079,34.6418],[126.0082,34.6403],[126.0032,34.6421],[126.0018,34.6407],[126.0024,34.6382],[126.0074,34.634],[126.0136,34.636],[126.0196,34.6391],[126.0201,34.6398],[126.0195,34.6431]]],[[[126.1209,34.6269],[126.1182,34.6291],[126.1151,34.6288],[126.1137,34.6277],[126.1144,34.6258],[126.1138,34.6248],[126.1081,34.6231],[126.1094,34.6189],[126.1238,34.6179],[126.1261,34.6189],[126.1266,34.6201],[126.1254,34.6223],[126.1209,34.6269]]],[[[125.4398,34.7428],[125.437,34.742],[125.4365,34.741],[125.4384,34.7385],[125.4363,34.7343],[125.44,34.7323],[125.4493,34.7322],[125.45,34.733],[125.4495,34.7365],[125.4511,34.7375],[125.4514,34.7387],[125.4469,34.7425],[125.4456,34.7419],[125.4441,34.7437],[125.4398,34.7428]]],[[[125.8796,34.61],[125.8759,34.6129],[125.874,34.6158],[125.8723,34.6164],[125.873,34.6121],[125.8766,34.6072],[125.8784,34.6057],[125.8794,34.6068],[125.8814,34.6065],[125.8905,34.5988],[125.8897,34.5964],[125.8919,34.5963],[125.8935,34.5997],[125.8933,34.6008],[125.8898,34.6037],[125.8872,34.6045],[125.8868,34.6052],[125.889,34.6062],[125.8872,34.6097],[125.8825,34.612],[125.8811,34.6111],[125.8814,34.6098],[125.8799,34.6094],[125.8796,34.61]]],[[[126.0875,34.634],[126.0866,34.6341],[126.0849,34.6381],[126.0792,34.6407],[126.0795,34.6431],[126.0715,34.6407],[126.0759,34.6337],[126.0816,34.6338],[126.0888,34.6293],[126.0889,34.6328],[126.0875,34.634]]],[[[126.3524,34.9096],[126.3518,34.9127],[126.3508,34.9105],[126.3451,34.9097],[126.3438,34.9076],[126.3439,34.906],[126.3487,34.9015],[126.3515,34.9005],[126.3537,34.9021],[126.3562,34.9068],[126.3535,34.9081],[126.3524,34.9096]]],[[[126.1952,34.5735],[126.1963,34.5738],[126.2002,34.5798],[126.2,34.5822],[126.1991,34.5828],[126.1948,34.5825],[126.1924,34.5801],[126.1926,34.5791],[126.1877,34.5763],[126.1875,34.5755],[126.1911,34.573],[126.1952,34.5735]]],[[[125.9107,34.7956],[125.9083,34.7955],[125.904,34.7902],[125.9042,34.7894],[125.9105,34.787],[125.9171,34.7917],[125.9173,34.7925],[125.9149,34.795],[125.9107,34.7956]]],[[[126.2075,35.1111],[126.21,35.1133],[126.2104,35.1152],[126.2069,35.1185],[126.2062,35.1209],[126.205,35.1217],[126.2,35.1171],[126.1996,35.115],[126.2028,35.1111],[126.2075,35.1111]]],[[[126.0002,34.5976],[126.0045,34.5984],[126.0067,34.5997],[126.008,34.6043],[126.0071,34.6069],[126.0057,34.6075],[126.0032,34.6063],[126.0024,34.6051],[126.0031,34.6036],[125.999,34.6022],[125.9973,34.6007],[125.9971,34.5979],[126.0002,34.5976]]],[[[125.4271,34.757],[125.4261,34.7566],[125.4279,34.7518],[125.4322,34.7486],[125.4385,34.7488],[125.4353,34.7541],[125.4271,34.757]]],[[[126.1519,34.563],[126.1557,34.5644],[126.1545,34.5679],[126.15,34.5706],[126.1467,34.5692],[126.1465,34.5634],[126.1496,34.5624],[126.1519,34.563]]],[[[126.0494,35.1108],[126.0481,35.1134],[126.0488,35.1158],[126.0481,35.1165],[126.0419,35.1132],[126.0426,35.111],[126.048,35.1088],[126.0483,35.1065],[126.0499,35.105],[126.052,35.1078],[126.0525,35.1099],[126.0494,35.1108]]],[[[126.1492,34.5808],[126.1463,34.5821],[126.1448,34.5819],[126.144,34.58],[126.1387,34.5816],[126.1371,34.5815],[126.1364,34.5801],[126.1404,34.5799],[126.143,34.5758],[126.1494,34.5757],[126.1492,34.5808]]],[[[125.469,34.2033],[125.4688,34.2054],[125.4712,34.2078],[125.4734,34.2115],[125.473,34.2128],[125.4708,34.2138],[125.4662,34.2117],[125.4669,34.2091],[125.4664,34.207],[125.4649,34.2057],[125.4671,34.2028],[125.4688,34.2027],[125.469,34.2033]]],[[[126.1911,34.9933],[126.1929,34.9936],[126.196,34.9962],[126.1908,35.003],[126.1884,35.0034],[126.1878,35.002],[126.1901,34.994],[126.1911,34.9933]]],[[[126.207,35.1222],[126.2084,35.1226],[126.2096,35.1266],[126.2035,35.1293],[126.1999,35.1284],[126.2038,35.1235],[126.207,35.1222]]],[[[126.2324,34.9956],[126.2339,34.9985],[126.2327,34.9996],[126.2328,35.0012],[126.2305,35.0024],[126.2272,35.001],[126.2259,34.9985],[126.2262,34.9963],[126.2324,34.9956]]],[[[126.1823,34.6181],[126.1811,34.6184],[126.1803,34.6139],[126.1823,34.611],[126.1841,34.6109],[126.1864,34.6123],[126.1871,34.6152],[126.1858,34.6176],[126.184,34.6185],[126.1823,34.6181]]],[[[125.4686,34.6964],[125.4692,34.6979],[125.4658,34.7025],[125.4625,34.7048],[125.4604,34.7046],[125.4605,34.7026],[125.4657,34.6967],[125.4686,34.6964]]],[[[125.8705,34.6025],[125.873,34.6065],[125.8715,34.612],[125.8695,34.6133],[125.8682,34.6109],[125.868,34.606],[125.8705,34.6025]]],[[[125.9233,35.0769],[125.924,35.0773],[125.9235,35.0801],[125.9211,35.0843],[125.9173,35.083],[125.9168,35.0802],[125.9197,35.0768],[125.9233,35.0769]]],[[[126.0596,35.1134],[126.0573,35.1141],[126.0568,35.1106],[126.0636,35.1062],[126.0645,35.1063],[126.066,35.1082],[126.0657,35.109],[126.0619,35.1119],[126.0611,35.1114],[126.0596,35.1134]]],[[[126.1689,34.8751],[126.1697,34.8773],[126.1692,34.8839],[126.166,34.8852],[126.1648,34.8846],[126.165,34.8815],[126.1674,34.875],[126.1689,34.8751]]],[[[126.1778,34.6123],[126.1804,34.6178],[126.1789,34.6188],[126.1735,34.6193],[126.1735,34.6159],[126.1758,34.6129],[126.1778,34.6123]]],[[[126.2535,34.9425],[126.256,34.9452],[126.2544,34.9495],[126.2522,34.9515],[126.2506,34.949],[126.2508,34.9431],[126.2535,34.9425]]],[[[125.9065,34.708],[125.9065,34.7121],[125.9045,34.7153],[125.9005,34.716],[125.902,34.7099],[125.903,34.7089],[125.9065,34.708]]],[[[126.0371,34.7376],[126.0346,34.7376],[126.0344,34.7359],[126.0406,34.7336],[126.044,34.7307],[126.0457,34.7326],[126.0409,34.7371],[126.0371,34.7376]]],[[[125.3028,34.4616],[125.3028,34.463],[125.3006,34.4642],[125.2989,34.4642],[125.2984,34.4616],[125.2959,34.4621],[125.2948,34.4615],[125.2953,34.4589],[125.2998,34.4582],[125.3032,34.4594],[125.3028,34.4616]]],[[[126.2192,34.8474],[126.2213,34.8478],[126.2235,34.8504],[126.2197,34.8525],[126.2149,34.8513],[126.2147,34.85],[126.216,34.8487],[126.2192,34.8474]]],[[[126.0126,34.6469],[126.0082,34.6517],[126.0064,34.6526],[126.0045,34.6524],[126.0061,34.648],[126.0084,34.6467],[126.0125,34.6463],[126.0126,34.6469]]],[[[126.168,34.9225],[126.1656,34.9236],[126.1661,34.9189],[126.1692,34.9163],[126.171,34.9168],[126.173,34.9188],[126.1712,34.9207],[126.1689,34.9205],[126.168,34.9225]]],[[[126.1141,34.6118],[126.1163,34.6133],[126.1159,34.6148],[126.1106,34.6151],[126.108,34.6139],[126.1085,34.6119],[126.1095,34.6111],[126.1141,34.6118]]],[[[126.2345,34.9723],[126.2368,34.9793],[126.2346,34.9824],[126.233,34.9753],[126.2335,34.9728],[126.2345,34.9723]]],[[[126.0015,34.588],[126.001,34.5913],[126.0002,34.5916],[126.0006,34.5931],[125.9951,34.5918],[125.9963,34.5888],[125.9983,34.5878],[126.001,34.5875],[126.0015,34.588]]],[[[126.3386,34.8098],[126.3418,34.8109],[126.3405,34.813],[126.3371,34.8149],[126.3337,34.8149],[126.3334,34.814],[126.3345,34.8127],[126.3386,34.8098]]],[[[126.1111,35.0283],[126.1064,35.0268],[126.1051,35.0254],[126.1079,35.0237],[126.1112,35.0243],[126.1133,35.0278],[126.1111,35.0283]]],[[[126.0362,34.672],[126.0344,34.6731],[126.0337,34.6723],[126.0333,34.6687],[126.0341,34.6675],[126.0367,34.6688],[126.0402,34.6688],[126.0391,34.6725],[126.0362,34.672]]],[[[125.3043,34.4637],[125.3058,34.4647],[125.3059,34.4682],[125.302,34.47],[125.3005,34.4687],[125.3027,34.4643],[125.3035,34.4634],[125.3043,34.4637]]],[[[125.9433,34.6305],[125.9431,34.6338],[125.9411,34.6362],[125.9405,34.636],[125.939,34.6311],[125.9412,34.6282],[125.9422,34.6281],[125.9433,34.6305]]],[[[126.3061,34.8378],[126.3088,34.8409],[126.3093,34.8428],[126.3065,34.8433],[126.3032,34.8412],[126.3041,34.8387],[126.3061,34.8378]]],[[[126.1967,35.0056],[126.2014,35.0061],[126.2003,35.0074],[126.2007,35.0093],[126.1988,35.0117],[126.1956,35.0079],[126.1953,35.0064],[126.1967,35.0056]]],[[[126.1063,34.8844],[126.1109,34.8849],[126.1118,34.8865],[126.1074,34.8895],[126.1048,34.8848],[126.1063,34.8844]]],[[[126.1199,34.885],[126.1243,34.8876],[126.1208,34.8889],[126.1164,34.8868],[126.1156,34.8857],[126.1171,34.8844],[126.1199,34.885]]],[[[126.1748,34.924],[126.177,34.9257],[126.1771,34.928],[126.1719,34.9269],[126.1709,34.9254],[126.1706,34.9231],[126.1718,34.9224],[126.1748,34.924]]],[[[126.0202,34.6646],[126.0217,34.6671],[126.0207,34.6692],[126.0154,34.6683],[126.0152,34.6665],[126.0189,34.6645],[126.0202,34.6646]]],[[[126.1262,35.0373],[126.1331,35.0395],[126.1326,35.042],[126.1259,35.0398],[126.1253,35.038],[126.1262,35.0373]]],[[[125.1896,34.7191],[125.1896,34.7201],[125.1882,34.7209],[125.1865,34.7181],[125.1901,34.713],[125.192,34.7158],[125.1897,34.7176],[125.1885,34.7175],[125.1896,34.7191]]],[[[125.4092,34.7155],[125.4068,34.7206],[125.4043,34.718],[125.4041,34.7167],[125.4057,34.7142],[125.4092,34.7155]]],[[[126.0144,34.6831],[126.0156,34.6858],[126.014,34.6871],[126.0103,34.6859],[126.0106,34.6824],[126.0144,34.6831]]],[[[126.1098,35.0162],[126.1119,35.0183],[126.1128,35.0201],[126.1124,35.0208],[126.1101,35.0213],[126.107,35.0193],[126.1086,35.0164],[126.1098,35.0162]]],[[[126.0172,34.9319],[126.0164,34.931],[126.0188,34.9277],[126.0209,34.9276],[126.0225,34.9289],[126.0219,34.9311],[126.0172,34.9319]]],[[[126.1705,35.1281],[126.1731,35.1295],[126.1729,35.1306],[126.171,35.1317],[126.1682,35.1312],[126.1656,35.1293],[126.1705,35.1281]]],[[[126.1496,35.0727],[126.1504,35.0745],[126.1478,35.0785],[126.1448,35.0784],[126.1457,35.0757],[126.1483,35.0731],[126.1496,35.0727]]],[[[125.8765,34.5956],[125.8749,34.5999],[125.8724,34.6008],[125.87,34.6006],[125.8715,34.5984],[125.8765,34.5956]]],[[[126.0202,34.9194],[126.0209,34.9224],[126.017,34.9253],[126.0143,34.9243],[126.0202,34.9194]]],[[[126.1326,35.0701],[126.1358,35.0708],[126.1303,35.0746],[126.1287,35.0719],[126.1326,35.0701]]],[[[126.1021,35.0099],[126.1034,35.0103],[126.104,35.0136],[126.1006,35.0151],[126.0999,35.0113],[126.1005,35.0103],[126.1021,35.0099]]],[[[126.0114,34.6567],[126.0157,34.6587],[126.0144,34.66],[126.0114,34.6601],[126.0088,34.6577],[126.0101,34.6564],[126.0114,34.6567]]],[[[126.3701,34.8625],[126.3728,34.8657],[126.3725,34.8673],[126.3702,34.8681],[126.3693,34.8679],[126.3691,34.8647],[126.3692,34.8629],[126.3701,34.8625]]],[[[126.1553,35.0752],[126.1554,35.0762],[126.1579,35.0777],[126.1562,35.0808],[126.1547,35.0805],[126.1534,35.0775],[126.1553,35.0752]]],[[[126.1537,35.0601],[126.1548,35.061],[126.1547,35.062],[126.1506,35.0654],[126.1486,35.0653],[126.1537,35.0601]]],[[[126.0088,34.9103],[126.0084,34.9112],[126.0021,34.9128],[126.0034,34.9089],[126.0088,34.9103]]],[[[125.0848,34.1191],[125.0821,34.1183],[125.0815,34.1174],[125.0865,34.1155],[125.0875,34.1171],[125.0848,34.1191]]],[[[126.173,34.9329],[126.172,34.933],[126.1718,34.9321],[126.175,34.9286],[126.1766,34.9288],[126.1766,34.9325],[126.173,34.9329]]],[[[126.0625,34.8291],[126.0643,34.8298],[126.0607,34.8319],[126.0599,34.834],[126.0585,34.8339],[126.058,34.8306],[126.0625,34.8291]]],[[[126.3499,34.8063],[126.3508,34.8067],[126.3507,34.8084],[126.3495,34.8098],[126.3471,34.8104],[126.3466,34.8071],[126.3499,34.8063]]],[[[126.0577,34.8424],[126.0587,34.8456],[126.0555,34.8461],[126.0541,34.8433],[126.055,34.8425],[126.0577,34.8424]]],[[[125.9551,34.6536],[125.9508,34.6534],[125.9551,34.6518],[125.9583,34.6519],[125.9596,34.6527],[125.9587,34.6536],[125.9551,34.6536]]],[[[125.4453,34.7267],[125.4505,34.7303],[125.4469,34.7305],[125.4439,34.7273],[125.4453,34.7267]]],[[[126.1693,34.9002],[126.1683,34.9],[126.1676,34.8985],[126.173,34.8957],[126.1731,34.8966],[126.1712,34.8993],[126.1698,34.8992],[126.1693,34.9002]]],[[[126.2212,35.0333],[126.2207,35.0349],[126.2212,35.0378],[126.2176,35.0379],[126.2173,35.0369],[126.2188,35.0346],[126.2212,35.0333]]],[[[126.3484,34.8759],[126.3487,34.8793],[126.3495,34.8803],[126.3484,34.8839],[126.3468,34.8814],[126.3484,34.8759]]],[[[126.0917,34.6399],[126.0926,34.6408],[126.0915,34.6429],[126.0877,34.6426],[126.0885,34.6403],[126.0917,34.6399]]],[[[126.2192,35.1263],[126.2203,35.1277],[126.2201,35.1343],[126.2189,35.1332],[126.2182,35.1276],[126.2192,35.1263]]],[[[125.9062,34.7849],[125.9055,34.786],[125.9033,34.787],[125.9031,34.7893],[125.9011,34.7889],[125.9009,34.7864],[125.9062,34.7849]]],[[[126.1866,34.5836],[126.1884,34.5847],[126.1882,34.586],[126.1859,34.5864],[126.1835,34.5855],[126.1829,34.5842],[126.1845,34.5832],[126.1866,34.5836]]],[[[125.9864,34.7361],[125.9894,34.7374],[125.9891,34.7387],[125.9873,34.74],[125.9862,34.7396],[125.9855,34.7378],[125.9855,34.7364],[125.9864,34.7361]]],[[[126.1992,34.9008],[126.1972,34.8997],[126.1975,34.8985],[126.2008,34.8981],[126.2026,34.9],[126.1992,34.9008]]],[[[126.276,34.9265],[126.278,34.9304],[126.2757,34.9307],[126.2744,34.929],[126.2751,34.9266],[126.276,34.9265]]],[[[126.1552,35.0692],[126.1566,35.0709],[126.1571,35.0744],[126.156,35.0751],[126.1545,35.0721],[126.1544,35.0697],[126.1552,35.0692]]],[[[125.8814,34.6186],[125.8769,34.6228],[125.8746,34.623],[125.8763,34.6211],[125.8814,34.6186]]],[[[126.0059,34.5878],[126.0062,34.5898],[126.0075,34.5908],[126.0065,34.5931],[126.0047,34.5921],[126.0044,34.59],[126.0049,34.5876],[126.0059,34.5878]]],[[[126.0377,35.0979],[126.0399,35.0985],[126.0403,35.1001],[126.0376,35.1017],[126.0366,35.0985],[126.0377,35.0979]]],[[[125.0954,34.1153],[125.0961,34.1165],[125.0945,34.1183],[125.0917,34.1144],[125.0925,34.1138],[125.0954,34.1153]]],[[[125.9528,34.7391],[125.9531,34.7401],[125.951,34.742],[125.9482,34.7417],[125.9487,34.7404],[125.9528,34.7391]]],[[[126.0949,34.635],[126.0962,34.6359],[126.096,34.637],[126.0939,34.639],[126.0927,34.6389],[126.0922,34.6378],[126.0949,34.635]]],[[[125.2991,34.455],[125.2978,34.4535],[125.3008,34.4507],[125.3016,34.4543],[125.2991,34.455]]],[[[126.043,34.5431],[126.0444,34.5437],[126.0421,34.5441],[126.0406,34.546],[126.0374,34.5452],[126.0397,34.5436],[126.043,34.5431]]],[[[126.215,35.0279],[126.2137,35.0321],[126.2108,35.0319],[126.2106,35.0311],[126.215,35.0279]]],[[[126.1968,34.5701],[126.1989,34.5709],[126.1981,34.5723],[126.1961,34.5724],[126.1934,34.5709],[126.1968,34.5701]]],[[[126.1874,34.6605],[126.1897,34.6619],[126.1898,34.6637],[126.1872,34.6633],[126.186,34.6611],[126.1874,34.6605]]],[[[126.1937,35.1173],[126.1945,35.1179],[126.1938,35.119],[126.1916,35.1207],[126.1907,35.1206],[126.1899,35.1189],[126.1937,35.1173]]],[[[125.9218,34.7818],[125.9221,34.7876],[125.9209,34.787],[125.9201,34.7835],[125.9208,34.7817],[125.9218,34.7818]]],[[[126.1148,35.0529],[126.1143,35.0546],[126.112,35.0552],[126.1108,35.0547],[126.1125,35.0524],[126.1148,35.0529]]],[[[125.4344,34.7442],[125.4311,34.7464],[125.4293,34.7466],[125.4285,34.7453],[125.4306,34.7441],[125.4344,34.7442]]],[[[126.2293,34.957],[126.2272,34.9557],[126.2273,34.9542],[126.2289,34.9538],[126.2305,34.9548],[126.2308,34.9558],[126.2293,34.957]]],[[[125.8659,34.6198],[125.8661,34.6212],[125.8643,34.6235],[125.8636,34.6233],[125.8628,34.6223],[125.863,34.6212],[125.8659,34.6198]]],[[[125.1997,34.7235],[125.2008,34.7235],[125.2016,34.7257],[125.1995,34.7263],[125.1986,34.7257],[125.1981,34.7233],[125.1997,34.7235]]],[[[126.1513,34.9288],[126.1501,34.9271],[126.1507,34.9261],[126.1548,34.9273],[126.1513,34.9288]]],[[[126.1677,34.8889],[126.1701,34.8907],[126.1681,34.8922],[126.1663,34.8905],[126.1677,34.8889]]],[[[126.2748,34.9467],[126.2729,34.946],[126.2728,34.9446],[126.2753,34.944],[126.277,34.9453],[126.2748,34.9467]]],[[[126.1331,35.0687],[126.132,35.067],[126.1332,35.0662],[126.1365,35.0681],[126.1331,35.0687]]],[[[126.1548,34.6745],[126.1552,34.6752],[126.1512,34.6784],[126.1506,34.6769],[126.1548,34.6745]]],[[[126.2757,34.9341],[126.2742,34.9337],[126.2736,34.9326],[126.277,34.9315],[126.277,34.9338],[126.2757,34.9341]]],[[[126.1228,35.0626],[126.1236,35.0648],[126.1217,35.0663],[126.1209,35.064],[126.1228,35.0626]]],[[[126.0397,34.7274],[126.0401,34.7293],[126.0391,34.731],[126.0374,34.7284],[126.0395,34.7265],[126.0397,34.7274]]],[[[125.8689,34.6132],[125.8695,34.6145],[125.8671,34.6177],[125.8673,34.6149],[125.8689,34.6132]]],[[[125.8382,34.5823],[125.8395,34.5826],[125.8399,34.5836],[125.8383,34.5854],[125.8368,34.5834],[125.8382,34.5823]]],[[[125.8854,34.6556],[125.8867,34.6564],[125.8866,34.6573],[125.8826,34.6574],[125.883,34.656],[125.8854,34.6556]]],[[[126.1998,34.566],[126.1997,34.5679],[126.199,34.5687],[126.1968,34.5683],[126.1976,34.5663],[126.1998,34.566]]],[[[126.2884,34.9202],[126.2915,34.922],[126.2916,34.923],[126.2888,34.9224],[126.2874,34.9208],[126.2884,34.9202]]],[[[125.9552,34.7996],[125.9545,34.7994],[125.9549,34.7976],[125.9582,34.7975],[125.9579,34.799],[125.9552,34.7996]]],[[[126.1795,34.9364],[126.1803,34.9388],[126.182,34.9398],[126.182,34.9407],[126.1784,34.9387],[126.1784,34.9365],[126.1795,34.9364]]],[[[126.1053,35.0168],[126.1043,35.0191],[126.1015,35.0187],[126.1016,35.0177],[126.1053,35.0168]]],[[[125.9711,34.8621],[125.9721,34.8645],[125.9675,34.8631],[125.9711,34.8621]]],[[[126.2109,34.6688],[126.2122,34.671],[126.2092,34.6714],[126.2094,34.669],[126.2109,34.6688]]],[[[125.2015,34.7116],[125.2027,34.7136],[125.202,34.7164],[125.2005,34.7116],[125.2015,34.7116]]],[[[125.885,34.7336],[125.8842,34.7364],[125.8828,34.7369],[125.8819,34.7354],[125.885,34.7336]]],[[[126.1243,34.9611],[126.1248,34.9633],[126.1233,34.9641],[126.1224,34.9636],[126.1222,34.962],[126.1243,34.9611]]],[[[126.0289,34.6706],[126.0294,34.672],[126.0255,34.6715],[126.0243,34.6705],[126.0289,34.6706]]],[[[125.9895,34.5912],[125.9902,34.5918],[125.9897,34.593],[125.9873,34.5935],[125.9876,34.5915],[125.9895,34.5912]]],[[[126.1499,35.1305],[126.1484,35.1301],[126.1489,35.128],[126.15,35.128],[126.1516,35.1299],[126.1499,35.1305]]],[[[126.2054,34.6349],[126.206,34.637],[126.2045,34.6383],[126.2038,34.6352],[126.2054,34.6349]]],[[[126.0509,34.7709],[126.0513,34.7716],[126.0501,34.7739],[126.049,34.774],[126.0487,34.7717],[126.0509,34.7709]]],[[[126.1575,34.8555],[126.1565,34.8585],[126.155,34.858],[126.1559,34.8558],[126.1575,34.8555]]],[[[126.0695,34.8234],[126.0702,34.8239],[126.0687,34.8251],[126.0688,34.8268],[126.0679,34.8268],[126.0668,34.8257],[126.0695,34.8234]]],[[[126.0813,34.8116],[126.082,34.8131],[126.0814,34.8146],[126.0804,34.8149],[126.0803,34.8126],[126.0813,34.8116]]],[[[125.8697,34.6014],[125.8691,34.6035],[125.8672,34.6038],[125.8689,34.6007],[125.8697,34.6014]]],[[[126.124,34.6107],[126.125,34.612],[126.1231,34.6131],[126.1224,34.6116],[126.124,34.6107]]],[[[126.0483,35.0957],[126.0472,35.0973],[126.045,35.0976],[126.0455,35.0962],[126.0483,35.0957]]],[[[126.2594,34.9035],[126.2583,34.9032],[126.2614,34.9024],[126.2641,34.9029],[126.2594,34.9035]]],[[[126.2927,34.8451],[126.2929,34.8473],[126.2948,34.8493],[126.2915,34.8468],[126.2917,34.8449],[126.2927,34.8451]]],[[[126.0854,34.8052],[126.087,34.8058],[126.0846,34.8073],[126.084,34.8063],[126.0854,34.8052]]],[[[126.2146,35.0341],[126.2153,35.0352],[126.2146,35.0363],[126.2123,35.035],[126.2146,35.0341]]],[[[126.2197,34.8913],[126.2225,34.8926],[126.2186,34.8932],[126.2197,34.8913]]],[[[126.1439,34.8181],[126.1433,34.8177],[126.1445,34.8164],[126.1461,34.8167],[126.1462,34.8179],[126.1439,34.8181]]],[[[126.1747,34.8225],[126.1739,34.8242],[126.1717,34.8242],[126.1717,34.8234],[126.1733,34.8224],[126.1747,34.8225]]],[[[126.0994,34.9986],[126.0964,34.9988],[126.0965,34.9975],[126.0987,34.9969],[126.0994,34.9986]]],[[[126.2762,34.912],[126.2772,34.914],[126.2751,34.9146],[126.2747,34.9141],[126.2762,34.912]]],[[[126.1554,35.0827],[126.1562,35.0846],[126.1544,35.0848],[126.1536,35.0839],[126.1554,35.0827]]],[[[126.1642,34.8897],[126.1639,34.8916],[126.1625,34.8925],[126.1624,34.8904],[126.1642,34.8897]]],[[[126.1169,34.948],[126.1174,34.9485],[126.1167,34.9494],[126.1149,34.9504],[126.1151,34.9491],[126.1169,34.948]]],[[[126.1808,34.8776],[126.1816,34.8783],[126.1809,34.8815],[126.1802,34.8784],[126.1808,34.8776]]],[[[126.3117,34.8414],[126.3114,34.8425],[126.3125,34.8438],[126.3099,34.8427],[126.3117,34.8414]]],[[[125.4398,34.7428],[125.4407,34.7435],[125.4375,34.7443],[125.4398,34.7428]]],[[[126.2719,34.9386],[126.2699,34.94],[126.2698,34.9411],[126.2688,34.9409],[126.27,34.939],[126.2726,34.9385],[126.2719,34.9386]]],[[[125.2038,34.7179],[125.2043,34.7206],[125.2028,34.7182],[125.2029,34.7174],[125.2038,34.7179]]]]}}]}